<?xml version="1.0" encoding="UTF-8"?>
<items>

<item>
<title>tvpappsports</title>
<fanart></fanart>
<thumbnail></thumbnail>
<link>$doregex[makelist]</link>
<regex>
<name>makelist</name>
<listrepeat><![CDATA[
<title>[makelist.param2]</title>
<link>[makelist.param4]</link>
<thumbnail>[makelist.param6]</thumbnail>
<fanart>[makelist.param6]</fanart>
]]></listrepeat>
<expres><![CDATA[(?s)id="(MLB|NFL|NCA|NBA)[^=]+="([^"]+).*?(ht[^"]+).*?(ht[^\n]+)]]></expres>
<page>https://raw.githubusercontent.com/Drewski2423/DrewLive/refs/heads/main/TheTVApp.m3u8</page>
</regex>
</item>

<item>
<title>PVRSports</title>
<fanart></fanart>
<thumbnail></thumbnail>
<link>$doregex[makelist]</link>
<regex>
<name>makelist</name>
<listrepeat><![CDATA[
<title>[COLOR gold][makelist.param4][/COLOR] - [makelist.param5]</title>
<link>$doregex[get-link]</link>
<thumbnail>[makelist.param6]</thumbnail>
<fanart></fanart>
]]></listrepeat>
<expres><![CDATA[(?i)(?s)programme start="([^"]+).[^"]+"([^"]+)+"[^"]+"([^"]+).*?en">(MLB|NFL[^<]+).*?en">([^<]+).*?<icon src="([^"]+)]]></expres>
<page>special://home/userdata/addon_data/plugin.program.iptv.merge/epg.xml</page>
</regex>
<regex>
<name>get-link</name>
<listrepeat><![CDATA[
<title>[COLOR gold][get-link.param3][/COLOR]</title>
<link>[get-link.param4]</link>
<thumbnail>[get-link.param2]</thumbnail>
<fanart></fanart>
]]></listrepeat>
<expres><![CDATA[(?i)(?s)tvg-id="([^"]+).*?="([^"]+).*?,([^\n]+).([^\n]+)]]></expres>
<page>special://home/userdata/addon_data/plugin.program.iptv.merge/playlist.m3u8</page>
</regex>
</item>

</items>

