<?xml version="1.0" encoding="UTF-8"?>
<items>

<items_info>
<title>livenewsnow</title>
<genre></genre>
<description></description>
<thumbnail>https://www.livenewsnow.com/wp-content/uploads/2019/02/logo.png</thumbnail>
<fanart>https://www.livenewsnow.com/wp-content/uploads/2019/02/logo.png</fanart>
</items_info>

<item>
<title>BBC News</title>
<fanart></fanart>
<link>$doregex[getstream]|User-Agent=Mozilla/5.0 (Windows NT 10.0) AppleWebKit/537.36 (KHTML, like Gecko) Chrome/64.0.3282.140 Safari/537.36 Edge/18.17763</link>
<regex>
<name>getstream</name>
<expres><![CDATA[playerInstance.setup\({[^"]*"([^"]*)]]></expres>
<page>https://www.livenewsnow.com/united-kingdom/bbc-news.html</page>
</regex>
</item>

<item>
<title>BBC World News</title>
<fanart></fanart>
<link>$doregex[getstream]|User-Agent=Mozilla/5.0 (Windows NT 10.0) AppleWebKit/537.36 (KHTML, like Gecko) Chrome/64.0.3282.140 Safari/537.36 Edge/18.17763</link>
<regex>
<name>getstream</name>
<expres><![CDATA[playerInstance.setup\({[^"]*"([^"]*)]]></expres>
<page>https://www.livenewsnow.com/united-kingdom/bbc-world-news.html</page>
</regex>
</item>

<item>
<title>CBC News</title>
<fanart></fanart>
<link>$doregex[getstream]|User-Agent=Mozilla/5.0 (Windows NT 10.0) AppleWebKit/537.36 (KHTML, like Gecko) Chrome/64.0.3282.140 Safari/537.36 Edge/18.17763</link>
<regex>
<name>getstream</name>
<expres><![CDATA[playerInstance.setup\({[^"]*"([^"]*)]]></expres>
<page>https://www.livenewsnow.com/canadian-news/cbc-news.html</page>
</regex>
</item>

<item>
<title>CNBC</title>
<fanart></fanart>
<link>$doregex[getstream]|User-Agent=Mozilla/5.0 (Windows NT 10.0) AppleWebKit/537.36 (KHTML, like Gecko) Chrome/64.0.3282.140 Safari/537.36 Edge/18.17763</link>
<regex>
<name>getstream</name>
<expres><![CDATA[playerInstance.setup\({[^"]*"([^"]*)]]></expres>
<page>https://www.livenewsnow.com/american/cnbc.html</page>
</regex>
</item>

<item>
<title>CNBC Nikkei</title>
<fanart></fanart>
<link>$doregex[getstream]|User-Agent=Mozilla/5.0 (Windows NT 10.0) AppleWebKit/537.36 (KHTML, like Gecko) Chrome/64.0.3282.140 Safari/537.36 Edge/18.17763</link>
<regex>
<name>getstream</name>
<expres><![CDATA[playerInstance.setup\({[^"]*"([^"]*)]]></expres>
<page>https://www.livenewsnow.com/business/nikkei-cnbc.html</page>
</regex>
</item>

<item>
<title>CNN</title>
<fanart></fanart>
<link>$doregex[getstream]|User-Agent=Mozilla/5.0 (Windows NT 10.0) AppleWebKit/537.36 (KHTML, like Gecko) Chrome/64.0.3282.140 Safari/537.36 Edge/18.17763</link>
<regex>
<name>getstream</name>
<expres><![CDATA[playerInstance.setup\({[^"]*"([^"]*)]]></expres>
<page>https://www.livenewsnow.com/american/cnn-live-streaming-free.html</page>
</regex>
</item>

<item>
<title>Fox Business</title>
<fanart></fanart>
<link>$doregex[getstream]</link>
<regex>
<name>getstream</name>
<expres><![CDATA[playerInstance.setup\({[^"]*"([^"]*)]]></expres>
<page>https://www.livenewsnow.com/business/fox-business-network-fbn.html</page>
</regex>
</item>

<item>
<title>Fox News</title>
<fanart></fanart>
<link>$doregex[getstream]|User-Agent=Mozilla/5.0 (Windows NT 10.0) AppleWebKit/537.36 (KHTML, like Gecko) Chrome/64.0.3282.140 Safari/537.36 Edge/18.17763</link>
<regex>
<name>getstream</name>
<expres><![CDATA[playerInstance.setup\({[^"]*"([^"]*)]]></expres>
<page>https://www.livenewsnow.com/american/fox-news-channel.html</page>
</regex>
</item>

<item>
<title>HLN</title>
<fanart></fanart>
<link>$doregex[getstream]|User-Agent=Mozilla/5.0 (Windows NT 10.0) AppleWebKit/537.36 (KHTML, like Gecko) Chrome/64.0.3282.140 Safari/537.36 Edge/18.17763</link>
<regex>
<name>getstream</name>
<expres><![CDATA[playerInstance.setup\({[^"]*"([^"]*)]]></expres>
<page>https://www.livenewsnow.com/american/hln.html</page>
</regex>
</item>

<item>
<title>MSNBC</title>
<fanart></fanart>
<link>$doregex[getstream]|User-Agent=Mozilla/5.0 (Windows NT 10.0) AppleWebKit/537.36 (KHTML, like Gecko) Chrome/64.0.3282.140 Safari/537.36 Edge/18.17763</link>
<regex>
<name>getstream</name>
<expres><![CDATA[playerInstance.setup\({[^"]*"([^"]*)]]></expres>
<page>https://www.livenewsnow.com/featured/msnbc.html</page>
</regex>
</item>

<item>
<title>One America News</title>
<fanart></fanart>
<link>$doregex[getstream]|User-Agent=Mozilla/5.0 (Windows NT 10.0) AppleWebKit/537.36 (KHTML, like Gecko) Chrome/64.0.3282.140 Safari/537.36 Edge/18.17763</link>
<regex>
<name>getstream</name>
<expres><![CDATA[playerInstance.setup\({[^"]*"([^"]*)]]></expres>
<page>https://www.livenewsnow.com/american/one-america-news.html</page>
</regex>
</item>

<item>
<title>SKY News</title>
<fanart></fanart>
<link>$doregex[getstream]|User-Agent=Mozilla/5.0 (Windows NT 10.0) AppleWebKit/537.36 (KHTML, like Gecko) Chrome/64.0.3282.140 Safari/537.36 Edge/18.17763</link>
<regex>
<name>getstream</name>
<expres><![CDATA[playerInstance.setup\({[^"]*"([^"]*)]]></expres>
<page>https://www.livenewsnow.com/united-kingdom/sky-news-hd.html</page>
</regex>
</item>

</items>
