<?xml version="1.0" encoding="UTF-8"?>
<items>

<item>
<title>North East</title>
<thumbnail>https://cdn.star.nesdis.noaa.gov/GOES19/ABI/SECTOR/ne/GEOCOLOR/20252331611_GOES19-ABI-ne-GEOCOLOR-300x300.jpg</thumbnail>
<fanart></fanart>
<link>https://cdn.star.nesdis.noaa.gov/GOES19/ABI/SECTOR/ne/GEOCOLOR/20252331116-20252331511-GOES19-ABI-NE-GEOCOLOR-600x600.gif</link>
</item>

<item>
<title>East Coast</title>
<thumbnail>https://cdn.star.nesdis.noaa.gov/GOES19/ABI/SECTOR/eus/GEOCOLOR/20252331541_GOES19-ABI-eus-GEOCOLOR-250x250.jpg</thumbnail>
<fanart></fanart>
<link>https://cdn.star.nesdis.noaa.gov/GOES16/ABI/GIFS/GOES16-EUS-13-1000x1000.gif</link>
</item>

<item>
<title>South East</title>
<thumbnail>https://cdn.star.nesdis.noaa.gov/GOES19/ABI/SECTOR/se/GEOCOLOR/20252331521_GOES19-ABI-se-GEOCOLOR-300x300.jpg</thumbnail>
<fanart></fanart>
<link>https://cdn.star.nesdis.noaa.gov/GOES19/ABI/SECTOR/se/GEOCOLOR/20252331006-20252331401-GOES19-ABI-SE-GEOCOLOR-600x600.gif</link>
</item>

<item>
<title>Tropical Atlantic</title>
<thumbnail>https://cdn.star.nesdis.noaa.gov/GOES19/ABI/SECTOR/taw/GEOCOLOR/20252331510_GOES19-ABI-taw-GEOCOLOR-450x270.jpg</thumbnail>
<fanart></fanart>
<link>https://cdn.star.nesdis.noaa.gov/GOES19/ABI/SECTOR/taw/GEOCOLOR/20252330550-20252331340-GOES19-ABI-TAW-GEOCOLOR-900x540.gif</link>
</item>

<item>
<title>Caribbean</title>
<thumbnail>https://cdn.star.nesdis.noaa.gov/GOES19/ABI/SECTOR/car/GEOCOLOR/20252331510_GOES19-ABI-car-GEOCOLOR-250x250.jpg</thumbnail>
<fanart></fanart>
<link>https://cdn.star.nesdis.noaa.gov/GOES16/ABI/GIFS/GOES16-CAR-GEOCOLOR-1000x1000.gif</link>
</item>

<item>
<title>Gulf of America</title>
<thumbnail>https://cdn.star.nesdis.noaa.gov/GOES19/ABI/SECTOR/ga/GEOCOLOR/20252331526_GOES19-ABI-ga-GEOCOLOR-250x250.jpg</thumbnail>
<fanart></fanart>
<link>https://cdn.star.nesdis.noaa.gov/GOES19/ABI/SECTOR/ga/GEOCOLOR/20252331001-20252331356-GOES19-ABI-GA-GEOCOLOR-1000x1000.gif</link>
</item>

<item>
<title>West</title>
<thumbnail>https://cdn.star.nesdis.noaa.gov/GOES18/ABI/SECTOR/gwas/GEOCOLOR/20252331600_GOES18-ABI-gwas-GEOCOLOR-450x270.jpg</thumbnail>
<fanart></fanart>
<link>https://cdn.star.nesdis.noaa.gov/GOES18/ABI/SECTOR/gwas/GEOCOLOR/20252330750-20252331540-GOES18-ABI-GWAS-GEOCOLOR-900x540.gif</link>
</item>

<item>
<title>North and Canada</title>
<thumbnail>https://cdn.star.nesdis.noaa.gov/GOES19/ABI/SECTOR/can/GEOCOLOR/20252331610_GOES19-ABI-can-GEOCOLOR-280x140.jpg</thumbnail>
<fanart></fanart>
<link>https://cdn.star.nesdis.noaa.gov/GOES19/ABI/SECTOR/can/GEOCOLOR/20252330800-20252331550-GOES19-ABI-CAN-GEOCOLOR-1125x560.gif</link>
</item>

<item>
<title>Great Lakes</title>
<thumbnail>https://cdn.star.nesdis.noaa.gov/GOES19/ABI/SECTOR/cgl/GEOCOLOR/20252331616_GOES19-ABI-cgl-GEOCOLOR-300x300.jpg</thumbnail>
<fanart></fanart>
<link>https://cdn.star.nesdis.noaa.gov/GOES19/ABI/SECTOR/cgl/GEOCOLOR/20252331201-20252331556-GOES19-ABI-CGL-GEOCOLOR-600x600.gif</link>
</item>

</items>
