<keymap>
  <Global>
    <keyboard>
      <rewind>PageUp</rewind>
      <fastforward>PageDown</fastforward>
    </keyboard>
  </Global>
  <visualisation>
    <keyboard>
      <up>volumeup</up>
      <down>volumedown</down>
      <down mod="longpress">Mute</down>
    </keyboard>
  </visualisation>
  <FullscreenVideo>
    <keyboard>
      <up>volumeup</up>
      <down>volumedown</down>
      <down mod="longpress">Mute</down>
      <menu>Back</menu>
      <menu mod="longpress">RunScript(&quot;special://home/addons/plugin.program.magicdust/magic/iptvcat2.py&quot;)</menu>
      <backspace mod="longpress">RunScript(&quot;special://home/addons/plugin.program.magicdust/magic/iptvcat2.py&quot;)</backspace>
    </keyboard>
  </FullscreenVideo>  
  <videoosd>
    <keyboard>
      <up>Up</up>
      <down>Down</down>
    </keyboard>
  </videoosd>
  <FullscreenLiveTV>
    <keyboard>
      <up>VolumeUp</up>
      <down>VolumeDown</down>
      <down mod="longpress">Mute</down>
      <left>Number0</left>
      <right>Number0</right>
      <rewind>Number0</rewind>
      <fastforward>ActivateWindow(Rss)</fastforward>
      <menu mod="longpress">RunScript(&quot;special://home/addons/plugin.program.magicdust/magic/iptvcat2.py&quot;)</menu>
      <backspace mod="longpress">RunScript(&quot;special://home/addons/plugin.program.magicdust/magic/iptvcat2.py&quot;)</backspace>
      <menu>ActivateWindow(pvrosdchannels)</menu>
      <select mod="longpress">SendClick(1002)</select>
      <play_pause>ActivateWindow(pvrchannelguide)</play_pause>
    </keyboard>
  </FullscreenLiveTV>
  <pvrosdchannels>
    <keyboard>
      <menu mod="longpress">RunScript(&quot;special://home/addons/plugin.program.magicdust/magic/iptvcat2.py&quot;)</menu>
      <backspace mod="longpress">RunScript(&quot;special://home/addons/plugin.program.magicdust/magic/iptvcat2.py&quot;)</backspace>
    </keyboard>
  </pvrosdchannels>
  <tvchannels>
    <keyboard>
      <menu>SendClick(28)</menu>
    </keyboard>
  </tvchannels>
  <FullscreenRadio>
    <keyboard>
      <up>VolumeUp</up>
      <down>VolumeDown</down>
      <down mod="longpress">Mute</down>
      <left>Number0</left>
      <right>Number0</right>
      <rewind>Number0</rewind>
      <fastforward>Number0</fastforward>
      <menu>ActivateWindow(pvrosdchannels)</menu>
    </keyboard>
  </FullscreenRadio>
  <TVGuide>
    <keyboard>
      <menu>SendClick(28)</menu>
      <rewind>PageUp</rewind>
      <fastforward>PageDown</fastforward>
      <play_pause>ActivateWindow(contextmenu)</play_pause>
      <play mod="longpress">SendClick(1002)</play>
      <menu mod="longpress">RunScript(&quot;special://home/addons/plugin.program.magicdust/magic/iptvcat2.py&quot;)</menu>
      <backspace mod="longpress">RunScript(&quot;special://home/addons/plugin.program.magicdust/magic/iptvcat2.py&quot;)</backspace>
    </keyboard>
  </TVGuide>
  <VideoOSD>
    <keyboard>
      <down mod="longpress">Mute</down>
    </keyboard>
  </VideoOSD>
  <Home>
    <keyboard>
      <backspace>Left&amp;Stop</backspace>
      <backspace mod="longpress">ActivateWindow(favouritesbrowser)</backspace>
      <menu>ActivateWindow(TVGuide)</menu>
      <menu mod="longpress">ActivateWindow(addonbrowser)</menu>
      <play_pause>Fullscreen</play_pause>
      <rewind mod="longpress">ActivateWindow(10025,&quot;plugin://plugin.video.daddylive/?mode=menu&amp;serv_type=sched&quot;,return)</rewind>
      <play_pause mod="longpress">RunAddon("plugin.video.the-loop")</play_pause>
      <fastforward mod="longpress">ActivateWindow(10025,&quot;plugin://plugin.video.madtitansports/get_list/https://magnetic.website/MAD_TITAN_SPORTS/SPORTS/sports.json&quot;,return)</fastforward>
    </keyboard>
  </Home>
  <Videos>
    <keyboard>
    </keyboard>
  </Videos>
</keymap>