<keymap>
  <Global>
    <keyboard>
      <rewind>PageUp</rewind>
      <fastforward>PageDown</fastforward>
    </keyboard>
  </Global>
  <visualisation>
    <keyboard>
      <up>volumeup</up>
      <down>volumedown</down>
      <down mod="longpress">Mute</down>
    </keyboard>
  </visualisation>
  <FullscreenVideo>
    <keyboard>
      <up>volumeup</up>
      <down>volumedown</down>
      <down mod="longpress">Mute</down>
      <play_pause>Back</play_pause>
      <play_pause mod="longpress">RunScript(&quot;special://home/addons/plugin.program.magicdust/magic/iptvcat2.py&quot;)</play_pause>
      <backspace mod="longpress">RunScript(&quot;special://home/addons/plugin.program.magicdust/magic/iptvcat2.py&quot;)</backspace>
    </keyboard>
  </FullscreenVideo>
  <videoosd>
    <keyboard>
      <up>Up</up>
      <down>Down</down>
    </keyboard>
  </videoosd>
  <FullscreenLiveTV>
    <keyboard>
      <up>VolumeUp</up>
      <down>VolumeDown</down>
      <down mod="longpress">Mute</down>
      <left>Number0</left>
      <right>Number0</right>
      <backspace mod="longpress">RunScript(&quot;special://home/addons/plugin.program.magicdust/magic/iptvcat2.py&quot;)</backspace>
      <select mod="longpress">SendClick(1002)</select>
    </keyboard>
  </FullscreenLiveTV>
  <pvrosdchannels>
    <keyboard>
      <play_pause>SendClick(28)</play_pause>
      <play_pause mod="longpress">RunScript(&quot;special://home/addons/plugin.program.magicdust/magic/iptvcat2.py&quot;)</play_pause>
      <backspace mod="longpress">RunScript(&quot;special://home/addons/plugin.program.magicdust/magic/iptvcat2.py&quot;)</backspace>
    </keyboard>
  </pvrosdchannels>
  <tvchannels>
    <keyboard>
      <play_pause>SendClick(28)</play_pause>
    </keyboard>
  </tvchannels>
  <FullscreenRadio>
    <keyboard>
      <up>VolumeUp</up>
      <down>VolumeDown</down>
      <down mod="longpress">Mute</down>
      <left>Number0</left>
      <right>Number0</right>
    </keyboard>
  </FullscreenRadio>
  <TVGuide>
    <keyboard>
      <play_pause>SendClick(28)</play_pause>
      <play_pause mod="longpress">RunScript(&quot;special://home/addons/plugin.program.magicdust/magic/iptvcat2.py&quot;)</play_pause>
      <backspace mod="longpress">RunScript(&quot;special://home/addons/plugin.program.magicdust/magic/iptvcat2.py&quot;)</backspace>
    </keyboard>
  </TVGuide>
  <VideoOSD>
    <keyboard>
      <down mod="longpress">Mute</down>
    </keyboard>
  </VideoOSD>
  <Home>
    <keyboard>
      <backspace>Left&amp;Stop</backspace>
      <backspace mod="longpress">ActivateWindow(TVGuide)</backspace>
      <play_pause>ActivateWindow(TVGuide)</play_pause>
      <play_pause mod="longpress">ActivateWindow(addonbrowser)</play_pause>
    </keyboard>
  </Home>
  <Videos>
    <keyboard>
    </keyboard>
  </Videos>
</keymap>