<?xml version='1.0' encoding='UTF-8'?>
<shortcuts>
	<shortcut>
		<defaultID>22020</defaultID>
		<label>22020</label>
		<label2>Live TV</label2>
		<icon>special://skin/extras/icons/tvguide.png</icon>
		<thumb>special://home/userdata/addon_data/icons/tvguide.jpg</thumb>
		<action>ActivateWindow(TVGuide)</action>
	</shortcut>
	<shortcut>
		<defaultID>script.module.tt</defaultID>
		<label> TvTap</label>
		<label2>Video Add-On</label2>
		<icon>DefaultShortcut.png</icon>
		<thumb>image://%2fstorage%2femulated%2f0%2fAndroid%2fdata%2forg.xbmc.kodi%2ffiles%2f.kodi%2faddons%2fscript.module.tt%2ficon.png/</thumb>
		<action>ActivateWindow(Videos,"plugin://script.module.tt",return)</action>
	</shortcut>
	<shortcut>
		<defaultID />
		<label>UsTVGo</label>
		<label2>Video Add-On</label2>
		<icon>DefaultShortcut.png</icon>
		<thumb>special://home/userdata/addon_data/icons/ustvgo.jpg</thumb>
		<action>ActivateWindow(Videos,"plugin://plugin.video.temptv/?action=ustvgoNavigator",return)</action>
	</shortcut>
	<shortcut>
		<defaultID />
		<label>Arconai</label>
		<label2>Video Add-On</label2>
		<icon>DefaultShortcut.png</icon>
		<thumb>special://home/addons/plugin.video.arctv/icon.png</thumb>
		<action>ActivateWindow(Videos,"plugin://plugin.video.arctv/?mode=cable",return)</action>
	</shortcut>
	<shortcut>
		<defaultID />
		<label>Swiftstreamz</label>
		<label2>Video Add-On</label2>
		<icon>DefaultShortcut.png</icon>
		<thumb>special://home/addons/script.module.swiftstreamz/icon.png</thumb>
		<action>ActivateWindow(Videos,"plugin://plugin.video.thecrew/?action=swiftCat&amp;url=5",return)</action>
	</shortcut>
	<shortcut>
		<defaultID>plugin.video.tvone11</defaultID>
		<label>Mobdro</label>
		<label2>Video Add-On</label2>
		<icon>DefaultShortcut.png</icon>
		<thumb>special://home/userdata/addon_data/icons/mobdro.png</thumb>
		<action>ActivateWindow(Videos,"plugin://plugin.video.tvone11",return)</action>
	</shortcut>
	<shortcut>
		<defaultID>plugin.video.tvone111</defaultID>
		<label>RedBox</label>
		<label2>Video Add-On</label2>
		<icon>DefaultShortcut.png</icon>
		<thumb>image://https%3a%2f%2fgithub.com%2fKodi-Ghost%2fapparitions%2fraw%2fmaster%2ffiles%2fredbox.png/</thumb>
		<action>ActivateWindow(Videos,"plugin://plugin.video.tvone111",return)</action>
	</shortcut>
	<shortcut>
		<defaultID />
		<label>Fluxus</label>
		<label2>Video Add-On</label2>
		<icon>DefaultShortcut.png</icon>
		<thumb>special://home/userdata/addon_data/icons/Fluxus-TV.png</thumb>
		<action>ActivateWindow(Videos,"plugin://plugin.video.live.streamspro/?url=https%3A%2F%2Fpastebin.com%2Fraw%2FZzGTySZE&amp;mode=1&amp;name=Fluxus&amp;fanart=https%3A%2F%2F3.bp.blogspot.com%2F-DyYQANZ_Fqw%2FWZ3_DPejZ4I%2FAAAAAAAAA4M%2FL0lLQ8OfmhcQANdpMX2fDGhYR_RUqmk6wCLcBGAs%2Fs320%2FFIPTVLaunch.png",return)</action>
	</shortcut>
	<shortcut>
		<defaultID />
		<label>iptv-org</label>
		<label2>Video Add-On</label2>
		<icon>DefaultShortcut.png</icon>
		<thumb>special://home/userdata/addon_data/icons/iptv.png</thumb>
		<action>ActivateWindow(Videos,"plugin://plugin.video.live.streamspro/?url=%2Fstorage%2Femulated%2F0%2FDownload%2Fiptvorg.xml&amp;mode=1&amp;name=iptv-org&amp;fanart=%2Fstorage%2Femulated%2F0%2FAndroid%2Fdata%2Forg.xbmc.kodi%2Ffiles%2F.kodi%2Faddons%2Fplugin.video.live.streamspro%2Ffanart.jpg",return)</action>
	</shortcut>
	<shortcut>
		<defaultID>plugin.video.live.streamspro</defaultID>
		<label>LiveStreamsPro</label>
		<label2>Video Add-On</label2>
		<icon>DefaultShortcut.png</icon>
		<thumb>image://%2fstorage%2femulated%2f0%2fAndroid%2fdata%2forg.xbmc.kodi%2ffiles%2f.kodi%2faddons%2fplugin.video.live.streamspro%2ficon.png/</thumb>
		<action>ActivateWindow(Videos,"plugin://plugin.video.live.streamspro",return)</action>
	</shortcut>
	<shortcut>
		<defaultID />
		<label>WEB TV</label>
		<label2>Program</label2>
		<icon>DefaultShortcut.png</icon>
		<thumb>special://home/addons/pvr.iptvsimple/icon.png</thumb>
		<action>ActivateWindow(Programs,"plugin://plugin.program.super.favourites/?label=WEB+TV&amp;mode=400&amp;path=special%3A%2F%2Fprofile%2Faddon_data%2Fplugin.program.super.favourites%2FSuper+Favourites%2FLiveTV%2FWEB+TV&amp;image=special%3A%2F%2Fhome%2Faddons%2Fscript.module.hg%2Ficon.png&amp;fanart=NULL",return)</action>
	</shortcut>
	<shortcut>
		<defaultID>19020</defaultID>
		<label>Guide Settings</label>
		<label2>Settings</label2>
		<icon>PVRSettings.png</icon>
		<thumb>special://skin/extras/icons/addons.png</thumb>
		<action>ActivateWindow(PVRSettings)</action>
	</shortcut>
</shortcuts>
