<?xml version='1.0' encoding='UTF-8'?>
<shortcuts>
	<shortcut>
		<defaultID>137</defaultID>
		<label>137</label>
		<label2>Live TV</label2>
		<icon>special://skin/extras/icons/tv.png</icon>
		<thumb>special://skin/extras/icons/tv-search.png</thumb>
		<action>ActivateWindow(TVSearch)</action>
	</shortcut>
	<shortcut>
		<defaultID>22020</defaultID>
		<label>22020</label>
		<label2>Live TV</label2>
		<icon>special://skin/extras/icons/tvguide.png</icon>
		<thumb>special://skin/extras/icons/tv.png</thumb>
		<action>ActivateWindow(TVGuide)</action>
	</shortcut>
	<shortcut>
		<defaultID>19019</defaultID>
		<label>19019</label>
		<label2>Live TV</label2>
		<icon>special://skin/extras/icons/tv.png</icon>
		<thumb>special://skin/extras/icons/tvguide.png</thumb>
		<action>ActivateWindow(TVChannels)</action>
	</shortcut>
	<shortcut>
		<defaultID>mylists3</defaultID>
		<label>Addons</label>
		<label2>Custom item</label2>
		<icon>special://skin/extras/icons/clipboard.png</icon>
		<thumb>special://skin/extras/icons/addon.png</thumb>
		<action>ActivateWindow(1107,return)</action>
	</shortcut>
	<shortcut>
		<defaultID />
		<label>Antenna</label>
		<label2>Custom item</label2>
		<icon>DefaultShortcut.png</icon>
		<thumb>special://skin/extras/icons/antenna.png</thumb>
		<action>ActivateWindow(Videos,"plugin://plugin.video.hdhomerun.simple/?url=192.168.1.3&amp;mode=1&amp;name=Live",return)</action>
	</shortcut>
</shortcuts>
