<?xml version='1.0' encoding='UTF-8'?>
<shortcuts>
	<shortcut>
		<defaultID />
		<label>Broadcast</label>
		<label2>Video Source</label2>
		<icon>DefaultShortcut.png</icon>
		<thumb />
		<action>ActivateWindow(Videos,"pvr://channels/tv/Fav/",return)</action>
	</shortcut>
	<shortcut>
		<defaultID />
		<label>Cable</label>
		<label2>Video Source</label2>
		<icon>DefaultShortcut.png</icon>
		<thumb />
		<action>ActivateWindow(Videos,"pvr://channels/tv/Fav2/",return)</action>
	</shortcut>
</shortcuts>
