<?xml version='1.0' encoding='UTF-8'?>
<shortcuts>
	<shortcut>
		<defaultID>22020</defaultID>
		<label>22020</label>
		<label2>Live TV</label2>
		<icon>special://skin/extras/icons/tvguide.png</icon>
		<thumb>special://home/userdata/addon_data/icons/tvguide.jpg</thumb>
		<action>ActivateWindow(TVGuide)</action>
	</shortcut>
	<shortcut>
		<defaultID>script.module.tt</defaultID>
		<label> TvTap</label>
		<label2>Video Add-On</label2>
		<icon>DefaultShortcut.png</icon>
		<thumb>image://%2fstorage%2femulated%2f0%2fAndroid%2fdata%2forg.xbmc.kodi%2ffiles%2f.kodi%2faddons%2fscript.module.tt%2ficon.png/</thumb>
		<action>ActivateWindow(Videos,"plugin://script.module.tt",return)</action>
	</shortcut>
	<shortcut>
		<defaultID />
		<label>UsTVGo</label>
		<label2>Video Add-On</label2>
		<icon>DefaultShortcut.png</icon>
		<thumb>special://home/userdata/addon_data/icons/ustvgo.jpg</thumb>
		<action>ActivateWindow(Videos,"plugin://plugin.video.temptv/?action=ustvgoNavigator",return)</action>
	</shortcut>
	<shortcut>
		<defaultID />
		<label>IPTV</label>
		<label2>Video Add-On</label2>
		<icon>DefaultShortcut.png</icon>
		<thumb>special://home/userdata/addon_data/icons/magic.png</thumb>
		<action>ActivateWindow(Videos,"plugin://plugin.video.live.streamspro/?url=https%3A%2F%2Fraw.githubusercontent.com%2FMagic-Dust%2FMagicDust%2Fmaster%2FIPTV.xml&amp;mode=1&amp;name=IPTV&amp;fanart=http%3A%2F%2Fsaved.im%2Fmtg4nda2znr0%2Fimg_iptv_logo.png",return)</action>
	</shortcut>
	<shortcut>
		<defaultID />
		<label>reddit</label>
		<label2>Custom item</label2>
		<icon>DefaultShortcut.png</icon>
		<thumb>special://home/userdata/addon_data/icons/reddit_awesome_face_postcards-r49ce80215dfe4c5b8969e66aab2d3513_vgbaq_8byvr_512.jpg</thumb>
		<action>ActivateWindow(Videos,"plugin://plugin.video.live.streamspro/?url=%2Fstorage%2Femulated%2F0%2FAndroid%2Fdata%2Forg.xbmc.kodi%2Ffiles%2F.kodi%2Fuserdata%2Faddon_data%2Fplugin.video.live.streamspro%2FMagicDust%2Freddit.xml&amp;mode=1&amp;name=reddit&amp;fanart=%2Fstorage%2Femulated%2F0%2FAndroid%2Fdata%2Forg.xbmc.kodi%2Ffiles%2F.kodi%2Faddons%2Fplugin.video.live.streamspro%2Ffanart.jpg",return)</action>
	</shortcut>
	<shortcut>
		<defaultID />
		<label>Yoursports</label>
		<label2>Custom item</label2>
		<icon>DefaultShortcut.png</icon>
		<thumb>special://home/userdata/addon_data/icons/yoursports.png</thumb>
		<action>ActivateWindow(Videos,"plugin://plugin.video.live.streamspro/?url=%24doregex%5Bmakelist%5D&amp;mode=17&amp;regexs=%7Bu%27getUrl%27%3A%20%7B%27expres%27%3A%20u%27%23%24pyFunction%5Cr%5Cnimport%20re%2Crequests%5Cr%5Cndef%20GetLSProData%28page_data%2C%20Cookie_Jar%2Cm%29%3A%23streamwatcher%5Cr%5Cn%20%20url%3D%5C%27http%3A//yoursports.stream%5C%27%2Bre.findall%28%5C%27id%3Dplayframe.%2B%3Fsrc%3D%22%28%5B%5E%22%5D%2B%29%5C%27%2Cpage_data%29%5B0%5D%5Cr%5Cn%20%20source%3Drequests.get%28url%2Cheaders%3D%7B%5C%27user-agent%5C%27%3A%5C%27Mozilla/5.0%5C%27%2C%5C%27referer%5C%27%3A%5C%27http%3A//yoursports.stream/live%3Fv%3D%5Bmakelist.param2%5D%5C%27%7D%29.content%5Cr%5Cn%20%20return%20re.findall%28%5C%27atob.%5B%5C%5C%5C%27%22%5D%28%5B%5E%5C%5C%5C%27%22%5D%2B%29%5C%27%2Csource%29%5B0%5D.decode%28%5C%27base64%5C%27%29%2B%5C%27%7Cuser-agent%3Dipad%26referer%3D%5C%27%2Burl%5Cr%5Cn%27%2C%20%27referer%27%3A%20u%27http%3A//yoursports.stream%27%2C%20%27name%27%3A%20u%27getUrl%27%2C%20%27page%27%3A%20u%27http%3A//yoursports.stream/live%3Fv%3D%5Bmakelist.param2%5D%27%7D%2C%20u%27makelist%27%3A%20%7B%27listrepeat%27%3A%20u%27%5Cr%5Cn%20%20%3Ctitle%3E%5BCOLOR%20gold%5D%5Bmakelist.param1%5D%5B/COLOR%5D%3C/title%3E%5Cr%5Cn%20%20%3Clink%3E%24doregex%5BgetUrl%5D%3C/link%3E%5Cr%5Cn%20%20%3Cthumbnail%3E%3C/thumbnail%3E%5Cr%5Cn%27%2C%20%27expres%27%3A%20u%27%23%24pyFunction%5Cr%5Cnimport%20re%2Crequests%5Cr%5Cndef%20GetLSProData%28page_data%2CCookie_Jar%2Cm%29%3A%5Cr%5Cn%20%20url%3D%5C%27http%3A//yoursports.stream/games.js%3Fx%3D%5C%27%2Bre.findall%28%5C%27src%3D%22%28/games.js%5B%5E%22%5D%2B%29%5C%27%2Cpage_data%29%5B0%5D%5Cr%5Cn%20%20source%3Drequests.get%28url%2Cheaders%3D%7B%5C%27user-agent%5C%27%3A%5C%27Mozilla/5.0%5C%27%2C%5C%27referer%5C%27%3A%5C%27http%3A//yoursports.stream%5C%27%2C%5C%27accept%5C%27%3A%5C%27%2A/%2A%5C%27%7D%29.content%5Cr%5Cn%20%20return%20re.findall%28%5C%27%7Bchan%3A.%28%5B%5E%5C%5C%5C%27%22%5D%2B%29..url%3A.%28%5B%5E%5C%5C%5C%27%22%5D%2B%29%5C%27%2Csource%29%5Cr%5Cn%27%2C%20%27name%27%3A%20u%27makelist%27%2C%20%27page%27%3A%20u%27http%3A//yoursports.stream%27%7D%7D",return)</action>
	</shortcut>
	<shortcut>
		<defaultID />
		<label>Swiftstreamz</label>
		<label2>Video Add-On</label2>
		<icon>DefaultShortcut.png</icon>
		<thumb>special://home/addons/script.module.swiftstreamz/icon.png</thumb>
		<action>ActivateWindow(Videos,"plugin://plugin.video.thecrew/?action=swiftCat&amp;url=5",return)</action>
	</shortcut>
	<shortcut>
		<defaultID />
		<label>ArconaiTV</label>
		<label2>Video Add-On</label2>
		<icon>DefaultShortcut.png</icon>
		<thumb>special://home/addons/plugin.video.arconaitv/icon.png</thumb>
		<action>ActivateWindow(Videos,"plugin://plugin.video.arconaitv/?mode=cable",return)</action>
	</shortcut>
	<shortcut>
		<defaultID>plugin.video.tvone11</defaultID>
		<label>Mobdro</label>
		<label2>Video Add-On</label2>
		<icon>DefaultShortcut.png</icon>
		<thumb>special://home/userdata/addon_data/icons/mobdro.png</thumb>
		<action>ActivateWindow(Videos,"plugin://plugin.video.tvone11",return)</action>
	</shortcut>
	<shortcut>
		<defaultID>plugin.video.tvone111</defaultID>
		<label>RedBox</label>
		<label2>Video Add-On</label2>
		<icon>DefaultShortcut.png</icon>
		<thumb>image://https%3a%2f%2fgithub.com%2fKodi-Ghost%2fapparitions%2fraw%2fmaster%2ffiles%2fredbox.png/</thumb>
		<action>ActivateWindow(Videos,"plugin://plugin.video.tvone111",return)</action>
	</shortcut>
	<shortcut>
		<defaultID />
		<label>Sports24-club</label>
		<label2>Custom item</label2>
		<icon>DefaultShortcut.png</icon>
		<thumb>special://home/userdata/addon_data/icons/cartoon_tooth_fairy_greeting_card-r605188d7a9af45dfba89aa9efb9f80aa_xvuak_8byvr_512[1]bbbb.jpg</thumb>
		<action>ActivateWindow(Videos,"plugin://plugin.video.live.streamspro/?url=%2Fstorage%2Femulated%2F0%2FAndroid%2Fdata%2Forg.xbmc.kodi%2Ffiles%2F.kodi%2Fuserdata%2Faddon_data%2Fplugin.video.live.streamspro%2FMagicDust%2Fsports24-club.xml&amp;mode=1&amp;name=sports24-club&amp;fanart=%2Fstorage%2Femulated%2F0%2FAndroid%2Fdata%2Forg.xbmc.kodi%2Ffiles%2F.kodi%2Faddons%2Fplugin.video.live.streamspro%2Ffanart.jpg",return)</action>
	</shortcut>
	<shortcut>
		<defaultID />
		<label>Easyview</label>
		<label2>Custom item</label2>
		<icon>DefaultShortcut.png</icon>
		<thumb>special://home/userdata/addon_data/icons/UKTV_logo.png</thumb>
		<action>ActivateWindow(Videos,"plugin://plugin.video.live.streamspro/?url=%2Fstorage%2Femulated%2F0%2FAndroid%2Fdata%2Forg.xbmc.kodi%2Ffiles%2F.kodi%2Fuserdata%2Faddon_data%2Fplugin.video.live.streamspro%2FMagicDust%2Feasyview.xml&amp;mode=1&amp;name=easyview&amp;fanart=%2Fstorage%2Femulated%2F0%2FAndroid%2Fdata%2Forg.xbmc.kodi%2Ffiles%2F.kodi%2Faddons%2Fplugin.video.live.streamspro%2Ffanart.jpg",return)</action>
	</shortcut>
</shortcuts>
