<?xml version='1.0' encoding='UTF-8'?>
<shortcuts>
	<shortcut>
		<defaultID>22020</defaultID>
		<label>22020</label>
		<label2>Live TV</label2>
		<icon>special://skin/extras/icons/tvguide.png</icon>
		<thumb>special://home/userdata/addon_data/icons/tvguide.jpg</thumb>
		<action>ActivateWindow(TVGuide)</action>
	</shortcut>
	<shortcut>
		<defaultID>script.module.tt</defaultID>
		<label> TvTap</label>
		<label2>Video Add-On</label2>
		<icon>DefaultShortcut.png</icon>
		<thumb>image://%2fstorage%2femulated%2f0%2fAndroid%2fdata%2forg.xbmc.kodi%2ffiles%2f.kodi%2faddons%2fscript.module.tt%2ficon.png/</thumb>
		<action>ActivateWindow(Videos,"plugin://script.module.tt",return)</action>
	</shortcut>
	<shortcut>
		<defaultID />
		<label>UsTVGo</label>
		<label2>Video Add-On</label2>
		<icon>DefaultShortcut.png</icon>
		<thumb>special://home/userdata/addon_data/icons/ustvgo.jpg</thumb>
		<action>ActivateWindow(Videos,"plugin://plugin.video.temptv/?action=ustvgoNavigator",return)</action>
	</shortcut>
	<shortcut>
		<defaultID />
		<label>IPTV</label>
		<label2>Video Add-On</label2>
		<icon>DefaultShortcut.png</icon>
		<thumb>special://home/userdata/addon_data/icons/magic.png</thumb>
		<action>ActivateWindow(Videos,"plugin://plugin.video.live.streamspro/?url=https%3A%2F%2Fraw.githubusercontent.com%2FMagic-Dust%2FMagicDust%2Fmaster%2FIPTV.xml&amp;mode=1&amp;name=IPTV&amp;fanart=http%3A%2F%2Fsaved.im%2Fmtg4nda2znr0%2Fimg_iptv_logo.png",return)</action>
	</shortcut>
	<shortcut>
		<defaultID />
		<label>reddit</label>
		<label2>Custom item</label2>
		<icon>DefaultShortcut.png</icon>
		<thumb>special://home/userdata/addon_data/icons/reddit_awesome_face_postcards-r49ce80215dfe4c5b8969e66aab2d3513_vgbaq_8byvr_512.jpg</thumb>
		<action>ActivateWindow(Videos,"plugin://plugin.video.live.streamspro/?url=%2Fstorage%2Femulated%2F0%2FAndroid%2Fdata%2Forg.xbmc.kodi%2Ffiles%2F.kodi%2Fuserdata%2Faddon_data%2Fplugin.video.live.streamspro%2FMagicDust%2Freddit.xml&amp;mode=1&amp;name=reddit&amp;fanart=%2Fstorage%2Femulated%2F0%2FAndroid%2Fdata%2Forg.xbmc.kodi%2Ffiles%2F.kodi%2Faddons%2Fplugin.video.live.streamspro%2Ffanart.jpg",return)</action>
	</shortcut>
	<shortcut>
		<defaultID />
		<label>Yoursports</label>
		<label2>Custom item</label2>
		<icon>DefaultShortcut.png</icon>
		<thumb>special://home/userdata/addon_data/icons/yoursports.png</thumb>
		<action>ActivateWindow(Videos,"plugin://plugin.video.live.streamspro/?url=%24doregex%5Bmakelist%5D&amp;mode=17&amp;regexs=%7Bu%27source%27%3A%20%7B%27expres%27%3A%20u%27src%3D%22%28http%3A%5C%5C/%5C%5C/yrsprts.xyz%5B%5E%22%5D%2A%29%27%2C%20%27name%27%3A%20u%27source%27%2C%20%27page%27%3A%20u%27http%3A//yoursports.stream/%27%7D%2C%20u%27makelist%27%3A%20%7B%27listrepeat%27%3A%20u%27%5Cr%5Cn%3Ctitle%3E%5Bmakelist.param1%5D%3C/title%3E%5Cr%5Cn%3Clink%3E%24doregex%5Bget-decode%5D%7CReferer%3Dhttp%3A//yoursports.stream/ing/%5Bmakelist.param2%5D%26amp%3BUser-Agent%3DMozilla/5.0%20%28Windows%20NT%2010.0%3B%20WOW64%3B%20rv%3A56.0%29%20Gecko/20100101%20Firefox/56.0%3C/link%3E%5Cr%5Cn%27%2C%20%27expres%27%3A%20u%22%7Bchan%3A%27%28%5B%5E%27%5D%2A%29.%5B%5E%27%5D%2A.%28.%5B%5E%27%5D%2A%29.%5B%5E%3A%5D%2A.%5B%5E%3A%5D%2A.%5B%5E%3A%5D%2A..%28%5B%5E%27%5D%2A%29%22%2C%20%27name%27%3A%20u%27makelist%27%2C%20%27page%27%3A%20u%27%24doregex%5Bsource%5D%27%7D%2C%20u%27base64%27%3A%20%7B%27expres%27%3A%20u%22mustave%20%3D%20atob.%27%28.%2A%3F%29%27%22%2C%20%27cookiejar%27%3A%20%27%27%2C%20%27name%27%3A%20u%27base64%27%2C%20%27page%27%3A%20u%27http%3A//yoursports.stream/ing/%5Bmakelist.param2%5D%27%7D%2C%20u%27get-decode%27%3A%20%7B%27expres%27%3A%20u%27%24pyFunction%3Abase64.b64decode%28%22%24doregex%5Bbase64%5D%22%29%27%2C%20%27name%27%3A%20u%27get-decode%27%2C%20%27page%27%3A%20None%7D%7D",return)</action>
	</shortcut>
	<shortcut>
		<defaultID />
		<label>Swiftstreamz</label>
		<label2>Video Add-On</label2>
		<icon>DefaultShortcut.png</icon>
		<thumb>special://home/addons/script.module.swiftstreamz/icon.png</thumb>
		<action>ActivateWindow(Videos,"plugin://plugin.video.thecrew/?action=swiftCat&amp;url=5",return)</action>
	</shortcut>
	<shortcut>
		<defaultID />
		<label>ArconaiTV</label>
		<label2>Video Add-On</label2>
		<icon>DefaultShortcut.png</icon>
		<thumb>special://home/addons/plugin.video.arconaitv/icon.png</thumb>
		<action>ActivateWindow(Videos,"plugin://plugin.video.arconaitv/?mode=cable",return)</action>
	</shortcut>
	<shortcut>
		<defaultID>plugin.video.tvone11</defaultID>
		<label>Mobdro</label>
		<label2>Video Add-On</label2>
		<icon>DefaultShortcut.png</icon>
		<thumb>special://home/userdata/addon_data/icons/mobdro.png</thumb>
		<action>ActivateWindow(Videos,"plugin://plugin.video.tvone11",return)</action>
	</shortcut>
	<shortcut>
		<defaultID>plugin.video.tvone111</defaultID>
		<label>RedBox</label>
		<label2>Video Add-On</label2>
		<icon>DefaultShortcut.png</icon>
		<thumb>image://https%3a%2f%2fgithub.com%2fKodi-Ghost%2fapparitions%2fraw%2fmaster%2ffiles%2fredbox.png/</thumb>
		<action>ActivateWindow(Videos,"plugin://plugin.video.tvone111",return)</action>
	</shortcut>
	<shortcut>
		<defaultID />
		<label>Sports24-club</label>
		<label2>Custom item</label2>
		<icon>DefaultShortcut.png</icon>
		<thumb>special://home/userdata/addon_data/icons/cartoon_tooth_fairy_greeting_card-r605188d7a9af45dfba89aa9efb9f80aa_xvuak_8byvr_512[1]bbbb.jpg</thumb>
		<action>ActivateWindow(Videos,"plugin://plugin.video.live.streamspro/?url=%2Fstorage%2Femulated%2F0%2FAndroid%2Fdata%2Forg.xbmc.kodi%2Ffiles%2F.kodi%2Fuserdata%2Faddon_data%2Fplugin.video.live.streamspro%2FMagicDust%2Fsports24-club.xml&amp;mode=1&amp;name=sports24-club&amp;fanart=%2Fstorage%2Femulated%2F0%2FAndroid%2Fdata%2Forg.xbmc.kodi%2Ffiles%2F.kodi%2Faddons%2Fplugin.video.live.streamspro%2Ffanart.jpg",return)</action>
	</shortcut>
	<shortcut>
		<defaultID />
		<label>Easyview</label>
		<label2>Custom item</label2>
		<icon>DefaultShortcut.png</icon>
		<thumb>special://home/userdata/addon_data/icons/UKTV_logo.png</thumb>
		<action>ActivateWindow(Videos,"plugin://plugin.video.live.streamspro/?url=%2Fstorage%2Femulated%2F0%2FAndroid%2Fdata%2Forg.xbmc.kodi%2Ffiles%2F.kodi%2Fuserdata%2Faddon_data%2Fplugin.video.live.streamspro%2FMagicDust%2Feasyview.xml&amp;mode=1&amp;name=easyview&amp;fanart=%2Fstorage%2Femulated%2F0%2FAndroid%2Fdata%2Forg.xbmc.kodi%2Ffiles%2F.kodi%2Faddons%2Fplugin.video.live.streamspro%2Ffanart.jpg",return)</action>
	</shortcut>
</shortcuts>
