<?xml version='1.0' encoding='UTF-8'?>
<shortcuts>
	<shortcut>
		<defaultID>plugin.video.adulthideout</defaultID>
		<label>AdultHideout</label>
		<label2>Video Add-On</label2>
		<icon>DefaultShortcut.png</icon>
		<thumb>image://%2fstorage%2femulated%2f0%2fAndroid%2fdata%2forg.xbmc.kodi%2ffiles%2f.kodi%2faddons%2fplugin.video.adulthideout%2ficon.png/</thumb>
		<action>ActivateWindow(Videos,"plugin://plugin.video.adulthideout",return)</action>
	</shortcut>
	<shortcut>
		<defaultID />
		<label>Cumination</label>
		<label2>Video Add-On</label2>
		<icon>DefaultShortcut.png</icon>
		<thumb>image://%2fstorage%2femulated%2f0%2fAndroid%2fdata%2forg.xbmc.kodi%2ffiles%2f.kodi%2faddons%2fplugin.video.cumination%2fresources%2fimages%2fcum-sites.png/</thumb>
		<action>ActivateWindow(Videos,"plugin://plugin.video.cumination/?url=&amp;mode=main.site_list&amp;page=&amp;channel=None&amp;section=None&amp;keyword=&amp;name=%5BCOLOR+white%5DSites%5B%2FCOLOR%5D",return)</action>
	</shortcut>
	<shortcut>
		<defaultID>plugin.video.uwc</defaultID>
		<label>Ultimate Whitecream</label>
		<label2>Custom item</label2>
		<icon>DefaultShortcut.png</icon>
		<thumb>image://%2fstorage%2femulated%2f0%2fAndroid%2fdata%2forg.xbmc.kodi%2ffiles%2f.kodi%2faddons%2fplugin.video.uwc%2ficon.png/</thumb>
		<action>ActivateWindow(Videos,"plugin://plugin.video.uwc/?url=&amp;mode=6&amp;page=&amp;channel=None&amp;section=None&amp;keyword=&amp;name=%5BCOLOR+hotpink%5DWhitecream%5B%2FCOLOR%5D+%5BCOLOR+white%5DTubes%5B%2FCOLOR%5D",return)</action>
	</shortcut>
	<shortcut>
		<defaultID>plugin.video.videodevil</defaultID>
		<label>VideoDevil</label>
		<label2>Video Add-On</label2>
		<icon>DefaultShortcut.png</icon>
		<thumb>image://%2fstorage%2femulated%2f0%2fAndroid%2fdata%2forg.xbmc.kodi%2ffiles%2f.kodi%2faddons%2fplugin.video.videodevil%2ficon.png/</thumb>
		<action>ActivateWindow(Videos,"plugin://plugin.video.videodevil",return)</action>
	</shortcut>
</shortcuts>
