<?xml version='1.0' encoding='UTF-8'?>
<shortcuts>
	<shortcut>
		<defaultID>plugin.video.youtube</defaultID>
		<label>YouTube</label>
		<label2>Video Add-On</label2>
		<icon>DefaultShortcut.png</icon>
		<thumb>image://%2fstorage%2femulated%2f0%2fAndroid%2fdata%2forg.xbmc.kodi%2ffiles%2f.kodi%2faddons%2fplugin.video.youtube%2ficon.png/</thumb>
		<action>ActivateWindow(Videos,"plugin://plugin.video.youtube",return)</action>
	</shortcut>
	<shortcut>
		<defaultID />
		<label>Documentaries</label>
		<label2>Video Add-On</label2>
		<icon>DefaultShortcut.png</icon>
		<thumb>image://%2fstorage%2femulated%2f0%2fAndroid%2fdata%2forg.xbmc.kodi%2ffiles%2f.kodi%2faddons%2fscript.numbersbynumbers.artwork%2fresources%2fmedia%2fnumbers%2fhome_documentaries.png/</thumb>
		<action>ActivateWindow(Videos,"plugin://plugin.video.numbersbynumbers/?action=docuHeaven",return)</action>
	</shortcut>
	<shortcut>
		<defaultID />
		<label>Cartoons</label>
		<label2>Video Add-On</label2>
		<icon>DefaultShortcut.png</icon>
		<thumb>image://%2fstorage%2femulated%2f0%2fAndroid%2fdata%2forg.xbmc.kodi%2ffiles%2f.kodi%2faddons%2fplugin.video.watchnixtoons2%2ficon.png/</thumb>
		<action>ActivateWindow(Videos,"plugin://plugin.video.watchnixtoons2/?action=actionCatalogMenu&amp;path=%2Fcartoon-list",return)</action>
	</shortcut>
	<shortcut>
		<defaultID>plugin.video.youtube/channel/UCdkN44CfG-SsHS3BHRbXF9A/playlist/PLYIicqMH4-uk54BvApc3LHBiFel_N1sT-/</defaultID>
		<label>Get off my lawn</label>
		<label2>Favourite</label2>
		<icon>special://skin/extras/icons/folder.png</icon>
		<thumb>special://home/userdata/addon_data/icons/GOML.jpg</thumb>
		<action>ActivateWindow(10025,"plugin://plugin.video.youtube/channel/UCdkN44CfG-SsHS3BHRbXF9A/playlist/PLYIicqMH4-uk54BvApc3LHBiFel_N1sT-/",return)</action>
	</shortcut>
	<shortcut>
		<defaultID>plugin.video.youtube/channel/UCAql2DyGU2un1Ei2nMYsqOA/</defaultID>
		<label>Trump TV</label>
		<label2>Favourite</label2>
		<icon>special://skin/extras/icons/folder.png</icon>
		<thumb>https://yt3.ggpht.com/a/AGF-l7_QQ9BCAFwa6i3b4JQO3pQvl4b_rBStAWaLiQ=s800-mo-c-c0xffffffff-rj-k-no</thumb>
		<action>ActivateWindow(10025,"plugin://plugin.video.youtube/channel/UCAql2DyGU2un1Ei2nMYsqOA/",return)</action>
	</shortcut>
	<shortcut>
		<defaultID>fireplace</defaultID>
		<label>Fireplace</label>
		<label2>Favourite</label2>
		<icon>special://skin/extras/icons/folder.png</icon>
		<thumb>http://www.signature-fires.co.uk/img/fireplace-surrounds/The-Kent-Bolection.png</thumb>
		<action>PlayMedia("pvr://channels/tv/All channels/pvr.iptvsimple_1973819845.pvr",return)</action>
	</shortcut>
	<shortcut>
		<defaultID>aquarium</defaultID>
		<label>Aquarium</label>
		<label2>Custom item</label2>
		<icon>special://skin/extras/icons/folder.png</icon>
		<thumb>http://diysolarpanelsv.com/images/fish-in-a-tank-clipart-6.png</thumb>
		<action>PlayMedia("pvr://channels/tv/All channels/pvr.iptvsimple_543376390.pvr",return)</action>
	</shortcut>
	<shortcut>
		<defaultID>plugin.video.heynow</defaultID>
		<label>Hey Now</label>
		<label2>Video Add-On</label2>
		<icon>DefaultShortcut.png</icon>
		<thumb>image://%2fstorage%2femulated%2f0%2fAndroid%2fdata%2forg.xbmc.kodi%2ffiles%2f.kodi%2faddons%2fplugin.video.heynow%2ficon.png/</thumb>
		<action>ActivateWindow(Videos,"plugin://plugin.video.heynow",return)</action>
	</shortcut>
	<shortcut>
		<defaultID>plugin.video.livestream</defaultID>
		<label>Livestream</label>
		<label2>Video Add-On</label2>
		<icon>DefaultShortcut.png</icon>
		<thumb>image://%2fstorage%2femulated%2f0%2fAndroid%2fdata%2forg.xbmc.kodi%2ffiles%2f.kodi%2faddons%2fplugin.video.livestream%2ficon.png/</thumb>
		<action>ActivateWindow(Videos,"plugin://plugin.video.livestream",return)</action>
	</shortcut>
	<shortcut>
		<defaultID />
		<label>Fitness</label>
		<label2>Video Add-On</label2>
		<icon>DefaultShortcut.png</icon>
		<thumb>special://home/userdata/addon_data/icons/fitness.jpg</thumb>
		<action>ActivateWindow(Videos,"plugin://plugin.video.thecrew/?action=blackhat",return)</action>
	</shortcut>
	<shortcut>
		<defaultID />
		<label>Scanner</label>
		<label2>Music Add-On</label2>
		<icon>DefaultShortcut.png</icon>
		<thumb>special://home/addons/plugin.audio.radioreference/resources/images/radio-icon.png</thumb>
		<action>ActivateWindow(Music,"plugin://plugin.audio.radioreference/?action=states&amp;title=United+States&amp;url=http%3A%2F%2Fwww.broadcastify.com%2Flisten%2Fcoid%2F1&amp;thumbnail=%2Fstorage%2Femulated%2F0%2FAndroid%2Fdata%2Forg.xbmc.kodi%2Ffiles%2F.kodi%2Faddons%2Fplugin.audio.radioreference%2Fresources%2Fflags%2F1.png&amp;plot=&amp;extra=&amp;page=",return)</action>
	</shortcut>
</shortcuts>
