<?xml version='1.0' encoding='UTF-8'?>
<shortcuts>
	<shortcut>
		<defaultID>plugin.video.youtube</defaultID>
		<label>YouTube</label>
		<label2>Video Add-On</label2>
		<icon>DefaultShortcut.png</icon>
		<thumb>special://skin/extras/icons/youtube.png</thumb>
		<action>ActivateWindow(Videos,"plugin://plugin.video.youtube",return)</action>
	</shortcut>
	<shortcut>
		<defaultID>plugin.audio.soundcloud</defaultID>
		<label>SoundCloud</label>
		<label2>Music Add-On</label2>
		<icon>DefaultShortcut.png</icon>
		<thumb>special://skin/extras/icons/soundcloud.png</thumb>
		<action>ActivateWindow(Music,"plugin://plugin.audio.soundcloud",return)</action>
	</shortcut>
	<shortcut>
		<defaultID>70s</defaultID>
		<label>70's</label>
		<label2>Favourite</label2>
		<icon>special://skin/extras/icons/folder.png</icon>
		<thumb>special://skin/extras/icons/music.png</thumb>
		<action>PlayMedia("pvr://channels/tv/All channels/pvr.iptvsimple_1551723961.pvr",return)</action>
	</shortcut>
	<shortcut>
		<defaultID>80s</defaultID>
		<label>80's</label>
		<label2>Favourite</label2>
		<icon>special://skin/extras/icons/folder.png</icon>
		<thumb>special://skin/extras/icons/music.png</thumb>
		<action>PlayMedia("pvr://channels/tv/All channels/pvr.iptvsimple_952677719.pvr",return)</action>
	</shortcut>
	<shortcut>
		<defaultID />
		<label>WEQX</label>
		<label2>Favourite</label2>
		<icon>special://skin/extras/icons/folder.png</icon>
		<thumb>special://home/userdata/addon_data/icons/EQX_EURO_WEB_400x400.gif.png</thumb>
		<action>PlayMedia("plugin://plugin.audio.radio_de/station/25931",return)</action>
	</shortcut>
	<shortcut>
		<defaultID />
		<label>[COLOR FFffffffff]Concerts[/COLOR]</label>
		<label2>Custom item</label2>
		<icon>DefaultShortcut.png</icon>
		<thumb>special://skin/extras/icons/concert.png</thumb>
		<action>ActivateWindow(10025,"plugin://plugin.video.youtube/kodion/search/query/?q=live%20full%20concert",return)</action>
	</shortcut>
	<shortcut>
		<defaultID />
		<label>Stand Up Comedy</label>
		<label2>Video Add-On</label2>
		<icon>DefaultShortcut.png</icon>
		<thumb>special://skin/extras/icons/megaphone.png</thumb>
		<action>ActivateWindow(Videos,"plugin://plugin.video.thecrew/?action=redhat",return)</action>
	</shortcut>
	<shortcut>
		<defaultID>plugin.audio.radio_de</defaultID>
		<label>Radio</label>
		<label2>Music Add-On</label2>
		<icon>DefaultShortcut.png</icon>
		<thumb>special://skin/extras/icons/radio.png</thumb>
		<action>ActivateWindow(Music,"plugin://plugin.audio.radio_de",return)</action>
	</shortcut>
	<shortcut>
		<defaultID>plugin.video.watchnixtoons2</defaultID>
		<label>Cartoons</label>
		<label2>Video Add-On</label2>
		<icon>DefaultShortcut.png</icon>
		<thumb>special://skin/extras/icons/mickey.png</thumb>
		<action>ActivateWindow(Videos,"plugin://plugin.video.watchnixtoons2",return)</action>
	</shortcut>
	<shortcut>
		<defaultID>plugin.audio.mp3streams</defaultID>
		<label>MP3 Streams</label>
		<label2>Music Add-On</label2>
		<icon>DefaultShortcut.png</icon>
		<thumb>special://skin/extras/icons/cloudmusic.png</thumb>
		<action>ActivateWindow(Music,"plugin://plugin.audio.mp3streams",return)</action>
	</shortcut>
	<shortcut>
		<defaultID />
		<label>MYCLOUD Music Videos</label>
		<label2>Video Source</label2>
		<icon>DefaultShortcut.png</icon>
		<thumb>special://skin/extras/icons/download_repo.png</thumb>
		<action>ActivateWindow(Videos,"smb://MYCLOUD-SVD70F/PUBLIC/Music/",return)</action>
	</shortcut>
	<shortcut>
		<defaultID />
		<label>MYCLOUD Music mp3's</label>
		<label2>Music Source</label2>
		<icon>DefaultShortcut.png</icon>
		<thumb>special://skin/extras/icons/download_repo.png</thumb>
		<action>ActivateWindow(Music,"smb://MYCLOUD-SVD70F/PUBLIC/Music/",return)</action>
	</shortcut>
</shortcuts>
