<?xml version='1.0' encoding='UTF-8'?>
<shortcuts>
	<shortcut>
		<defaultID>movies</defaultID>
		<label>Movies</label>
		<label2>Custom item</label2>
		<icon>special://skin/extras/icons/film.png</icon>
		<thumb />
		<action>RunScript(script.extendedinfo,info=allmovies)</action>
	</shortcut>
	<shortcut>
		<defaultID>alltvshows</defaultID>
		<label>TV Shows</label>
		<label2>Custom item</label2>
		<icon>special://skin/extras/icons/folder.png</icon>
		<thumb>special://home/addons/script.extendedinfo/resources/skins/Default/media/tmdb/thumb.png</thumb>
		<action>RunScript(script.extendedinfo,info=alltvshows)</action>
	</shortcut>
	<shortcut>
		<defaultID>livetv</defaultID>
		<label>$SKIN[31103|skin.aura|Live TV]</label>
		<label2>Custom item</label2>
		<icon>special://skin/extras/icons/livetv.png</icon>
		<thumb />
		<action>ActivateWindow(TVGuide)</action>
		<visible>PVR.HasTVChannels</visible>
	</shortcut>
	<shortcut>
		<defaultID />
		<label>Sports</label>
		<label2>Custom item</label2>
		<icon>DefaultShortcut.png</icon>
		<thumb />
		<action>ActivateWindow(Videos,"pvr://channels/tv/Sports Packages/",return)</action>
	</shortcut>
	<shortcut>
		<defaultID>plugin.video.fox.news</defaultID>
		<label>News</label>
		<label2>Video Add-On</label2>
		<icon>DefaultShortcut.png</icon>
		<thumb>image://%2fstorage%2femulated%2f0%2fAndroid%2fdata%2forg.xbmc.kodi%2ffiles%2f.kodi%2faddons%2fplugin.video.fox.news%2ficon.png/</thumb>
		<action>ActivateWindow(Videos,"plugin://plugin.video.fox.news",return)</action>
	</shortcut>
	<shortcut>
		<defaultID>music</defaultID>
		<label>Entertainment</label>
		<label2>Custom item</label2>
		<icon>special://skin/extras/icons/songs.png</icon>
		<thumb />
		<action>ActivateWindow(Programs,"plugin://plugin.program.super.favourites/?label=Explore+Kodi+favourites&amp;mode=300&amp;image=DefaultFolder.png&amp;fanart=NULL",return)</action>
	</shortcut>
	<shortcut>
		<defaultID>musicvideos</defaultID>
		<label>Music</label>
		<label2>Custom item</label2>
		<icon>DefaultMusicVideos.png</icon>
		<thumb />
		<action>ActivateWindow(Music,"plugin://plugin.audio.Beatit",return)</action>
	</shortcut>
	<shortcut>
		<defaultID>settings</defaultID>
		<label>10004</label>
		<label2>Common menu item</label2>
		<icon>Settings.png</icon>
		<thumb />
		<action>ActivateWindow(Settings)</action>
	</shortcut>
	<shortcut>
		<defaultID>power</defaultID>
		<label>Power</label>
		<label2>Common Shortcut</label2>
		<icon>special://skin/extras/icons/power.png</icon>
		<thumb />
		<action>ActivateWindow(shutdownmenu)</action>
	</shortcut>
</shortcuts>
