<?xml version='1.0' encoding='UTF-8'?>
<shortcuts>
	<shortcut>
		<defaultID />
		<label>Search</label>
		<label2>Video Add-On</label2>
		<icon>DefaultShortcut.png</icon>
		<thumb>special://skin/extras/icons/search.png</thumb>
		<action>ActivateWindow(Videos,"plugin://plugin.video.themoviedb.helper/?info=search&amp;widget=true&amp;tmdb_type=movie",return)</action>
	</shortcut>
	<shortcut>
		<defaultID />
		<label>Lists</label>
		<label2>Video Add-On</label2>
		<icon>DefaultShortcut.png</icon>
		<thumb>special://skin/extras/icons/clipboard.png</thumb>
		<action>ActivateWindow(Videos,"plugin://plugin.video.themoviedb.helper/?info=dir_movie&amp;widget=true",return)</action>
	</shortcut>
	<shortcut>
		<defaultID />
		<label>Genres</label>
		<label2>Video Add-On</label2>
		<icon>DefaultShortcut.png</icon>
		<thumb>special://skin/extras/icons/genres.png</thumb>
		<action>ActivateWindow(Videos,"plugin://plugin.video.themoviedb.helper/?info=genres&amp;widget=true&amp;tmdb_type=movie",return)</action>
	</shortcut>
	<shortcut>
		<defaultID />
		<label>Actor</label>
		<label2>Video Add-On</label2>
		<icon>DefaultShortcut.png</icon>
		<thumb>special://skin/extras/icons/person.png</thumb>
		<action>ActivateWindow(Videos,"plugin://plugin.video.themoviedb.helper/?info=search&amp;widget=true&amp;tmdb_type=person",return)</action>
	</shortcut>
	<shortcut>
		<defaultID>mylists1</defaultID>
		<label>Addons</label>
		<label2>Custom item</label2>
		<icon>special://skin/extras/icons/clipboard.png</icon>
		<thumb>special://skin/extras/icons/addon.png</thumb>
		<action>ActivateWindow(1105,return)</action>
	</shortcut>
	<shortcut>
		<defaultID />
		<label>My Library</label>
		<label2>Custom item</label2>
		<icon>DefaultShortcut.png</icon>
		<thumb>special://skin/extras/icons/media.png</thumb>
		<action>ActivateWindow(Videos,"videodb://movies/titles/",return)</action>
	</shortcut>
	<shortcut>
		<defaultID />
		<label>Downloads</label>
		<label2>Video Source</label2>
		<icon>DefaultShortcut.png</icon>
		<thumb>special://skin/extras/icons/download.png</thumb>
		<action>ActivateWindow(Videos,"/storage/emulated/0/Download/",return)</action>
	</shortcut>
	<shortcut>
		<defaultID>1036</defaultID>
		<label>Favourites</label>
		<label2>Common menu item</label2>
		<icon>Favourites.png</icon>
		<thumb>special://skin/extras/icons/favourite.png</thumb>
		<action>ActivateWindow(Favourites)</action>
	</shortcut>
</shortcuts>
