<?xml version='1.0' encoding='UTF-8'?>
<shortcuts>
	<shortcut>
		<defaultID />
		<label>Search</label>
		<label2>Video Add-On</label2>
		<icon>DefaultShortcut.png</icon>
		<thumb>image://%2fstorage%2femulated%2f0%2fAndroid%2fdata%2forg.xbmc.kodi%2ffiles%2f.kodi%2faddons%2fplugin.video.themoviedb.helper%2ficon.png/</thumb>
		<action>ActivateWindow(Videos,"plugin://plugin.video.themoviedb.helper/?info=dir_movie&amp;widget=True",return)</action>
	</shortcut>
	<shortcut>
		<defaultID>script.extendedinfo</defaultID>
		<label>Browse</label>
		<label2>Custom item</label2>
		<icon>DefaultAddon.png</icon>
		<thumb>special://home/addons/script.extendedinfo/resources/icon.png</thumb>
		<action>RunAddOn(script.extendedinfo,info=allmovies)</action>
	</shortcut>
	<shortcut>
		<defaultID />
		<label>Exodus</label>
		<label2>Video Add-On</label2>
		<icon>DefaultShortcut.png</icon>
		<thumb>special://home/addons/plugin.video.exodusredux/icon.png</thumb>
		<action>ActivateWindow(Videos,"plugin://plugin.video.exodusredux/?action=movieNavigator",return)</action>
	</shortcut>
	<shortcut>
		<defaultID />
		<label>NumB3r5</label>
		<label2>Video Add-On</label2>
		<icon>DefaultShortcut.png</icon>
		<thumb>special://home/addons/script.module.numbersbynumbers/icon.png</thumb>
		<action>ActivateWindow(Videos,"plugin://plugin.video.numbersbynumbers/?action=movieNavigator",return)</action>
	</shortcut>
	<shortcut>
		<defaultID />
		<label>Venom</label>
		<label2>Video Add-On</label2>
		<icon>DefaultShortcut.png</icon>
		<thumb>special://home/addons/plugin.video.venom/icon.png</thumb>
		<action>ActivateWindow(Videos,"plugin://plugin.video.venom/?action=movieNavigator",return)</action>
	</shortcut>
	<shortcut>
		<defaultID />
		<label>The Crew</label>
		<label2>Video Add-On</label2>
		<icon>DefaultShortcut.png</icon>
		<thumb>special://home/userdata/addon_data/icons/The-Crew.jpg</thumb>
		<action>ActivateWindow(Videos,"plugin://plugin.video.thecrew/?action=movieNavigator",return)</action>
	</shortcut>
	<shortcut>
		<defaultID>plugin.video.Mercury</defaultID>
		<label>[COLORlime]Mercury[/COLOR]</label>
		<label2>Video Add-On</label2>
		<icon>DefaultShortcut.png</icon>
		<thumb>image://%2fstorage%2femulated%2f0%2fAndroid%2fdata%2forg.xbmc.kodi%2ffiles%2f.kodi%2faddons%2fplugin.video.Mercury%2ficon.png/</thumb>
		<action>ActivateWindow(Videos,"plugin://plugin.video.Mercury",return)</action>
	</shortcut>
	<shortcut>
		<defaultID />
		<label>Scrubs</label>
		<label2>Video Add-On</label2>
		<icon>DefaultShortcut.png</icon>
		<thumb>special://home/addons/plugin.video.scrubsv2/icon.png</thumb>
		<action>ActivateWindow(Videos,"plugin://plugin.video.scrubsv2/?action=movieNavigator",return)</action>
	</shortcut>
	<shortcut>
		<defaultID />
		<label>FEN</label>
		<label2>Video Add-On</label2>
		<icon>DefaultShortcut.png</icon>
		<thumb>image://%2fstorage%2femulated%2f0%2fAndroid%2fdata%2forg.xbmc.kodi%2ffiles%2f.kodi%2faddons%2fplugin.video.fen%2ficon.png/</thumb>
		<action>ActivateWindow(Videos,"plugin://plugin.video.fen/?info=Access+Fen+Movie+Menus.&amp;name=Movies&amp;iconImage=movies.png&amp;foldername=Movies&amp;mode=navigator.main&amp;action=MovieList",return)</action>
	</shortcut>
	<shortcut>
		<defaultID />
		<label>Laplaza</label>
		<label2>Video Add-On</label2>
		<icon>DefaultShortcut.png</icon>
		<thumb>special://home/addons/plugin.video.laplaza/icon.png</thumb>
		<action>ActivateWindow(Videos,"plugin://plugin.video.laplaza/?action=movieNavigator",return)</action>
	</shortcut>
	<shortcut>
		<defaultID />
		<label>[B][I][COLORpink]Magic Dragon[/B][/I][/COLOR]</label>
		<label2>Video Add-On</label2>
		<icon>DefaultShortcut.png</icon>
		<thumb>image://https%3a%2f%2fi.imgur.com%2fdm1Tk83.png/</thumb>
		<action>ActivateWindow(Videos,"plugin://plugin.video.themagicdragon/?url=https%3A%2F%2Fraw.githubusercontent.com%2Ftombebbs1%2Fmagicdragon%2Fmaster%2Fmoviezone.txt&amp;mode=1&amp;name=%5BB%5D%5BI%5D%5BCOLORpink%5DMovies%5B%2FB%5D%5B%2FI%5D%5B%2FCOLOR%5D&amp;fanart=https%3A%2F%2Fi.imgur.com%2FU5nKN8r.jpg",return)</action>
	</shortcut>
	<shortcut>
		<defaultID>script.module.7of9-tubi</defaultID>
		<label>TUBITV</label>
		<label2>Video Add-On</label2>
		<icon>DefaultShortcut.png</icon>
		<thumb>image://%2fstorage%2femulated%2f0%2fAndroid%2fdata%2forg.xbmc.kodi%2ffiles%2f.kodi%2faddons%2fscript.module.7of9-tubi%2ficon.png/</thumb>
		<action>ActivateWindow(Videos,"plugin://script.module.7of9-tubi",return)</action>
	</shortcut>
</shortcuts>
