<?xml version='1.0' encoding='UTF-8'?>
<shortcuts>
	<shortcut>
		<defaultID>plugin.audio.soundcloud</defaultID>
		<label>SoundCloud</label>
		<label2>Music Add-On</label2>
		<icon>DefaultShortcut.png</icon>
		<thumb>image://%2fstorage%2femulated%2f0%2fAndroid%2fdata%2forg.xbmc.kodi%2ffiles%2f.kodi%2faddons%2fplugin.audio.soundcloud%2fresources%2ficon.png/</thumb>
		<action>ActivateWindow(Music,"plugin://plugin.audio.soundcloud",return)</action>
	</shortcut>
	<shortcut>
		<defaultID>mtv</defaultID>
		<label>MTV</label>
		<label2>Favourite</label2>
		<icon>special://skin/extras/icons/folder.png</icon>
		<thumb>https://upload.wikimedia.org/wikipedia/commons/thumb/c/ce/MTV-Logo.svg/755px-MTV-Logo.svg.png</thumb>
		<action>PlayMedia("pvr://channels/tv/All channels/pvr.iptvsimple_1001259368.pvr",return)</action>
	</shortcut>
	<shortcut>
		<defaultID>70s</defaultID>
		<label>70's</label>
		<label2>Favourite</label2>
		<icon>special://skin/extras/icons/folder.png</icon>
		<thumb>https://yachtrockradio.com/wp-content/uploads/sites/11/2018/03/dash-logo.png</thumb>
		<action>PlayMedia("pvr://channels/tv/All channels/pvr.iptvsimple_1551723961.pvr",return)</action>
	</shortcut>
	<shortcut>
		<defaultID>80s</defaultID>
		<label>80's</label>
		<label2>Favourite</label2>
		<icon>special://skin/extras/icons/folder.png</icon>
		<thumb>https://yachtrockradio.com/wp-content/uploads/sites/11/2018/03/dash-logo.png</thumb>
		<action>PlayMedia("pvr://channels/tv/All channels/pvr.iptvsimple_952677719.pvr",return)</action>
	</shortcut>
	<shortcut>
		<defaultID>90s</defaultID>
		<label>90's</label>
		<label2>Favourite</label2>
		<icon>special://skin/extras/icons/folder.png</icon>
		<thumb>https://yachtrockradio.com/wp-content/uploads/sites/11/2018/03/dash-logo.png</thumb>
		<action>PlayMedia("pvr://channels/tv/All channels/pvr.iptvsimple_1041323698.pvr",return)</action>
	</shortcut>
	<shortcut>
		<defaultID />
		<label>WEQX - 102.7 FM</label>
		<label2>Favourite</label2>
		<icon>special://skin/extras/icons/folder.png</icon>
		<thumb>special://home/userdata/addon_data/icons/EQX_EURO_WEB_400x400.gif.png</thumb>
		<action>PlayMedia("plugin://plugin.audio.radio_de/station/25931",return)</action>
	</shortcut>
	<shortcut>
		<defaultID />
		<label>[COLOR FFffffffff][COLORwhite][B]Live In Concert[/B][/COLOR][/COLOR]</label>
		<label2>Music Add-On</label2>
		<icon>DefaultShortcut.png</icon>
		<thumb>special://home/userdata/addon_data/icons/concert.png</thumb>
		<action>ActivateWindow(Music,"plugin://plugin.video.Mercury/?mode=get_list&amp;url=https%3A%2F%2Fraw.githubusercontent.com%2FFloyd6969%2FDJV%2Fmaster%2FConcerts%2520ATF-21eG2x0k.txt&amp;name=%5BCOLOR+FFffffffff%5D%5BCOLORwhite%5D%5BB%5DLive+In+Concert%5B%2FB%5D%5B%2FCOLOR%5D%5B%2FCOLOR%5D&amp;iconimage=https%3A%2F%2Fi.imgur.com%2FewZqfXr.png&amp;fanart=https%3A%2F%2Fi.imgur.com%2F2aMoMQv.jpg&amp;description=No+information+available",return)</action>
	</shortcut>
	<shortcut>
		<defaultID />
		<label>[COLOR FFffffffff]Live in Concert[/COLOR] 2</label>
		<label2>Video Add-On</label2>
		<icon>DefaultShortcut.png</icon>
		<thumb>special://skin/extras/albumbacks/2.jpg</thumb>
		<action>ActivateWindow(Videos,"plugin://plugin.video.odin/?mode=get_list&amp;url=https%3A%2F%2Fnarcacist.com%2FAddon%2Ftext%2Fconcerts.xml&amp;name=%5BCOLOR+FFffffffff%5DConcerts%5B%2FCOLOR%5D&amp;iconimage=http%3A%2F%2Fnarcacist.com%2FAddon%2Fimages%2Fmovie.png&amp;fanart=%2Fstorage%2Femulated%2F0%2FAndroid%2Fdata%2Forg.xbmc.kodi%2Ffiles%2F.kodi%2Faddons%2Fplugin.video.odin%2Ffanart.jpg&amp;description=No+information+available",return)</action>
	</shortcut>
	<shortcut>
		<defaultID>plugin.audio.radio_de</defaultID>
		<label>Radio</label>
		<label2>Music Add-On</label2>
		<icon>DefaultShortcut.png</icon>
		<thumb>image://%2fstorage%2femulated%2f0%2fAndroid%2fdata%2forg.xbmc.kodi%2ffiles%2f.kodi%2faddons%2fplugin.audio.radio_de%2ficon.png/</thumb>
		<action>ActivateWindow(Music,"plugin://plugin.audio.radio_de",return)</action>
	</shortcut>
	<shortcut>
		<defaultID />
		<label>Ambient</label>
		<label2>Music Add-On</label2>
		<icon>DefaultShortcut.png</icon>
		<thumb>special://skin/extras/icons/stream-music.png</thumb>
		<action>ActivateWindow(Music,"plugin://plugin.audio.soundcloud/discover/?selection=soundcloud%3Asystem-playlists%3Acharts-trending%3Aambient%3Aus",return)</action>
	</shortcut>
	<shortcut>
		<defaultID />
		<label>Music Downloads</label>
		<label2>Custom item</label2>
		<icon>DefaultShortcut.png</icon>
		<thumb>special://skin/extras/icons/download.png</thumb>
		<action>ActivateWindow(Music,"/storage/emulated/0/Downloader/",return)</action>
	</shortcut>
</shortcuts>
