<?xml version='1.0' encoding='UTF-8'?>
<shortcuts>
	<shortcut>
		<defaultID />
		<label>Channels</label>
		<label2>Video Source</label2>
		<icon>DefaultShortcut.png</icon>
		<thumb />
		<action>ActivateWindow(Videos,"pvr://channels/tv/Fav3/",return)</action>
	</shortcut>
	<shortcut>
		<defaultID />
		<label>Fox Breaking News</label>
		<label2>Video Add-On</label2>
		<icon>DefaultShortcut.png</icon>
		<thumb>image://https%3a%2f%2fupload.wikimedia.org%2fwikipedia%2fcommons%2fthumb%2f6%2f67%2fFox_News_Channel_logo.svg%2f1200px-Fox_News_Channel_logo.svg.png/</thumb>
		<action>ActivateWindow(Videos,"plugin://plugin.video.live.streamspro/?url=%24doregex%5Bmakelist%5D&amp;mode=17&amp;regexs=%7Bu%27getUrl%27%3A%20%7B%27expres%27%3A%20u%27playlistId%3A%20%22%28%5B%5E%22%5D%2A%29%27%2C%20%27name%27%3A%20u%27getUrl%27%2C%20%27page%27%3A%20u%27https%3A//video.foxnews.com/playlist/featured-latest-news/%27%7D%2C%20u%27makelist%27%3A%20%7B%27listrepeat%27%3A%20u%27%5Cr%5Cn%20%20%3Ctitle%3E%5Bmakelist.param1%5D%20-%20%5Bmakelist.param2%5D%3C/title%3E%5Cr%5Cn%20%20%3Clink%3E%5Bmakelist.param3%5D%3C/link%3E%5Cr%5Cn%20%20%3Cthumbnail%3E%5Bmakelist.param4%5D%3C/thumbnail%3E%5Cr%5Cn%20%20%3Cfanart%3E%5Bmakelist.param4%5D%3C/fanart%3E%5Cr%5Cn%27%2C%20%27expres%27%3A%20u%27%5B%5B%7C%2C%5D%7B%22title%22%3A%22%28%5B%5E%22%5D%2A%29%22.%2B%3Fduration%22%3A%22%28%5B%5E%22%5D%2A%29.%2B%3F%22url%22%3A%22%28%5B%5E%22%5D%2A%29.%2B%3Fmedia-thumbnail%22%3A%7B%22%40attributes%22%3A%7B%22url%22%3A%22%28%5B%5E%22%5D%2A%29%27%2C%20%27name%27%3A%20u%27makelist%27%2C%20%27page%27%3A%20u%27https%3A//video.foxnews.com/v/feed/playlist/%24doregex%5BgetUrl%5D.json%3Ftemplate%3Dfox%26cb%3B%3D%27%7D%7D&amp;iconimage=https%3A%2F%2Fupload.wikimedia.org%2Fwikipedia%2Fcommons%2Fthumb%2F6%2F67%2FFox_News_Channel_logo.svg%2F1200px-Fox_News_Channel_logo.svg.png",return)</action>
	</shortcut>
</shortcuts>
