<?xml version='1.0' encoding='UTF-8'?>
<shortcuts>
	<shortcut>
		<defaultID />
		<label>Channels</label>
		<label2>Video Source</label2>
		<icon>DefaultShortcut.png</icon>
		<thumb />
		<action>ActivateWindow(Videos,"pvr://channels/tv/Fav3/",return)</action>
	</shortcut>
	<shortcut>
		<defaultID />
		<label>Latest</label>
		<label2>Custom item</label2>
		<icon>DefaultShortcut.png</icon>
		<thumb>image://https%3a%2f%2fi.rmbl.ws%2fz8%2f1%2fu%2fn%2fb%2f1unba.baa-NewsmaxTV-qlckqh.jpg/</thumb>
		<action>ActivateWindow(Videos,"plugin://plugin.video.fox.news/?mode=GE&amp;url=%2Fplaylist%2Ffeatured-latest-news",return)</action>
	</shortcut>
</shortcuts>
