<?xml version='1.0' encoding='UTF-8'?>
<shortcuts>
	<shortcut>
		<defaultID>plugin.video.newsmaxtv</defaultID>
		<label>Newsmax Clips</label>
		<label2>Custom item</label2>
		<icon>DefaultShortcut.png</icon>
		<thumb>image://%2fstorage%2femulated%2f0%2fAndroid%2fdata%2forg.xbmc.kodi%2ffiles%2f.kodi%2faddons%2fplugin.video.newsmaxtv%2fresources%2fimages%2ficon.png/</thumb>
		<action>ActivateWindow(Videos,"plugin://plugin.video.youtube/channel/UCx6h-dWzJ5NpAlja1YsApdg/playlist/UUx6h-dWzJ5NpAlja1YsApdg/",return)</action>
	</shortcut>
	<shortcut>
		<defaultID />
		<label>Fox News Clips</label>
		<label2>Video Add-On</label2>
		<icon>DefaultShortcut.png</icon>
		<thumb>special://home/addons/plugin.video.fox.news/resources/icon.png</thumb>
		<action>ActivateWindow(Videos,"plugin://plugin.video.fox.news/?mode=GE&amp;url=%2Fplaylist%2Ffeatured-latest-news",return)</action>
	</shortcut>
	<shortcut>
		<defaultID />
		<label>LiveNewsNow</label>
		<label2>Custom item</label2>
		<icon>DefaultShortcut.png</icon>
		<thumb>special://home/userdata/addon_data/icons/magic.png</thumb>
		<action>ActivateWindow(Videos,"plugin://plugin.video.live.streamspro/?url=%2Fsdcard%2FAndroid%2Fdata%2Forg.xbmc.kodi%2Ffiles%2F.kodi%2Fuserdata%2Faddon_data%2Fplugin.video.live.streamspro%2FMagicDust%2FLiveNewsNow.xml&amp;mode=1&amp;name=LiveNewsNow&amp;fanart=%2Fstorage%2Femulated%2F0%2FAndroid%2Fdata%2Forg.xbmc.kodi%2Ffiles%2F.kodi%2Faddons%2Fplugin.video.live.streamspro%2Ffanart.jpg",return)</action>
	</shortcut>
	<shortcut>
		<defaultID />
		<label>Past Shows</label>
		<label2>Video Add-On</label2>
		<icon>DefaultShortcut.png</icon>
		<thumb>special://home/addons/plugin.video.fox.news/resources/fanart.jpg</thumb>
		<action>ActivateWindow(Videos,"plugin://plugin.video.fox.news/?mode=GM&amp;url=show",return)</action>
	</shortcut>
	<shortcut>
		<defaultID>weatherchannel</defaultID>
		<label>Weather Channel</label>
		<label2>Favourite</label2>
		<icon>special://skin/extras/icons/folder.png</icon>
		<thumb>special://home/userdata/addon_data/icons/color_weatherchannel_0.png</thumb>
		<action>PlayMedia("pvr://channels/tv/All channels/pvr.iptvsimple_862986689.pvr",return)</action>
	</shortcut>
	<shortcut>
		<defaultID />
		<label>Hurricane Central</label>
		<label2>Video Add-On</label2>
		<icon>DefaultShortcut.png</icon>
		<thumb>image://https%3a%2f%2fwww.redcross.org%2fcontent%2fdam%2fredcross%2ficons%2fdisasters%2fhurricane%2fHurricane-1000x1000-R-RC.png.img.png/</thumb>
		<action>ActivateWindow(Videos,"plugin://plugin.video.live.streamspro/?url=%24doregex%5Bmakelist%5D&amp;mode=17&amp;regexs=%7Bu%27makelist%27%3A%20%7B%27listrepeat%27%3A%20u%27%5Cr%5Cn%20%20%3Ctitle%3E%5BCOLOR%20gold%5D%5Bmakelist.param2%5D%5B/COLOR%5D%3C/title%3E%5Cr%5Cn%20%20%3Curlsolve%3Ehttps%3A//www.youtube.com/watch%3Fv%3D%5Bmakelist.param3%5D%3C/urlsolve%3E%5Cr%5Cn%20%20%3Cthumbnail%3E%5Bmakelist.param1%5D%3C/thumbnail%3E%5Cr%5Cn%20%20%3Cfanart%3Ehttps%3A//github.com/Magic-Dust/MagicDust/raw/master/fanart.jpg%3C/fanart%3E%5Cr%5Cn%27%2C%20%27expres%27%3A%20u%27%22thumbnail%22%3A%7B%22thumbnails%22%3A%5C%5C%5B%7B%22url%22%3A%22%28%5B%5E%22%5D%2A%29%22.%2A%3F%22title%22%3A%7B%22runs%22%3A%5C%5C%5B%7B%22text%22%3A%22%28%5B%5E%22%5D%2A%29%22.%2A%3Fwatch%5C%5C%3Fv%3D%28%5B%5E%22%5D%2A%29%27%2C%20%27name%27%3A%20u%27makelist%27%2C%20%27page%27%3A%20u%27https%3A//www.youtube.com/results%3Fsearch_query%3Dhurricane%27%7D%7D&amp;iconimage=https%3A%2F%2Fwww.redcross.org%2Fcontent%2Fdam%2Fredcross%2Ficons%2Fdisasters%2Fhurricane%2FHurricane-1000x1000-R-RC.png.img.png",return)</action>
	</shortcut>
</shortcuts>
