<?xml version='1.0' encoding='UTF-8'?>
<shortcuts>
	<shortcut>
		<defaultID>plugin.video.newsmaxtv</defaultID>
		<label>Newsmax Clips</label>
		<label2>Custom item</label2>
		<icon>DefaultShortcut.png</icon>
		<thumb>image://%2fstorage%2femulated%2f0%2fAndroid%2fdata%2forg.xbmc.kodi%2ffiles%2f.kodi%2faddons%2fplugin.video.newsmaxtv%2fresources%2fimages%2ficon.png/</thumb>
		<action>ActivateWindow(Videos,"plugin://plugin.video.youtube/channel/UCx6h-dWzJ5NpAlja1YsApdg/playlist/UUx6h-dWzJ5NpAlja1YsApdg/",return)</action>
	</shortcut>
	<shortcut>
		<defaultID />
		<label>OAN Clips</label>
		<label2>Video Add-On</label2>
		<icon>DefaultShortcut.png</icon>
		<thumb>image://https%3a%2f%2fi.rmbl.ws%2fz8%2fH%2f1%2fl%2fb%2fH1lba.baa-OANN-qkqh8q.jpg/</thumb>
		<action>ActivateWindow(Videos,"plugin://plugin.video.live.streamspro/?url=%24doregex%5Bmakelist%5D&amp;mode=17&amp;regexs=%7Bu%27makelist%27%3A%20%7B%27name%27%3A%20u%27makelist%27%2C%20%27listrepeat%27%3A%20u%27%5Cr%5Cn%20%20%3Ctitle%3E%5BCOLOR%20gold%5Dhttps%3A//rumble.com%5Bmakelist.param1%5D%5B/COLOR%5D%3C/title%3E%5Cr%5Cn%20%20%3Clink%3Ehttps%3A//sp.%5Bmakelist.param4%5D2%5Bmakelist.param6%5D.caa.1.mp4%3C/link%3E%5Cr%5Cn%20%20%3Cthumbnail%3E%5Bmakelist.param3%5D%5Bmakelist.param4%5D%5Bmakelist.param5%5D%5Bmakelist.param6%5D%5Bmakelist.param7%5D%3C/thumbnail%3E%5Cr%5Cn%20%20%3Cfanart%3E%5Bmakelist.param3%5D%5Bmakelist.param4%5D%5Bmakelist.param5%5D%5Bmakelist.param6%5D%5Bmakelist.param7%5D%3C/fanart%3E%5Cr%5Cn%27%2C%20%27agent%27%3A%20u%27Mozilla/5.0%20%28Linux%3B%20Android%206.0%3B%20Nexus%205%20Build/MRA58N%29%20AppleWebKit/537.36%20%28KHTML%2C%20like%20Gecko%29%20Chrome/88.0.4324.96%20Mobile%20Safari/537.36%20Edg/88.0.705.50%27%2C%20%27expres%27%3A%20u%27video-item--title%3E%28%5B%5E%3C%5D%2A%29%3C%5B%5E-%2A%5D%2A%5B%5E%3D%5D%2A%3D%28%5B%5E%3E%5D%2A%29%5B%5E-%2A%5D%2A%5B%5E%3D%5D%2A%3D%28%5B%5E.%5D%2A.%29%28%5B%5E%5C%5C/%5D%2A%5C%5C/%5B%5E%5C%5C/%5D%2A%5C%5C/%29%28%5B%5E%5C%5C/%5D%2A%29%28%5C%5C/%5B%5E.%2A%5D%2A%29%28%5B%5E%20%2A%5D%2A%29%27%2C%20%27referer%27%3A%20u%27https%3A//rumble.com/%27%2C%20%27page%27%3A%20u%27https%3A//rumble.com/c/OANN%27%7D%7D&amp;iconimage=https%3A%2F%2Fi.rmbl.ws%2Fz8%2FH%2F1%2Fl%2Fb%2FH1lba.baa-OANN-qkqh8q.jpg",return)</action>
	</shortcut>
	<shortcut>
		<defaultID />
		<label>Fox News Clips</label>
		<label2>Video Add-On</label2>
		<icon>DefaultShortcut.png</icon>
		<thumb>special://home/addons/plugin.video.fox.news/resources/icon.png</thumb>
		<action>ActivateWindow(Videos,"plugin://plugin.video.fox.news/?mode=GE&amp;url=%2Fplaylist%2Ffeatured-latest-news",return)</action>
	</shortcut>
	<shortcut>
		<defaultID />
		<label>Past Shows</label>
		<label2>Video Add-On</label2>
		<icon>DefaultShortcut.png</icon>
		<thumb>special://home/addons/plugin.video.fox.news/resources/fanart.jpg</thumb>
		<action>ActivateWindow(Videos,"plugin://plugin.video.fox.news/?mode=GM&amp;url=show",return)</action>
	</shortcut>
	<shortcut>
		<defaultID />
		<label>Rumble[COLOR gold] News[/COLOR]</label>
		<label2>Video Add-On</label2>
		<icon>DefaultShortcut.png</icon>
		<thumb>image://https%3a%2f%2frumble.com%2fi%2ffavicon.png/</thumb>
		<action>ActivateWindow(Videos,"plugin://plugin.video.live.streamspro/?url=%24doregex%5Bmakelist%5D&amp;mode=17&amp;regexs=%7Bu%27makelist%27%3A%20%7B%27name%27%3A%20u%27makelist%27%2C%20%27listrepeat%27%3A%20u%27%5Cr%5Cn%20%20%3Ctitle%3E%5BCOLOR%20gold%5Dhttps%3A//rumble.com%5Bmakelist.param1%5D%5B/COLOR%5D%3C/title%3E%5Cr%5Cn%20%20%3Clink%3Ehttps%3A//sp.%5Bmakelist.param4%5D2%5Bmakelist.param6%5D.caa.1.mp4%3C/link%3E%5Cr%5Cn%20%20%3Cthumbnail%3E%5Bmakelist.param3%5D%5Bmakelist.param4%5D%5Bmakelist.param5%5D%5Bmakelist.param6%5D%5Bmakelist.param7%5D%3C/thumbnail%3E%5Cr%5Cn%20%20%3Cfanart%3E%5Bmakelist.param3%5D%5Bmakelist.param4%5D%5Bmakelist.param5%5D%5Bmakelist.param6%5D%5Bmakelist.param7%5D%3C/fanart%3E%5Cr%5Cn%27%2C%20%27agent%27%3A%20u%27Mozilla/5.0%20%28Linux%3B%20Android%206.0%3B%20Nexus%205%20Build/MRA58N%29%20AppleWebKit/537.36%20%28KHTML%2C%20like%20Gecko%29%20Chrome/88.0.4324.96%20Mobile%20Safari/537.36%20Edg/88.0.705.50%27%2C%20%27expres%27%3A%20u%27video-item--title%3E%28%5B%5E%3C%5D%2A%29%3C%5B%5E-%2A%5D%2A%5B%5E%3D%5D%2A%3D%28%5B%5E%3E%5D%2A%29%5B%5E-%2A%5D%2A%5B%5E%3D%5D%2A%3D%28%5B%5E.%5D%2A.%29%28%5B%5E%5C%5C/%5D%2A%5C%5C/%5B%5E%5C%5C/%5D%2A%5C%5C/%29%28%5B%5E%5C%5C/%5D%2A%29%28%5C%5C/%5B%5E.%2A%5D%2A%29%28%5B%5E%20%2A%5D%2A%29%27%2C%20%27referer%27%3A%20u%27https%3A//rumble.com/%27%2C%20%27page%27%3A%20u%27https%3A//rumble.com/category/news%27%7D%7D&amp;iconimage=https%3A%2F%2Frumble.com%2Fi%2Ffavicon.png",return)</action>
	</shortcut>
	<shortcut>
		<defaultID />
		<label>Rumble[COLOR gold]-leaderboard[/COLOR]</label>
		<label2>Custom item</label2>
		<icon>DefaultShortcut.png</icon>
		<thumb>image://https%3a%2f%2fupload.wikimedia.org%2fwikipedia%2fcommons%2fthumb%2f0%2f0a%2fRumble_logo.svg%2f1024px-Rumble_logo.svg.png/</thumb>
		<action>ActivateWindow(Videos,"plugin://plugin.video.live.streamspro/?url=%24doregex%5Bmakelist%5D&amp;mode=17&amp;regexs=%7Bu%27makelist%27%3A%20%7B%27name%27%3A%20u%27makelist%27%2C%20%27listrepeat%27%3A%20u%27%5Cr%5Cn%20%20%3Ctitle%3E%5BCOLOR%20gold%5Dhttps%3A//rumble.com%5Bmakelist.param1%5D%5B/COLOR%5D%3C/title%3E%5Cr%5Cn%20%20%3Clink%3Ehttps%3A//sp.%5Bmakelist.param4%5D2%5Bmakelist.param6%5D.caa.1.mp4%3C/link%3E%5Cr%5Cn%20%20%3Cthumbnail%3E%5Bmakelist.param3%5D%5Bmakelist.param4%5D%5Bmakelist.param5%5D%5Bmakelist.param6%5D%5Bmakelist.param7%5D%3C/thumbnail%3E%5Cr%5Cn%20%20%3Cfanart%3E%5Bmakelist.param3%5D%5Bmakelist.param4%5D%5Bmakelist.param5%5D%5Bmakelist.param6%5D%5Bmakelist.param7%5D%3C/fanart%3E%5Cr%5Cn%27%2C%20%27agent%27%3A%20u%27Mozilla/5.0%20%28Linux%3B%20Android%206.0%3B%20Nexus%205%20Build/MRA58N%29%20AppleWebKit/537.36%20%28KHTML%2C%20like%20Gecko%29%20Chrome/88.0.4324.96%20Mobile%20Safari/537.36%20Edg/88.0.705.50%27%2C%20%27expres%27%3A%20u%27video-item--title%3E%28%5B%5E%3C%5D%2A%29%3C%5B%5E-%2A%5D%2A%5B%5E%3D%5D%2A%3D%28%5B%5E%3E%5D%2A%29%5B%5E-%2A%5D%2A%5B%5E%3D%5D%2A%3D%5B%5E%3D%5D%2A%3D%28%5B%5E.%5D%2A.%29%28%5B%5E%5C%5C/%5D%2A%5C%5C/%5B%5E%5C%5C/%5D%2A%5C%5C/%29%28%5B%5E%5C%5C/%5D%2A%29%28%5C%5C/%5B%5E.%2A%5D%2A%29%28%5B%5E%20%2A%5D%2A%29%27%2C%20%27referer%27%3A%20u%27https%3A//rumble.com/%27%2C%20%27page%27%3A%20u%27https%3A//rumble.com/battle-leaderboard%27%7D%7D&amp;iconimage=https%3A%2F%2Fupload.wikimedia.org%2Fwikipedia%2Fcommons%2Fthumb%2F0%2F0a%2FRumble_logo.svg%2F1024px-Rumble_logo.svg.png",return)</action>
	</shortcut>
	<shortcut>
		<defaultID />
		<label>Breitbart</label>
		<label2>Custom item</label2>
		<icon>DefaultShortcut.png</icon>
		<thumb>image://https%3a%2f%2fupload.wikimedia.org%2fwikipedia%2fcommons%2fthumb%2ff%2ffe%2fBreitbart_News.svg%2f1200px-Breitbart_News.svg.png/</thumb>
		<action>ActivateWindow(Videos,"plugin://plugin.video.live.streamspro/?url=%24doregex%5Bmakelist%5D&amp;mode=17&amp;regexs=%7Bu%27makelist%27%3A%20%7B%27listrepeat%27%3A%20u%27%5Cr%5Cn%20%20%3Ctitle%3E%5BCOLOR%20gold%5D%5Bmakelist.param2%5D%5B/COLOR%5D%3C/title%3E%5Cr%5Cn%20%20%3Curlsolve%3Ehttps%3A//www.youtube.com/watch%3Fv%3D%5Bmakelist.param3%5D%3C/urlsolve%3E%5Cr%5Cn%20%20%3Cthumbnail%3E%5Bmakelist.param1%5D%3C/thumbnail%3E%5Cr%5Cn%20%20%3Cfanart%3E%5Bmakelist.param1%5D%3C/fanart%3E%5Cr%5Cn%27%2C%20%27expres%27%3A%20u%27%22thumbnail%22%3A%7B%22thumbnails%22%3A%5C%5C%5B%7B%22url%22%3A%22%28%5B%5E%22%5D%2A%29%22.%2A%3FsimpleText%22%3A%22%28%5B%5E%22%5D%2A%29%22.%2A%3Fwatch%5C%5C%3Fv%3D%28%5B%5E%22%5D%2A%29%27%2C%20%27name%27%3A%20u%27makelist%27%2C%20%27page%27%3A%20u%27https%3A//www.youtube.com/channel/UCmgnsaQIK1IR808Ebde-ssA%27%7D%7D&amp;iconimage=https%3A%2F%2Fupload.wikimedia.org%2Fwikipedia%2Fcommons%2Fthumb%2Ff%2Ffe%2FBreitbart_News.svg%2F1200px-Breitbart_News.svg.png",return)</action>
	</shortcut>
	<shortcut>
		<defaultID />
		<label>Just the News</label>
		<label2>Custom item</label2>
		<icon>DefaultShortcut.png</icon>
		<thumb>image://https%3a%2f%2fpodcastbusinessjournal.com%2fwp-content%2fuploads%2fsites%2f5%2f2020%2f01%2fJust-The-News-e1579635111782.jpg/</thumb>
		<action>ActivateWindow(Videos,"plugin://plugin.video.live.streamspro/?url=%24doregex%5Bmakelist%5D&amp;mode=17&amp;regexs=%7Bu%27makelist%27%3A%20%7B%27listrepeat%27%3A%20u%27%5Cr%5Cn%20%20%3Ctitle%3E%5BCOLOR%20gold%5D%5Bmakelist.param2%5D%5B/COLOR%5D%3C/title%3E%5Cr%5Cn%20%20%3Curlsolve%3Ehttps%3A//www.youtube.com/watch%3Fv%3D%5Bmakelist.param3%5D%3C/urlsolve%3E%5Cr%5Cn%20%20%3Cthumbnail%3E%5Bmakelist.param1%5D%3C/thumbnail%3E%5Cr%5Cn%20%20%3Cfanart%3E%5Bmakelist.param1%5D%3C/fanart%3E%5Cr%5Cn%27%2C%20%27expres%27%3A%20u%27%22thumbnail%22%3A%7B%22thumbnails%22%3A%5C%5C%5B%7B%22url%22%3A%22%28%5B%5E%22%5D%2A%29%22.%2A%3FsimpleText%22%3A%22%28%5B%5E%22%5D%2A%29%22.%2A%3Fwatch%5C%5C%3Fv%3D%28%5B%5E%22%5D%2A%29%27%2C%20%27name%27%3A%20u%27makelist%27%2C%20%27page%27%3A%20u%27https%3A//www.youtube.com/channel/UC588htN7jqso3D80OnGGrAw%27%7D%7D&amp;iconimage=https%3A%2F%2Fpodcastbusinessjournal.com%2Fwp-content%2Fuploads%2Fsites%2F5%2F2020%2F01%2FJust-The-News-e1579635111782.jpg",return)</action>
	</shortcut>
	<shortcut>
		<defaultID />
		<label>Dinesh Dsouza</label>
		<label2>Video Add-On</label2>
		<icon>DefaultShortcut.png</icon>
		<thumb>image://https%3a%2f%2fi.rmbl.ws%2fz8%2fx%2fG%2fg%2fb%2fxGgba.baa-DineshDsouza-qhjg9j.jpg/</thumb>
		<action>ActivateWindow(Videos,"plugin://plugin.video.live.streamspro/?url=%24doregex%5Bmakelist%5D&amp;mode=17&amp;regexs=%7Bu%27makelist%27%3A%20%7B%27name%27%3A%20u%27makelist%27%2C%20%27listrepeat%27%3A%20u%27%5Cr%5Cn%20%20%3Ctitle%3E%5BCOLOR%20gold%5Dhttps%3A//rumble.com%5Bmakelist.param1%5D%5B/COLOR%5D%3C/title%3E%5Cr%5Cn%20%20%3Clink%3Ehttps%3A//sp.%5Bmakelist.param4%5D2%5Bmakelist.param6%5D.caa.1.mp4%3C/link%3E%5Cr%5Cn%20%20%3Cthumbnail%3E%5Bmakelist.param3%5D%5Bmakelist.param4%5D%5Bmakelist.param5%5D%5Bmakelist.param6%5D%5Bmakelist.param7%5D%3C/thumbnail%3E%5Cr%5Cn%20%20%3Cfanart%3E%5Bmakelist.param3%5D%5Bmakelist.param4%5D%5Bmakelist.param5%5D%5Bmakelist.param6%5D%5Bmakelist.param7%5D%3C/fanart%3E%5Cr%5Cn%27%2C%20%27agent%27%3A%20u%27Mozilla/5.0%20%28Linux%3B%20Android%206.0%3B%20Nexus%205%20Build/MRA58N%29%20AppleWebKit/537.36%20%28KHTML%2C%20like%20Gecko%29%20Chrome/88.0.4324.96%20Mobile%20Safari/537.36%20Edg/88.0.705.50%27%2C%20%27expres%27%3A%20u%27video-item--title%3E%28%5B%5E%3C%5D%2A%29%3C%5B%5E-%2A%5D%2A%5B%5E%3D%5D%2A%3D%28%5B%5E%3E%5D%2A%29%5B%5E-%2A%5D%2A%5B%5E%3D%5D%2A%3D%28%5B%5E.%5D%2A.%29%28%5B%5E%5C%5C/%5D%2A%5C%5C/%5B%5E%5C%5C/%5D%2A%5C%5C/%29%28%5B%5E%5C%5C/%5D%2A%29%28%5C%5C/%5B%5E.%2A%5D%2A%29%28%5B%5E%20%2A%5D%2A%29%27%2C%20%27referer%27%3A%20u%27https%3A//rumble.com/%27%2C%20%27page%27%3A%20u%27https%3A//rumble.com/c/DineshDsouza%27%7D%7D&amp;iconimage=https%3A%2F%2Fi.rmbl.ws%2Fz8%2Fx%2FG%2Fg%2Fb%2FxGgba.baa-DineshDsouza-qhjg9j.jpg",return)</action>
	</shortcut>
	<shortcut>
		<defaultID />
		<label>Diamond and Silk</label>
		<label2>Video Add-On</label2>
		<icon>DefaultShortcut.png</icon>
		<thumb>image://https%3a%2f%2fi.rmbl.ws%2fz8%2fh%2fz%2ff%2fb%2fhzfba.baa-DiamondandSilk-qh10tb.png/</thumb>
		<action>ActivateWindow(Videos,"plugin://plugin.video.live.streamspro/?url=%24doregex%5Bmakelist%5D&amp;mode=17&amp;regexs=%7Bu%27makelist%27%3A%20%7B%27name%27%3A%20u%27makelist%27%2C%20%27listrepeat%27%3A%20u%27%5Cr%5Cn%20%20%3Ctitle%3E%5BCOLOR%20gold%5Dhttps%3A//rumble.com%5Bmakelist.param1%5D%5B/COLOR%5D%3C/title%3E%5Cr%5Cn%20%20%3Clink%3Ehttps%3A//sp.%5Bmakelist.param4%5D2%5Bmakelist.param6%5D.caa.1.mp4%3C/link%3E%5Cr%5Cn%20%20%3Cthumbnail%3E%5Bmakelist.param3%5D%5Bmakelist.param4%5D%5Bmakelist.param5%5D%5Bmakelist.param6%5D%5Bmakelist.param7%5D%3C/thumbnail%3E%5Cr%5Cn%20%20%3Cfanart%3E%5Bmakelist.param3%5D%5Bmakelist.param4%5D%5Bmakelist.param5%5D%5Bmakelist.param6%5D%5Bmakelist.param7%5D%3C/fanart%3E%5Cr%5Cn%27%2C%20%27agent%27%3A%20u%27Mozilla/5.0%20%28Linux%3B%20Android%206.0%3B%20Nexus%205%20Build/MRA58N%29%20AppleWebKit/537.36%20%28KHTML%2C%20like%20Gecko%29%20Chrome/88.0.4324.96%20Mobile%20Safari/537.36%20Edg/88.0.705.50%27%2C%20%27expres%27%3A%20u%27video-item--title%3E%28%5B%5E%3C%5D%2A%29%3C%5B%5E-%2A%5D%2A%5B%5E%3D%5D%2A%3D%28%5B%5E%3E%5D%2A%29%5B%5E-%2A%5D%2A%5B%5E%3D%5D%2A%3D%28%5B%5E.%5D%2A.%29%28%5B%5E%5C%5C/%5D%2A%5C%5C/%5B%5E%5C%5C/%5D%2A%5C%5C/%29%28%5B%5E%5C%5C/%5D%2A%29%28%5C%5C/%5B%5E.%2A%5D%2A%29%28%5B%5E%20%2A%5D%2A%29%27%2C%20%27referer%27%3A%20u%27https%3A//rumble.com/%27%2C%20%27page%27%3A%20u%27https%3A//rumble.com/c/DiamondandSilk%27%7D%7D&amp;iconimage=https%3A%2F%2Fi.rmbl.ws%2Fz8%2Fh%2Fz%2Ff%2Fb%2Fhzfba.baa-DiamondandSilk-qh10tb.png",return)</action>
	</shortcut>
	<shortcut>
		<defaultID />
		<label>Bongino</label>
		<label2>Video Add-On</label2>
		<icon>DefaultShortcut.png</icon>
		<thumb>image://https%3a%2f%2fi.rmbl.ws%2fz8%2fU%2fK%2fd%2fb%2fUKdba.baa-Bongino-qgs0w4.jpg/</thumb>
		<action>ActivateWindow(Videos,"plugin://plugin.video.live.streamspro/?url=%24doregex%5Bmakelist%5D&amp;mode=17&amp;regexs=%7Bu%27makelist%27%3A%20%7B%27name%27%3A%20u%27makelist%27%2C%20%27listrepeat%27%3A%20u%27%5Cr%5Cn%20%20%3Ctitle%3E%5BCOLOR%20gold%5Dhttps%3A//rumble.com%5Bmakelist.param1%5D%5B/COLOR%5D%3C/title%3E%5Cr%5Cn%20%20%3Clink%3Ehttps%3A//sp.%5Bmakelist.param4%5D2%5Bmakelist.param6%5D.caa.1.mp4%3C/link%3E%5Cr%5Cn%20%20%3Cthumbnail%3E%5Bmakelist.param3%5D%5Bmakelist.param4%5D%5Bmakelist.param5%5D%5Bmakelist.param6%5D%5Bmakelist.param7%5D%3C/thumbnail%3E%5Cr%5Cn%20%20%3Cfanart%3E%5Bmakelist.param3%5D%5Bmakelist.param4%5D%5Bmakelist.param5%5D%5Bmakelist.param6%5D%5Bmakelist.param7%5D%3C/fanart%3E%5Cr%5Cn%27%2C%20%27agent%27%3A%20u%27Mozilla/5.0%20%28Linux%3B%20Android%206.0%3B%20Nexus%205%20Build/MRA58N%29%20AppleWebKit/537.36%20%28KHTML%2C%20like%20Gecko%29%20Chrome/88.0.4324.96%20Mobile%20Safari/537.36%20Edg/88.0.705.50%27%2C%20%27expres%27%3A%20u%27video-item--title%3E%28%5B%5E%3C%5D%2A%29%3C%5B%5E-%2A%5D%2A%5B%5E%3D%5D%2A%3D%28%5B%5E%3E%5D%2A%29%5B%5E-%2A%5D%2A%5B%5E%3D%5D%2A%3D%28%5B%5E.%5D%2A.%29%28%5B%5E%5C%5C/%5D%2A%5C%5C/%5B%5E%5C%5C/%5D%2A%5C%5C/%29%28%5B%5E%5C%5C/%5D%2A%29%28%5C%5C/%5B%5E.%2A%5D%2A%29%28%5B%5E%20%2A%5D%2A%29%27%2C%20%27referer%27%3A%20u%27https%3A//rumble.com/%27%2C%20%27page%27%3A%20u%27https%3A//rumble.com/c/Bongino%27%7D%7D&amp;iconimage=https%3A%2F%2Fi.rmbl.ws%2Fz8%2FU%2FK%2Fd%2Fb%2FUKdba.baa-Bongino-qgs0w4.jpg",return)</action>
	</shortcut>
	<shortcut>
		<defaultID />
		<label>Judicial Watch</label>
		<label2>Custom item</label2>
		<icon>DefaultShortcut.png</icon>
		<thumb>image://https%3a%2f%2fcloudfront.mediamatters.org%2fstyles%2fscale_180px%2fs3%2fstatic%2fD8Image%2f2019%2f11%2f06%2ftom-fitton-mmfa-tag.png/</thumb>
		<action>ActivateWindow(Videos,"plugin://plugin.video.live.streamspro/?url=%24doregex%5Bmakelist%5D&amp;mode=17&amp;regexs=%7Bu%27makelist%27%3A%20%7B%27listrepeat%27%3A%20u%27%5Cr%5Cn%20%20%3Ctitle%3E%5BCOLOR%20gold%5D%5Bmakelist.param2%5D%5B/COLOR%5D%3C/title%3E%5Cr%5Cn%20%20%3Curlsolve%3Ehttps%3A//www.youtube.com/watch%3Fv%3D%5Bmakelist.param3%5D%3C/urlsolve%3E%5Cr%5Cn%20%20%3Cthumbnail%3E%5Bmakelist.param1%5D%3C/thumbnail%3E%5Cr%5Cn%20%20%3Cfanart%3E%5Bmakelist.param1%5D%3C/fanart%3E%5Cr%5Cn%27%2C%20%27expres%27%3A%20u%27%22thumbnail%22%3A%7B%22thumbnails%22%3A%5C%5C%5B%7B%22url%22%3A%22%28%5B%5E%22%5D%2A%29%22.%2A%3FsimpleText%22%3A%22%28%5B%5E%22%5D%2A%29%22.%2A%3Fwatch%5C%5C%3Fv%3D%28%5B%5E%22%5D%2A%29%27%2C%20%27name%27%3A%20u%27makelist%27%2C%20%27page%27%3A%20u%27https%3A//www.youtube.com/user/JudicialWatch%27%7D%7D&amp;iconimage=https%3A%2F%2Fcloudfront.mediamatters.org%2Fstyles%2Fscale_180px%2Fs3%2Fstatic%2FD8Image%2F2019%2F11%2F06%2Ftom-fitton-mmfa-tag.png",return)</action>
	</shortcut>
	<shortcut>
		<defaultID />
		<label>Hurricane Central</label>
		<label2>Video Add-On</label2>
		<icon>DefaultShortcut.png</icon>
		<thumb>image://https%3a%2f%2fwww.redcross.org%2fcontent%2fdam%2fredcross%2ficons%2fdisasters%2fhurricane%2fHurricane-1000x1000-R-RC.png.img.png/</thumb>
		<action>ActivateWindow(Videos,"plugin://plugin.video.live.streamspro/?url=%24doregex%5Bmakelist%5D&amp;mode=17&amp;regexs=%7Bu%27makelist%27%3A%20%7B%27listrepeat%27%3A%20u%27%5Cr%5Cn%20%20%3Ctitle%3E%5BCOLOR%20gold%5D%5Bmakelist.param2%5D%5B/COLOR%5D%3C/title%3E%5Cr%5Cn%20%20%3Curlsolve%3Ehttps%3A//www.youtube.com/watch%3Fv%3D%5Bmakelist.param3%5D%3C/urlsolve%3E%5Cr%5Cn%20%20%3Cthumbnail%3E%5Bmakelist.param1%5D%3C/thumbnail%3E%5Cr%5Cn%20%20%3Cfanart%3Ehttps%3A//github.com/Magic-Dust/MagicDust/raw/master/fanart.jpg%3C/fanart%3E%5Cr%5Cn%27%2C%20%27expres%27%3A%20u%27%22thumbnail%22%3A%7B%22thumbnails%22%3A%5C%5C%5B%7B%22url%22%3A%22%28%5B%5E%22%5D%2A%29%22.%2A%3F%22title%22%3A%7B%22runs%22%3A%5C%5C%5B%7B%22text%22%3A%22%28%5B%5E%22%5D%2A%29%22.%2A%3Fwatch%5C%5C%3Fv%3D%28%5B%5E%22%5D%2A%29%27%2C%20%27name%27%3A%20u%27makelist%27%2C%20%27page%27%3A%20u%27https%3A//www.youtube.com/results%3Fsearch_query%3Dhurricane%27%7D%7D&amp;iconimage=https%3A%2F%2Fwww.redcross.org%2Fcontent%2Fdam%2Fredcross%2Ficons%2Fdisasters%2Fhurricane%2FHurricane-1000x1000-R-RC.png.img.png",return)</action>
	</shortcut>
</shortcuts>
