<?xml version='1.0' encoding='UTF-8'?>
<shortcuts>
	<shortcut>
		<defaultID />
		<label>News Clips</label>
		<label2>Video Add-On</label2>
		<icon>DefaultShortcut.png</icon>
		<thumb>image://%2fstorage%2femulated%2f0%2fAndroid%2fdata%2forg.xbmc.kodi%2ffiles%2f.kodi%2faddons%2fplugin.video.fox.news%2ficon.png/</thumb>
		<action>ActivateWindow(Videos,"plugin://plugin.video.fox.news/?url=http%3A%2F%2Fvideo.foxnews.com%2Fplaylist%2Ffeatured-latest-news&amp;name=Latest+News&amp;mode=get_videolist",return)</action>
	</shortcut>
	<shortcut>
		<defaultID />
		<label>Business Clips</label>
		<label2>Video Add-On</label2>
		<icon>DefaultShortcut.png</icon>
		<thumb>special://home/userdata/addon_data/icons/FBN alert.png</thumb>
		<action>ActivateWindow(Videos,"plugin://plugin.video.fox.news/?url=http%3A%2F%2Fvideo.foxbusiness.com%2Fplaylist%2Flatest-video-latest-video&amp;name=Latest+Video&amp;mode=get_videolist",return)</action>
	</shortcut>
	<shortcut>
		<defaultID />
		<label>Newscasts</label>
		<label2>Video Add-On</label2>
		<icon>DefaultShortcut.png</icon>
		<thumb>image://%2fstorage%2femulated%2f0%2fAndroid%2fdata%2forg.xbmc.kodi%2ffiles%2f.kodi%2faddons%2fplugin.video.newson%2fresources%2fimages%2fnewscast.jpg/</thumb>
		<action>ActivateWindow(Videos,"plugin://plugin.video.newson/?url=0&amp;mode=0&amp;name=Newscasts",return)</action>
	</shortcut>
	<shortcut>
		<defaultID>abcnews</defaultID>
		<label>ABC NEWS</label>
		<label2>Favourite</label2>
		<icon>special://skin/extras/icons/folder.png</icon>
		<thumb>https://mediamythalert.files.wordpress.com/2012/01/abc-news-logo.png</thumb>
		<action>PlayMedia("pvr://channels/tv/All channels/pvr.iptvsimple_202288776.pvr",return)</action>
	</shortcut>
	<shortcut>
		<defaultID>bbcworldnews</defaultID>
		<label>BBC World News</label>
		<label2>Favourite</label2>
		<icon>special://skin/extras/icons/folder.png</icon>
		<thumb>http://www.userlogos.org/files/logos/bluewolverine07/bbc%20news%20logo.png</thumb>
		<action>PlayMedia("pvr://channels/tv/All channels/pvr.iptvsimple_1628919685.pvr",return)</action>
	</shortcut>
	<shortcut>
		<defaultID>cbsnews</defaultID>
		<label>CBS NEWS</label>
		<label2>Favourite</label2>
		<icon>special://skin/extras/icons/folder.png</icon>
		<thumb>https://i.imgur.com/MH7kNnl.png</thumb>
		<action>PlayMedia("pvr://channels/tv/All channels/pvr.iptvsimple_9388705.pvr",return)</action>
	</shortcut>
	<shortcut>
		<defaultID>cnnhd</defaultID>
		<label>CNN HD</label>
		<label2>Favourite</label2>
		<icon>special://skin/extras/icons/folder.png</icon>
		<thumb>https://s3.amazonaws.com/schedulesdirect/assets/stationLogos/s10142_h3_aa.png</thumb>
		<action>PlayMedia("pvr://channels/tv/All channels/pvr.iptvsimple_1226521485.pvr",return)</action>
	</shortcut>
	<shortcut>
		<defaultID>foxnews</defaultID>
		<label>Fox News</label>
		<label2>Favourite</label2>
		<icon>special://skin/extras/icons/folder.png</icon>
		<thumb>https://s3.amazonaws.com/schedulesdirect/assets/stationLogos/s16374_h3_aa.png</thumb>
		<action>PlayMedia("pvr://channels/tv/All channels/pvr.iptvsimple_2039278994.pvr",return)</action>
	</shortcut>
	<shortcut>
		<defaultID>foxbusiness</defaultID>
		<label>Fox Business</label>
		<label2>Favourite</label2>
		<icon>special://skin/extras/icons/folder.png</icon>
		<thumb>https://s3.amazonaws.com/schedulesdirect/assets/stationLogos/s58718_h3_aa.png</thumb>
		<action>PlayMedia("pvr://channels/tv/All channels/pvr.iptvsimple_386126921.pvr",return)</action>
	</shortcut>
	<shortcut>
		<defaultID>msnbc</defaultID>
		<label>MSNBC</label>
		<label2>Favourite</label2>
		<icon>special://skin/extras/icons/folder.png</icon>
		<thumb>http://4.bp.blogspot.com/_SXhQqHh6qKk/TF-00SipWMI/AAAAAAAADwE/uvVu_Accgxk/s320/msnbc.png</thumb>
		<action>PlayMedia("pvr://channels/tv/All channels/pvr.iptvsimple_208485193.pvr",return)</action>
	</shortcut>
	<shortcut>
		<defaultID>skynews</defaultID>
		<label>SKY News</label>
		<label2>Favourite</label2>
		<icon>special://skin/extras/icons/folder.png</icon>
		<thumb>https://s3.amazonaws.com/schedulesdirect/assets/stationLogos/s16234_h3_aa.png</thumb>
		<action>PlayMedia("pvr://channels/tv/All channels/pvr.iptvsimple_385658687.pvr",return)</action>
	</shortcut>
	<shortcut>
		<defaultID>weatherchannel</defaultID>
		<label>Weather Channel</label>
		<label2>Favourite</label2>
		<icon>special://skin/extras/icons/folder.png</icon>
		<thumb>https://s3.amazonaws.com/schedulesdirect/assets/stationLogos/s11187_h3_aa.png</thumb>
		<action>PlayMedia("pvr://channels/tv/All channels/pvr.iptvsimple_862986689.pvr",return)</action>
	</shortcut>
</shortcuts>
