<?xml version='1.0' encoding='UTF-8'?>
<shortcuts>
	<shortcut>
		<defaultID>plugin.video.spotitube</defaultID>
		<label>Youtube Music</label>
		<label2>Music Add-On</label2>
		<icon>DefaultShortcut.png</icon>
		<thumb>image://%2fstorage%2femulated%2f0%2fAndroid%2fdata%2forg.xbmc.kodi%2ffiles%2f.kodi%2faddons%2fplugin.video.spotitube%2ficon.png/</thumb>
		<action>ActivateWindow(Music,"plugin://plugin.video.spotitube",return)</action>
	</shortcut>
	<shortcut>
		<defaultID>mchits</defaultID>
		<label>MC Hits</label>
		<label2>Favourite</label2>
		<icon>special://skin/extras/icons/folder.png</icon>
		<thumb>http://corporate.musicchoice.com/files/1913/8178/7936/MCPlayLogo.png</thumb>
		<action>PlayMedia("pvr://channels/tv/All channels/pvr.iptvsimple_66995365.pvr",return)</action>
	</shortcut>
	<shortcut>
		<defaultID>70s</defaultID>
		<label>'70s</label>
		<label2>Favourite</label2>
		<icon>special://skin/extras/icons/folder.png</icon>
		<thumb>special://skin/extras/icons/song.png</thumb>
		<action>PlayMedia("pvr://channels/tv/All channels/pvr.iptvsimple_1155058594.pvr",return)</action>
	</shortcut>
	<shortcut>
		<defaultID>80s</defaultID>
		<label>80's</label>
		<label2>Favourite</label2>
		<icon>special://skin/extras/icons/folder.png</icon>
		<thumb>special://skin/extras/icons/song.png</thumb>
		<action>PlayMedia("pvr://channels/tv/All channels/pvr.iptvsimple_90023483.pvr",return)</action>
	</shortcut>
	<shortcut>
		<defaultID>90s</defaultID>
		<label>90's</label>
		<label2>Favourite</label2>
		<icon>special://skin/extras/icons/folder.png</icon>
		<thumb>special://skin/extras/icons/song.png</thumb>
		<action>PlayMedia("pvr://channels/tv/All channels/pvr.iptvsimple_404087065.pvr",return)</action>
	</shortcut>
	<shortcut>
		<defaultID>colordodgerblue-color-b-colorwhite-concerts-color-b-colordodgerblue-color</defaultID>
		<label>Concerts</label>
		<label2>Favourite</label2>
		<icon>special://skin/extras/icons/folder.png</icon>
		<thumb>special://home/addons/metadata.musicvideos.theaudiodb.com/fanart.jpg</thumb>
		<action>ActivateWindow(10025,"plugin://plugin.video.thecrew/?action=directory&amp;content=addons&amp;url=http%3a%2f%2fthe-crew.xyz%2fxmlhat%2fgoldenhat%2fconcerts.xml",return)</action>
	</shortcut>
	<shortcut>
		<defaultID>concertchannel</defaultID>
		<label>Concert Channel</label>
		<label2>Favourite</label2>
		<icon>special://skin/extras/icons/folder.png</icon>
		<thumb>https://pbs.twimg.com/profile_images/929125236141731841/u-mpHnWU.jpg</thumb>
		<action>PlayMedia("pvr://channels/tv/All channels/pvr.iptvsimple_482558346.pvr",return)</action>
	</shortcut>
	<shortcut>
		<defaultID />
		<label>WEQX - 107.2 FM</label>
		<label2>Favourite</label2>
		<icon>special://skin/extras/icons/folder.png</icon>
		<thumb>http://static.rad.io/images/broadcasts/e2/62/25931/t175.png</thumb>
		<action>PlayMedia("plugin://plugin.audio.radio_de/station/25931",return)</action>
	</shortcut>
	<shortcut>
		<defaultID>plugin.audio.radio_de</defaultID>
		<label>Radio</label>
		<label2>Music Add-On</label2>
		<icon>DefaultShortcut.png</icon>
		<thumb>image://%2fstorage%2femulated%2f0%2fAndroid%2fdata%2forg.xbmc.kodi%2ffiles%2f.kodi%2faddons%2fplugin.audio.radio_de%2ficon.png/</thumb>
		<action>ActivateWindow(Music,"plugin://plugin.audio.radio_de",return)</action>
	</shortcut>
	<shortcut>
		<defaultID />
		<label>MYCLOUD mp3's</label>
		<label2>Custom item</label2>
		<icon>DefaultShortcut.png</icon>
		<thumb>special://skin/extras/icons/cloudmusic.png</thumb>
		<action>ActivateWindow(Music,"smb://MYCLOUD-SVD70F/PUBLIC/Music/",return)</action>
	</shortcut>
	<shortcut>
		<defaultID />
		<label>MYCLOUD Videos</label>
		<label2>Custom item</label2>
		<icon>DefaultShortcut.png</icon>
		<thumb>special://skin/extras/icons/cloudmusic.png</thumb>
		<action>ActivateWindow(Videos,"smb://MYCLOUD-SVD70F/PUBLIC/Music/",return)</action>
	</shortcut>
</shortcuts>
