<?xml version='1.0' encoding='UTF-8'?>
<shortcuts>
	<shortcut>
		<defaultID>plugin.video.fox.news</defaultID>
		<label>Fox News</label>
		<label2>Video Add-On</label2>
		<icon>DefaultShortcut.png</icon>
		<thumb>image://%2fstorage%2femulated%2f0%2fAndroid%2fdata%2forg.xbmc.kodi%2ffiles%2f.kodi%2faddons%2fplugin.video.fox.news%2fresources%2ficon.png/</thumb>
		<action>ActivateWindow(Videos,"plugin://plugin.video.fox.news",return)</action>
	</shortcut>
	<shortcut>
		<defaultID />
		<label>Local News</label>
		<label2>Video Add-On</label2>
		<icon>DefaultShortcut.png</icon>
		<thumb>image://%2fstorage%2femulated%2f0%2fAndroid%2fdata%2forg.xbmc.kodi%2ffiles%2f.kodi%2faddons%2fplugin.video.newson%2fresources%2fimages%2fnewscast.jpg/</thumb>
		<action>ActivateWindow(Videos,"plugin://plugin.video.newson/?url=0&amp;mode=0&amp;name=Newscasts",return)</action>
	</shortcut>
	<shortcut>
		<defaultID>plugin.video.tvone/list_channels/4</defaultID>
		<label>News Tap</label>
		<label2>Video Add-On</label2>
		<icon>DefaultShortcut.png</icon>
		<thumb>special://home/addons/script.module.tt/icon.png</thumb>
		<action>ActivateWindow(Videos,"plugin://plugin.video.tvone/list_channels/4",return)</action>
	</shortcut>
	<shortcut>
		<defaultID />
		<label>LiveNewsNow</label>
		<label2>Custom item</label2>
		<icon>DefaultShortcut.png</icon>
		<thumb>special://home/userdata/addon_data/icons/magic.png</thumb>
		<action>ActivateWindow(Videos,"plugin://plugin.video.live.streamspro/?url=%2Fsdcard%2FAndroid%2Fdata%2Forg.xbmc.kodi%2Ffiles%2F.kodi%2Fuserdata%2Faddon_data%2Fplugin.video.live.streamspro%2FMagicDust%2FLiveNewsNow.xml&amp;mode=1&amp;name=LiveNewsNow&amp;fanart=%2Fstorage%2Femulated%2F0%2FAndroid%2Fdata%2Forg.xbmc.kodi%2Ffiles%2F.kodi%2Faddons%2Fplugin.video.live.streamspro%2Ffanart.jpg",return)</action>
	</shortcut>
	<shortcut>
		<defaultID />
		<label>usatodaynews</label>
		<label2>Video Add-On</label2>
		<icon>DefaultShortcut.png</icon>
		<thumb>special://home/userdata/addon_data/icons/cartoon_tooth_fairy_greeting_card-r605188d7a9af45dfba89aa9efb9f80aa_xvuak_8byvr_512[1]bbbb.jpg</thumb>
		<action>ActivateWindow(Videos,"plugin://plugin.video.live.streamspro/?url=%2Fstorage%2Fsdcard0%2FAndroid%2Fdata%2Forg.xbmc.kodi%2Ffiles%2F.kodi%2Fuserdata%2Faddon_data%2Fplugin.video.live.streamspro%2FMagicDust%2Fusatodaynews.xml&amp;mode=1&amp;name=usatodaynews&amp;fanart=%2Fstorage%2Femulated%2F0%2FAndroid%2Fdata%2Forg.xbmc.kodi%2Ffiles%2F.kodi%2Faddons%2Fplugin.video.live.streamspro%2Ffanart.jpg",return)</action>
	</shortcut>
	<shortcut>
		<defaultID>weatherchannel</defaultID>
		<label>Weather Channel</label>
		<label2>Favourite</label2>
		<icon>special://skin/extras/icons/folder.png</icon>
		<thumb>https://s3.amazonaws.com/schedulesdirect/assets/stationLogos/s11187_h3_aa.png</thumb>
		<action>PlayMedia("pvr://channels/tv/All channels/pvr.iptvsimple_862986689.pvr",return)</action>
	</shortcut>
</shortcuts>
