<?xml version='1.0' encoding='UTF-8'?>
<shortcuts>
	<shortcut>
		<defaultID />
		<label>TMDB Movies</label>
		<label2>Custom item</label2>
		<icon>DefaultShortcut.png</icon>
		<thumb />
		<action>DefaultSearch-TMDBMovies</action>
	</shortcut>
	<shortcut>
		<defaultID />
		<label>TMDB TV Shows</label>
		<label2>Custom item</label2>
		<icon>DefaultShortcut.png</icon>
		<thumb />
		<action>DefaultSearch-TMDBShows</action>
	</shortcut>
	<shortcut>
		<defaultID>director</defaultID>
		<label>Director</label>
		<label2>Default</label2>
		<icon>special://skin/extras/icons/person.png</icon>
		<thumb />
		<action>DefaultSearch-Director</action>
	</shortcut>
	<shortcut>
		<defaultID>albums</defaultID>
		<label>Albums</label>
		<label2>Default</label2>
		<icon>special://skin/extras/icons/songs.png</icon>
		<thumb />
		<action>DefaultSearch-Albums</action>
	</shortcut>
	<shortcut>
		<defaultID>artists</defaultID>
		<label>Artists</label>
		<label2>Default</label2>
		<icon>special://skin/extras/icons/songs.png</icon>
		<thumb />
		<action>DefaultSearch-Artists</action>
	</shortcut>
	<shortcut>
		<defaultID>musicvideos</defaultID>
		<label>Music Videos</label>
		<label2>Default</label2>
		<icon>special://skin/extras/icons/musicvideo.png</icon>
		<thumb />
		<action>DefaultSearch-MusicVideos</action>
	</shortcut>
	<shortcut>
		<defaultID>musicvideoartists</defaultID>
		<label>Music Video Artists</label>
		<label2>Default</label2>
		<icon>special://skin/extras/icons/musicvideo.png</icon>
		<thumb />
		<action>DefaultSearch-MusicVideoArtists</action>
	</shortcut>
	<shortcut>
		<defaultID>add-ons</defaultID>
		<label>Add-ons</label>
		<label2>Default</label2>
		<icon>special://skin/extras/icons/addons.png</icon>
		<thumb />
		<action>DefaultSearch-Addons</action>
	</shortcut>
	<shortcut>
		<defaultID>youtube</defaultID>
		<label>Youtube</label>
		<label2>Default</label2>
		<icon>special://skin/extras/icons/youtube.png</icon>
		<thumb />
		<action>DefaultSearch-Youtube</action>
	</shortcut>
</shortcuts>
