<?xml version='1.0' encoding='UTF-8'?>
<shortcuts>
	<shortcut>
		<defaultID>plugin.video.endzone</defaultID>
		<label>[COLORnavajowhite]The Endzone[/COLOR]</label>
		<label2>Video Add-On</label2>
		<icon>DefaultShortcut.png</icon>
		<thumb>special://home/userdata/addon_data/icons/sports.jpg</thumb>
		<action>ActivateWindow(Videos,"plugin://plugin.video.endzone",return)</action>
	</shortcut>
	<shortcut>
		<defaultID />
		<label>The Crew</label>
		<label2>Video Add-On</label2>
		<icon>DefaultShortcut.png</icon>
		<thumb>special://home/userdata/addon_data/icons/The-Crew.jpg</thumb>
		<action>ActivateWindow(Videos,"plugin://plugin.video.thecrew/?action=bluehat",return)</action>
	</shortcut>
	<shortcut>
		<defaultID />
		<label>MagicDust</label>
		<label2>Custom item</label2>
		<icon>DefaultShortcut.png</icon>
		<thumb>special://home/userdata/addon_data/icons/magic.png</thumb>
		<action>ActivateWindow(Videos,"plugin://plugin.video.live.streamspro/?url=%2Fstorage%2Femulated%2F0%2FDownloads%2Fyoursports.xml&amp;mode=1&amp;name=yoursports&amp;fanart=%2Fstorage%2Femulated%2F0%2FAndroid%2Fdata%2Forg.xbmc.kodi%2Ffiles%2F.kodi%2Faddons%2Fplugin.video.live.streamspro%2Ffanart.jpg",return)</action>
	</shortcut>
	<shortcut>
		<defaultID />
		<label>Live PPV Events</label>
		<label2>Video Add-On</label2>
		<icon>DefaultShortcut.png</icon>
		<thumb>image://https%3a%2f%2fi.imgur.com%2fXcIr4P6.png/</thumb>
		<action>ActivateWindow(Videos,"plugin://plugin.video.Rising.Tides/?url=http%3A%2F%2Fbit.ly%2FPPVXMLZ&amp;mode=1&amp;name=%5BCOLOR+pink%5D%5BB%5DL%5B%2FB%5D%5B%2FCOLOR%5D%5BCOLOR+white%5D%5BB%5Dive%5B%2FB%5D%5B%2FCOLOR%5D+%5BCOLOR+red%5D%5BB%5DP%5B%2FB%5D%5B%2FCOLOR%5D%5BCOLOR+white%5D%5BB%5DPV%5B%2FB%5D%5B%2FCOLOR%5D+%5BCOLOR+pink%5D%5BB%5DE%5B%2FB%5D%5B%2FCOLOR%5D%5BCOLOR+white%5D%5BB%5Dvents%5B%2FB%5D%5B%2FCOLOR%5D&amp;iconimage=https%3A%2F%2Fi.imgur.com%2FXcIr4P6.png&amp;fanart=https%3A%2F%2Fcleeng.com%2Fblog%2Fwp-content%2Fuploads%2F2017%2F02%2FLive-PPV-piracy-e1487848574731.jpg",return)</action>
	</shortcut>
	<shortcut>
		<defaultID />
		<label>Extra Live Content</label>
		<label2>Video Add-On</label2>
		<icon>DefaultShortcut.png</icon>
		<thumb>image://https%3a%2f%2fi.imgur.com%2fGcj6XL7.jpg/</thumb>
		<action>ActivateWindow(Videos,"plugin://plugin.video.Rising.Tides/?url=http%3A%2F%2Fbit.ly%2FREQUESTSZZ&amp;mode=1&amp;name=%5BCOLOR+pink%5D%5BB%5DE%5B%2FB%5D%5B%2FCOLOR%5D%5BCOLOR+white%5D%5BB%5Dxtra+%5B%2FB%5D%5B%2FCOLOR%5D+%5BCOLOR+red%5D%5BB%5DL%5B%2FB%5D%5B%2FCOLOR%5D%5BCOLOR+white%5D%5BB%5Dive%5B%2FB%5D%5B%2FCOLOR%5D+%5BCOLOR+red%5D%5BB%5DC%5B%2FB%5D%5B%2FCOLOR%5D%5BCOLOR+white%5D%5BB%5Dontent%5B%2FB%5D%5B%2FCOLOR%5D&amp;iconimage=https%3A%2F%2Fi.imgur.com%2FGcj6XL7.jpg&amp;fanart=https%3A%2F%2Fi.imgur.com%2FAWutrFY.jpg",return)</action>
	</shortcut>
	<shortcut>
		<defaultID />
		<label>Weplaylive</label>
		<label2>Video Add-On</label2>
		<icon>DefaultShortcut.png</icon>
		<thumb>special://home/userdata/addon_data/icons/sports.png</thumb>
		<action>ActivateWindow(Videos,"plugin://plugin.video.live.streamspro/?url=%2Fstorage%2Femulated%2F0%2FDownloads%2Fweplaylive.xml&amp;mode=1&amp;name=Weplaylive&amp;fanart=%2Fstorage%2Femulated%2F0%2FAndroid%2Fdata%2Forg.xbmc.kodi%2Ffiles%2F.kodi%2Faddons%2Fplugin.video.live.streamspro%2Ffanart.jpg",return)</action>
	</shortcut>
	<shortcut>
		<defaultID />
		<label>Sport365</label>
		<label2>Video Add-On</label2>
		<icon>DefaultShortcut.png</icon>
		<thumb>image://%2fstorage%2femulated%2f0%2fAndroid%2fdata%2forg.xbmc.kodi%2ffiles%2f.kodi%2faddons%2fplugin.video.sport365.live%2ficon.png/</thumb>
		<action>ActivateWindow(Videos,"plugin://plugin.video.sport365.live/?foldername=Sport365+LIVE&amp;params=%7B%27_service%27%3A+%27sport365%27%2C+%27_act%27%3A+%27ListChannels%27%2C+%27_url%27%3A+%27http%3A%2F%2Fwww.sport365.sx%2F%27%7D&amp;ex_link=&amp;mode=site2",return)</action>
	</shortcut>
	<shortcut>
		<defaultID />
		<label>Tides Channels</label>
		<label2>Video Add-On</label2>
		<icon>DefaultShortcut.png</icon>
		<thumb>special://home/addons/plugin.video.Rising.Tides/icon.png</thumb>
		<action>ActivateWindow(Videos,"plugin://plugin.video.Rising.Tides/?url=http%3A%2F%2Fbit.ly%2FSPORTZZ&amp;mode=1&amp;name=%5BCOLOR+pink%5D%5BB%5DS%5B%2FB%5D%5B%2FCOLOR%5D%5BCOLOR+white%5D%5BB%5Dports%5B%2FB%5D%5B%2FCOLOR%5D+%5BCOLOR+red%5D%5BB%5DC%5B%2FB%5D%5B%2FCOLOR%5D%5BCOLOR+white%5D%5BB%5Dhannels%5B%2FB%5D%5B%2FCOLOR%5D&amp;iconimage=http%3A%2F%2Fmullafabz.xyz%2FHOST%2FIcons%2FLive-Sport-Channel-TV.jpg&amp;fanart=http%3A%2F%2Fmullafabz.xyz%2FHOST%2FIcons%2Fpromo.jpg",return)</action>
	</shortcut>
	<shortcut>
		<defaultID>30for30</defaultID>
		<label>30 for 30</label>
		<label2>Favourite</label2>
		<icon>special://skin/extras/icons/folder.png</icon>
		<thumb>http://www.thetvdb.com/banners/posters/128051-5.jpg</thumb>
		<action>ActivateWindow(10025,"special://profile/addon_data/plugin.video.openmeta/TVShows/128051/",return)</action>
	</shortcut>
	<shortcut>
		<defaultID />
		<label>Reddit</label>
		<label2>Program</label2>
		<icon>DefaultShortcut.png</icon>
		<thumb>image://special%3a%2f%2fhome%2faddons%2fscript.module.openscrapers%2ficon.png/</thumb>
		<action>ActivateWindow(Programs,"plugin://plugin.program.super.favourites/?label=Reddit&amp;mode=400&amp;path=special%3A%2F%2Fprofile%2Faddon_data%2Fplugin.program.super.favourites%2FSuper+Favourites%2FLiveTV%2FReddit&amp;image=special%3A%2F%2Fhome%2Faddons%2Fscript.module.openscrapers%2Ficon.png&amp;fanart=NULL",return)</action>
	</shortcut>
	<shortcut>
		<defaultID />
		<label>[COLOR FFffffffff]WWE[/COLOR]</label>
		<label2>Video Add-On</label2>
		<icon>DefaultShortcut.png</icon>
		<thumb>image://https%3a%2f%2fupload.wikimedia.org%2fwikipedia%2fcommons%2fthumb%2f0%2f03%2fWWE_Logo.svg%2f800px-WWE_Logo.svg.png/</thumb>
		<action>ActivateWindow(Videos,"plugin://plugin.video.loki/?mode=get_list&amp;url=http%3A%2F%2Fbuilds.kodiuk.tv%2Fdevelopment%2Floki%2FWWE%2Fwwe%2520main%2520xml%2Fwwesection.xml&amp;name=%5BCOLOR+FFffffffff%5DWWE%5B%2FCOLOR%5D&amp;iconimage=https%3A%2F%2Fupload.wikimedia.org%2Fwikipedia%2Fcommons%2Fthumb%2F0%2F03%2FWWE_Logo.svg%2F800px-WWE_Logo.svg.png&amp;fanart=https%3A%2F%2Fwallpaperplay.com%2Fwalls%2Ffull%2Ff%2Fb%2Fb%2F78488.jpg&amp;description=No+information+available",return)</action>
	</shortcut>
	<shortcut>
		<defaultID />
		<label>[COLOR FFffffffff]UFC Replays[/COLOR]</label>
		<label2>Video Add-On</label2>
		<icon>DefaultShortcut.png</icon>
		<thumb>special://home/userdata/addon_data/icons/ufc.png</thumb>
		<action>ActivateWindow(Videos,"plugin://plugin.video.loki/?mode=get_list&amp;url=http%3A%2F%2Fbuilds.kodiuk.tv%2Fdevelopment%2Floki%2Fufc%2Fufc.xml&amp;name=%5BCOLOR+FFffffffff%5DUFC+Replays%5B%2FCOLOR%5D&amp;iconimage=%2Fstorage%2Femulated%2F0%2FAndroid%2Fdata%2Forg.xbmc.kodi%2Ffiles%2F.kodi%2Faddons%2Fplugin.video.loki%2Ficon.png&amp;fanart=%2Fstorage%2Femulated%2F0%2FAndroid%2Fdata%2Forg.xbmc.kodi%2Ffiles%2F.kodi%2Faddons%2Fplugin.video.loki%2Ffanart.jpg&amp;description=No+information+available",return)</action>
	</shortcut>
</shortcuts>
