<?xml version='1.0' encoding='UTF-8'?>
<shortcuts>
	<shortcut>
		<defaultID />
		<label>PPV Events</label>
		<label2>Video Add-On</label2>
		<icon>DefaultShortcut.png</icon>
		<thumb>image://http%3a%2f%2fmullafabz.xyz%2fHOST%2fIcons%2fppvnew.jpg/</thumb>
		<action>ActivateWindow(Videos,"plugin://plugin.video.Rising.Tides/?url=http%3A%2F%2Fbit.ly%2FPPVXMLZ&amp;mode=1&amp;name=%5BCOLOR+pink%5D%5BB%5DL%5B%2FB%5D%5B%2FCOLOR%5D%5BCOLOR+white%5D%5BB%5Dive%5B%2FB%5D%5B%2FCOLOR%5D+%5BCOLOR+red%5D%5BB%5DP%5B%2FB%5D%5B%2FCOLOR%5D%5BCOLOR+white%5D%5BB%5DPV%5B%2FB%5D%5B%2FCOLOR%5D+%5BCOLOR+pink%5D%5BB%5DE%5B%2FB%5D%5B%2FCOLOR%5D%5BCOLOR+white%5D%5BB%5Dvents%5B%2FB%5D%5B%2FCOLOR%5D&amp;iconimage=http%3A%2F%2Fmullafabz.xyz%2FHOST%2FIcons%2Fppvnew.jpg&amp;fanart=https%3A%2F%2Fcleeng.com%2Fblog%2Fwp-content%2Fuploads%2F2017%2F02%2FLive-PPV-piracy-e1487848574731.jpg",return)</action>
	</shortcut>
	<shortcut>
		<defaultID />
		<label>SportsCenter</label>
		<label2>Video Add-On</label2>
		<icon>DefaultShortcut.png</icon>
		<thumb>special://skin/extras/icons/espn.png</thumb>
		<action>ActivateWindow(Videos,"plugin://plugin.video.espn_3/?SHOWCASE_NAV_ID=nav-1&amp;SHOWCASE_URL=https%3A%2F%2Fwww.espn.com%2Fwatchespn%2Fappletv%2Fsport%3Fabbreviation%3Dsr&amp;MODE=%2Fappletv%2FCATEGORY_SHOWCASE",return)</action>
	</shortcut>
	<shortcut>
		<defaultID>moviecategorieslist</defaultID>
		<label>Channel Lists</label>
		<label2>Custom item</label2>
		<icon>special://skin/extras/icons/clipboard.png</icon>
		<thumb>special://skin/extras/icons/tvguide.png</thumb>
		<action>ActivateWindow(1104,return)</action>
	</shortcut>
	<shortcut>
		<defaultID>tvcategorieslist</defaultID>
		<label>Addons</label>
		<label2>Custom item</label2>
		<icon>special://skin/extras/icons/clipboard.png</icon>
		<thumb>special://skin/extras/icons/addon.png</thumb>
		<action>ActivateWindow(1102,return)</action>
	</shortcut>
	<shortcut>
		<defaultID />
		<label>MLB</label>
		<label2>Custom item</label2>
		<icon>DefaultShortcut.png</icon>
		<thumb>special://skin/extras/icons/mlb.png</thumb>
		<action>ActivateWindow(Videos,"plugin://plugin.video.PLsportowo/?url=https%3A%2F%2Fsportsbay.org%2Fsports%2Fbaseball%2F1&amp;image=%2Fstorage%2Femulated%2F0%2FAndroid%2Fdata%2Forg.xbmc.kodi%2Ffiles%2F.kodi%2Faddons%2Fplugin.video.PLsportowo%2Fresources%2Fbaseball.png&amp;mode=getsportsbayschedule&amp;title=Baseball",return)</action>
	</shortcut>
	<shortcut>
		<defaultID />
		<label>NCAA Basketball</label>
		<label2>Video Add-On</label2>
		<icon>DefaultShortcut.png</icon>
		<thumb>special://skin/extras/icons/basketball.png</thumb>
		<action>ActivateWindow(Videos,"plugin://plugin.video.live.streamspro/?url=%24doregex%5Bmakelist%5D&amp;mode=17&amp;regexs=%7Bu%27m5%27%3A%20%7B%27expres%27%3A%20u%27%23%24pyFunction%5Cr%5Cnimport%20re%2Crequests%5Cr%5Cndef%20GetLSProData%28page_data%2CCookie_Jar%2Cm%29%3A%23streamwatcher2013%5Cr%5Cn%20%20source%3Drequests.get%28%5C%27%5Bmakelist.param1%5Dvideo.php%5C%27%2Cheaders%3D%7B%5C%27user-agent%5C%27%3A%5C%27Mozilla/5.0%5C%27%2C%5C%27referer%5C%27%3A%5C%27http%3A//crackstreams.is/mmastreams/watch-ufc-rozenstruik-vs-gane/%5C%27%2C%5C%27accept%5C%27%3A%5C%27%2A/%2A%5C%27%7D%29.content%5Cr%5Cn%20%20if%20%5C%27window.atob%5C%27%20in%20source%3A%5Cr%5Cn%20%20%20%20return%20re.findall%28%5C%27window.atob.%5B%5C%5C%5C%27%22%5D%28%5B%5E%5C%5C%5C%27%22%5D%2B%29%5C%27%2Csource%29%5B0%5D.decode%28%5C%27base64%5C%27%29%2B%5C%27%7Cuser-agent%3Dipad%26origin%3Dhttp%3A//crackstreams.is%26referer%3Dhttp%3A//crackstreams.is/mmastreams/watch-ufc-rozenstruik-vs-gane/video.php%5C%27%5Cr%5Cn%20%20else%3A%5Cr%5Cn%20%20%20%20return%20re.findall%28%5C%27id%3D%22play%5B%5C%5Cw%5C%5CW%5D%2B%3F%28%3F%3Asource%7Csrc%7Cfile%29%3A%5C%5Cs%2A%5B%5C%5C%5C%27%22%5D%28htt%5B%5E%5C%5C%5C%27%22%5D%2B%29%5C%27%2Csource%29%5B0%5D%2B%5C%27%7Cuser-agent%3Dipad%26origin%3Dhttp%3A//crackstreams.is%26referer%3Dhttp%3A//crackstreams.is/mmastreams/watch-ufc-rozenstruik-vs-gane/video.php%5C%27%5Cr%5Cn%27%2C%20%27name%27%3A%20u%27m5%27%2C%20%27page%27%3A%20None%7D%2C%20u%27makelist%27%3A%20%7B%27listrepeat%27%3A%20u%27%5Cr%5Cn%3Ctitle%3E%28%5Bmakelist.param3%5D%29%20%5Bmakelist.param2%5D%3C/title%3E%5Cr%5Cn%3Cfanart%3Ehttps%3A//github.com/Magic-Dust/MagicDust/raw/master/fanart.jpg%3C/fanart%3E%5Cr%5Cn%3Cthumbnail%3Ehttp%3A//crackstreams.is/icons/ncaab2.png%3C/thumbnail%3E%5Cr%5Cn%3Clink%3E%24doregex%5Bm5%5D%3C/link%3E%20%20%20%5Cr%5Cn%27%2C%20%27expres%27%3A%20u%22a%20href%3D%27%28%5B%5E%27%5D%2B%29%5B%5C%5Cw%5C%5CW%5D%2A%3Fg%27%3E%5C%5Cs%2A%28%5B%5E%3C%5D%2B%29.%2A%5C%5Cn.%2A%3F-%5C%5Cs%28%5B%5E%3C%5D%2B%29%22%2C%20%27name%27%3A%20u%27makelist%27%2C%20%27page%27%3A%20u%27http%3A//crackstreams.is/ncaabstreams/%27%7D%7D&amp;iconimage=https%3A%2F%2Ftroypoint.com%2Fwp-content%2Fuploads%2F2020%2F11%2Fcrackstreams-website-150x150.png",return)</action>
	</shortcut>
	<shortcut>
		<defaultID />
		<label>NFL</label>
		<label2>Video Add-On</label2>
		<icon>DefaultShortcut.png</icon>
		<thumb>special://skin/extras/icons/nfl.png</thumb>
		<action>ActivateWindow(Videos,"plugin://plugin.video.live.streamspro/?url=%24doregex%5Bmakelist%5D&amp;mode=17&amp;regexs=%7Bu%27m5%27%3A%20%7B%27expres%27%3A%20u%27%23%24pyFunction%5Cr%5Cnimport%20re%2Crequests%5Cr%5Cndef%20GetLSProData%28page_data%2CCookie_Jar%2Cm%29%3A%23streamwatcher2013%5Cr%5Cn%20%20source%3Drequests.get%28%5C%27%5Bmakelist.param1%5Dvideo.php%5C%27%2Cheaders%3D%7B%5C%27user-agent%5C%27%3A%5C%27Mozilla/5.0%5C%27%2C%5C%27referer%5C%27%3A%5C%27http%3A//crackstreams.is/mmastreams/watch-ufc-rozenstruik-vs-gane/%5C%27%2C%5C%27accept%5C%27%3A%5C%27%2A/%2A%5C%27%7D%29.content%5Cr%5Cn%20%20if%20%5C%27window.atob%5C%27%20in%20source%3A%5Cr%5Cn%20%20%20%20return%20re.findall%28%5C%27window.atob.%5B%5C%5C%5C%27%22%5D%28%5B%5E%5C%5C%5C%27%22%5D%2B%29%5C%27%2Csource%29%5B0%5D.decode%28%5C%27base64%5C%27%29%2B%5C%27%7Cuser-agent%3Dipad%26origin%3Dhttp%3A//crackstreams.is%26referer%3Dhttp%3A//crackstreams.is/mmastreams/watch-ufc-rozenstruik-vs-gane/video.php%5C%27%5Cr%5Cn%20%20else%3A%5Cr%5Cn%20%20%20%20return%20re.findall%28%5C%27id%3D%22play%5B%5C%5Cw%5C%5CW%5D%2B%3F%28%3F%3Asource%7Csrc%7Cfile%29%3A%5C%5Cs%2A%5B%5C%5C%5C%27%22%5D%28htt%5B%5E%5C%5C%5C%27%22%5D%2B%29%5C%27%2Csource%29%5B0%5D%2B%5C%27%7Cuser-agent%3Dipad%26origin%3Dhttp%3A//crackstreams.is%26referer%3Dhttp%3A//crackstreams.is/mmastreams/watch-ufc-rozenstruik-vs-gane/video.php%5C%27%5Cr%5Cn%27%2C%20%27name%27%3A%20u%27m5%27%2C%20%27page%27%3A%20None%7D%2C%20u%27makelist%27%3A%20%7B%27listrepeat%27%3A%20u%27%5Cr%5Cn%3Ctitle%3E%28%5Bmakelist.param3%5D%29%20%5Bmakelist.param2%5D%3C/title%3E%5Cr%5Cn%3Cfanart%3Ehttps%3A//github.com/Magic-Dust/MagicDust/raw/master/fanart.jpg%3C/fanart%3E%5Cr%5Cn%3Cthumbnail%3Ehttp%3A//crackstreams.is/icons/nfl.png%3C/thumbnail%3E%5Cr%5Cn%3Clink%3E%24doregex%5Bm5%5D%3C/link%3E%20%20%20%5Cr%5Cn%27%2C%20%27expres%27%3A%20u%22a%20href%3D%27%28%5B%5E%27%5D%2B%29%5B%5C%5Cw%5C%5CW%5D%2A%3Fg%27%3E%5C%5Cs%2A%28%5B%5E%3C%5D%2B%29.%2A%5C%5Cn.%2A%3F-%5C%5Cs%28%5B%5E%3C%5D%2B%29%22%2C%20%27name%27%3A%20u%27makelist%27%2C%20%27page%27%3A%20u%27http%3A//crackstreams.is/nflstreams/%27%7D%7D&amp;iconimage=http%3A%2F%2Fcrackstreams.is%2Ficons%2Fnfl.png",return)</action>
	</shortcut>
	<shortcut>
		<defaultID />
		<label>College Football</label>
		<label2>Video Add-On</label2>
		<icon>DefaultShortcut.png</icon>
		<thumb>special://skin/extras/icons/football.png</thumb>
		<action>ActivateWindow(Videos,"plugin://plugin.video.live.streamspro/?url=%24doregex%5Bmakelist%5D&amp;mode=17&amp;regexs=%7Bu%27m5%27%3A%20%7B%27expres%27%3A%20u%27%23%24pyFunction%5Cr%5Cnimport%20re%2Crequests%5Cr%5Cndef%20GetLSProData%28page_data%2CCookie_Jar%2Cm%29%3A%23streamwatcher2013%5Cr%5Cn%20%20source%3Drequests.get%28%5C%27%5Bmakelist.param1%5Dvideo.php%5C%27%2Cheaders%3D%7B%5C%27user-agent%5C%27%3A%5C%27Mozilla/5.0%5C%27%2C%5C%27referer%5C%27%3A%5C%27http%3A//crackstreams.is/mmastreams/watch-ufc-rozenstruik-vs-gane/%5C%27%2C%5C%27accept%5C%27%3A%5C%27%2A/%2A%5C%27%7D%29.content%5Cr%5Cn%20%20if%20%5C%27window.atob%5C%27%20in%20source%3A%5Cr%5Cn%20%20%20%20return%20re.findall%28%5C%27window.atob.%5B%5C%5C%5C%27%22%5D%28%5B%5E%5C%5C%5C%27%22%5D%2B%29%5C%27%2Csource%29%5B0%5D.decode%28%5C%27base64%5C%27%29%2B%5C%27%7Cuser-agent%3Dipad%26origin%3Dhttp%3A//crackstreams.is%26referer%3Dhttp%3A//crackstreams.is/mmastreams/watch-ufc-rozenstruik-vs-gane/video.php%5C%27%5Cr%5Cn%20%20else%3A%5Cr%5Cn%20%20%20%20return%20re.findall%28%5C%27id%3D%22play%5B%5C%5Cw%5C%5CW%5D%2B%3F%28%3F%3Asource%7Csrc%7Cfile%29%3A%5C%5Cs%2A%5B%5C%5C%5C%27%22%5D%28htt%5B%5E%5C%5C%5C%27%22%5D%2B%29%5C%27%2Csource%29%5B0%5D%2B%5C%27%7Cuser-agent%3Dipad%26origin%3Dhttp%3A//crackstreams.is%26referer%3Dhttp%3A//crackstreams.is/mmastreams/watch-ufc-rozenstruik-vs-gane/video.php%5C%27%5Cr%5Cn%27%2C%20%27name%27%3A%20u%27m5%27%2C%20%27page%27%3A%20None%7D%2C%20u%27makelist%27%3A%20%7B%27listrepeat%27%3A%20u%27%5Cr%5Cn%3Ctitle%3E%28%5Bmakelist.param3%5D%29%20%5Bmakelist.param2%5D%3C/title%3E%5Cr%5Cn%3Cfanart%3Ehttps%3A//github.com/Magic-Dust/MagicDust/raw/master/fanart.jpg%3C/fanart%3E%5Cr%5Cn%3Cthumbnail%3Ehttps%3A//s22908.pcdn.co/stream-sports/wp-content/uploads/sites/3/2016/08/ncaa-football-280x280.png%3C/thumbnail%3E%5Cr%5Cn%3Clink%3E%24doregex%5Bm5%5D%3C/link%3E%20%20%20%5Cr%5Cn%27%2C%20%27expres%27%3A%20u%22a%20href%3D%27%28%5B%5E%27%5D%2B%29%5B%5C%5Cw%5C%5CW%5D%2A%3Fg%27%3E%5C%5Cs%2A%28%5B%5E%3C%5D%2B%29.%2A%5C%5Cn.%2A%3F-%5C%5Cs%28%5B%5E%3C%5D%2B%29%22%2C%20%27name%27%3A%20u%27makelist%27%2C%20%27page%27%3A%20u%27http%3A//crackstreams.is/cfbstreams/%27%7D%7D&amp;iconimage=https%3A%2F%2Fs22908.pcdn.co%2Fstream-sports%2Fwp-content%2Fuploads%2Fsites%2F3%2F2016%2F08%2Fncaa-football-280x280.png",return)</action>
	</shortcut>
	<shortcut>
		<defaultID />
		<label>NBA</label>
		<label2>Video Add-On</label2>
		<icon>DefaultShortcut.png</icon>
		<thumb>special://skin/extras/icons/nba.png</thumb>
		<action>ActivateWindow(Videos,"plugin://plugin.video.live.streamspro/?url=%24doregex%5Bmakelist%5D&amp;mode=17&amp;regexs=%7Bu%27m5%27%3A%20%7B%27expres%27%3A%20u%27%23%24pyFunction%5Cr%5Cnimport%20re%2Crequests%5Cr%5Cndef%20GetLSProData%28page_data%2CCookie_Jar%2Cm%29%3A%23streamwatcher2013%5Cr%5Cn%20%20source%3Drequests.get%28%5C%27%5Bmakelist.param1%5Dvideo.php%5C%27%2Cheaders%3D%7B%5C%27user-agent%5C%27%3A%5C%27Mozilla/5.0%5C%27%2C%5C%27referer%5C%27%3A%5C%27http%3A//crackstreams.is/mmastreams/watch-ufc-rozenstruik-vs-gane/%5C%27%2C%5C%27accept%5C%27%3A%5C%27%2A/%2A%5C%27%7D%29.content%5Cr%5Cn%20%20if%20%5C%27window.atob%5C%27%20in%20source%3A%5Cr%5Cn%20%20%20%20return%20re.findall%28%5C%27window.atob.%5B%5C%5C%5C%27%22%5D%28%5B%5E%5C%5C%5C%27%22%5D%2B%29%5C%27%2Csource%29%5B0%5D.decode%28%5C%27base64%5C%27%29%2B%5C%27%7Cuser-agent%3Dipad%26origin%3Dhttp%3A//crackstreams.is%26referer%3Dhttp%3A//crackstreams.is/mmastreams/watch-ufc-rozenstruik-vs-gane/video.php%5C%27%5Cr%5Cn%20%20else%3A%5Cr%5Cn%20%20%20%20return%20re.findall%28%5C%27id%3D%22play%5B%5C%5Cw%5C%5CW%5D%2B%3F%28%3F%3Asource%7Csrc%7Cfile%29%3A%5C%5Cs%2A%5B%5C%5C%5C%27%22%5D%28htt%5B%5E%5C%5C%5C%27%22%5D%2B%29%5C%27%2Csource%29%5B0%5D%2B%5C%27%7Cuser-agent%3Dipad%26origin%3Dhttp%3A//crackstreams.is%26referer%3Dhttp%3A//crackstreams.is/mmastreams/watch-ufc-rozenstruik-vs-gane/video.php%5C%27%5Cr%5Cn%27%2C%20%27name%27%3A%20u%27m5%27%2C%20%27page%27%3A%20None%7D%2C%20u%27makelist%27%3A%20%7B%27listrepeat%27%3A%20u%27%5Cr%5Cn%3Ctitle%3E%28%5Bmakelist.param3%5D%29%20%5Bmakelist.param2%5D%3C/title%3E%5Cr%5Cn%3Cfanart%3Ehttps%3A//github.com/Magic-Dust/MagicDust/raw/master/fanart.jpg%3C/fanart%3E%5Cr%5Cn%3Cthumbnail%3Ehttp%3A//crackstreams.is/icons/nba.png%3C/thumbnail%3E%5Cr%5Cn%3Clink%3E%24doregex%5Bm5%5D%3C/link%3E%20%20%20%5Cr%5Cn%27%2C%20%27expres%27%3A%20u%22a%20href%3D%27%28%5B%5E%27%5D%2B%29%5B%5C%5Cw%5C%5CW%5D%2A%3Fg%27%3E%5C%5Cs%2A%28%5B%5E%3C%5D%2B%29.%2A%5C%5Cn.%2A%3F-%5C%5Cs%28%5B%5E%3C%5D%2B%29%22%2C%20%27name%27%3A%20u%27makelist%27%2C%20%27page%27%3A%20u%27http%3A//crackstreams.is/nba-streams/%27%7D%7D&amp;iconimage=http%3A%2F%2Fcrackstreams.is%2Ficons%2Fnba.png",return)</action>
	</shortcut>
	<shortcut>
		<defaultID />
		<label>NHL</label>
		<label2>Custom item</label2>
		<icon>DefaultShortcut.png</icon>
		<thumb>special://skin/extras/icons/nhl.png</thumb>
		<action>ActivateWindow(Videos,"plugin://plugin.video.PLsportowo/?url=https%3A%2F%2Fsportsbay.org%2Fsports%2Fhockey%2F1&amp;image=%2Fstorage%2Femulated%2F0%2FAndroid%2Fdata%2Forg.xbmc.kodi%2Ffiles%2F.kodi%2Faddons%2Fplugin.video.PLsportowo%2Fresources%2Fhockey.png&amp;mode=getsportsbayschedule&amp;title=Hockey",return)</action>
	</shortcut>
	<shortcut>
		<defaultID />
		<label>MMA</label>
		<label2>Video Add-On</label2>
		<icon>DefaultShortcut.png</icon>
		<thumb>special://skin/extras/icons/ufc.png</thumb>
		<action>ActivateWindow(Videos,"plugin://plugin.video.live.streamspro/?url=%24doregex%5Bmakelist%5D&amp;mode=17&amp;regexs=%7Bu%27m5%27%3A%20%7B%27expres%27%3A%20u%27%23%24pyFunction%5Cr%5Cnimport%20re%2Crequests%5Cr%5Cndef%20GetLSProData%28page_data%2CCookie_Jar%2Cm%29%3A%23streamwatcher2013%5Cr%5Cn%20%20source%3Drequests.get%28%5C%27%5Bmakelist.param1%5Dvideo.php%5C%27%2Cheaders%3D%7B%5C%27user-agent%5C%27%3A%5C%27Mozilla/5.0%5C%27%2C%5C%27referer%5C%27%3A%5C%27http%3A//crackstreams.is/mmastreams/watch-ufc-rozenstruik-vs-gane/%5C%27%2C%5C%27accept%5C%27%3A%5C%27%2A/%2A%5C%27%7D%29.content%5Cr%5Cn%20%20if%20%5C%27window.atob%5C%27%20in%20source%3A%5Cr%5Cn%20%20%20%20return%20re.findall%28%5C%27window.atob.%5B%5C%5C%5C%27%22%5D%28%5B%5E%5C%5C%5C%27%22%5D%2B%29%5C%27%2Csource%29%5B0%5D.decode%28%5C%27base64%5C%27%29%2B%5C%27%7Cuser-agent%3Dipad%26origin%3Dhttp%3A//crackstreams.is%26referer%3Dhttp%3A//crackstreams.is/mmastreams/watch-ufc-rozenstruik-vs-gane/video.php%5C%27%5Cr%5Cn%20%20else%3A%5Cr%5Cn%20%20%20%20return%20re.findall%28%5C%27id%3D%22play%5B%5C%5Cw%5C%5CW%5D%2B%3F%28%3F%3Asource%7Csrc%7Cfile%29%3A%5C%5Cs%2A%5B%5C%5C%5C%27%22%5D%28htt%5B%5E%5C%5C%5C%27%22%5D%2B%29%5C%27%2Csource%29%5B0%5D%2B%5C%27%7Cuser-agent%3Dipad%26origin%3Dhttp%3A//crackstreams.is%26referer%3Dhttp%3A//crackstreams.is/mmastreams/watch-ufc-rozenstruik-vs-gane/video.php%5C%27%5Cr%5Cn%27%2C%20%27name%27%3A%20u%27m5%27%2C%20%27page%27%3A%20None%7D%2C%20u%27makelist%27%3A%20%7B%27listrepeat%27%3A%20u%27%5Cr%5Cn%3Ctitle%3E%28%5Bmakelist.param3%5D%29%20%5Bmakelist.param2%5D%3C/title%3E%5Cr%5Cn%3Cfanart%3Ehttps%3A//github.com/Magic-Dust/MagicDust/raw/master/fanart.jpg%3C/fanart%3E%5Cr%5Cn%3Cthumbnail%3Ehttp%3A//crackstreams.is/icons/mmax.png%3C/thumbnail%3E%5Cr%5Cn%3Clink%3E%24doregex%5Bm5%5D%3C/link%3E%20%20%20%5Cr%5Cn%27%2C%20%27expres%27%3A%20u%22a%20href%3D%27%28%5B%5E%27%5D%2B%29%5B%5C%5Cw%5C%5CW%5D%2A%3Fg%27%3E%5C%5Cs%2A%28%5B%5E%3C%5D%2B%29.%2A%5C%5Cn.%2A%3F-%5C%5Cs%28%5B%5E%3C%5D%2B%29%22%2C%20%27name%27%3A%20u%27makelist%27%2C%20%27page%27%3A%20u%27http%3A//crackstreams.is/mmastreams/%27%7D%7D&amp;iconimage=http%3A%2F%2Fcrackstreams.is%2Ficons%2Fmmax.png",return)</action>
	</shortcut>
	<shortcut>
		<defaultID />
		<label>Soccer</label>
		<label2>Video Add-On</label2>
		<icon>DefaultShortcut.png</icon>
		<thumb>special://skin/extras/icons/soccer.png</thumb>
		<action>ActivateWindow(Videos,"plugin://plugin.video.PLsportowo/?url=https%3A%2F%2Fsportsbay.org%2Fsports%2Ffootball%2F1&amp;image=%2Fstorage%2Femulated%2F0%2FAndroid%2Fdata%2Forg.xbmc.kodi%2Ffiles%2F.kodi%2Faddons%2Fplugin.video.PLsportowo%2Fresources%2Fsoccer.png&amp;mode=getsportsbayschedule&amp;title=Football",return)</action>
	</shortcut>
	<shortcut>
		<defaultID />
		<label>Boxing</label>
		<label2>Video Add-On</label2>
		<icon>DefaultShortcut.png</icon>
		<thumb>special://skin/extras/icons/boxing.png</thumb>
		<action>ActivateWindow(Videos,"plugin://plugin.video.live.streamspro/?url=%24doregex%5Bmakelist%5D&amp;mode=17&amp;regexs=%7Bu%27m5%27%3A%20%7B%27expres%27%3A%20u%27%23%24pyFunction%5Cr%5Cnimport%20re%2Crequests%5Cr%5Cndef%20GetLSProData%28page_data%2CCookie_Jar%2Cm%29%3A%23streamwatcher2013%5Cr%5Cn%20%20source%3Drequests.get%28%5C%27%5Bmakelist.param1%5Dvideo.php%5C%27%2Cheaders%3D%7B%5C%27user-agent%5C%27%3A%5C%27Mozilla/5.0%5C%27%2C%5C%27referer%5C%27%3A%5C%27http%3A//crackstreams.is/mmastreams/watch-ufc-rozenstruik-vs-gane/%5C%27%2C%5C%27accept%5C%27%3A%5C%27%2A/%2A%5C%27%7D%29.content%5Cr%5Cn%20%20if%20%5C%27window.atob%5C%27%20in%20source%3A%5Cr%5Cn%20%20%20%20return%20re.findall%28%5C%27window.atob.%5B%5C%5C%5C%27%22%5D%28%5B%5E%5C%5C%5C%27%22%5D%2B%29%5C%27%2Csource%29%5B0%5D.decode%28%5C%27base64%5C%27%29%2B%5C%27%7Cuser-agent%3Dipad%26origin%3Dhttp%3A//crackstreams.is%26referer%3Dhttp%3A//crackstreams.is/mmastreams/watch-ufc-rozenstruik-vs-gane/video.php%5C%27%5Cr%5Cn%20%20else%3A%5Cr%5Cn%20%20%20%20return%20re.findall%28%5C%27id%3D%22play%5B%5C%5Cw%5C%5CW%5D%2B%3F%28%3F%3Asource%7Csrc%7Cfile%29%3A%5C%5Cs%2A%5B%5C%5C%5C%27%22%5D%28htt%5B%5E%5C%5C%5C%27%22%5D%2B%29%5C%27%2Csource%29%5B0%5D%2B%5C%27%7Cuser-agent%3Dipad%26origin%3Dhttp%3A//crackstreams.is%26referer%3Dhttp%3A//crackstreams.is/mmastreams/watch-ufc-rozenstruik-vs-gane/video.php%5C%27%5Cr%5Cn%27%2C%20%27name%27%3A%20u%27m5%27%2C%20%27page%27%3A%20None%7D%2C%20u%27makelist%27%3A%20%7B%27listrepeat%27%3A%20u%27%5Cr%5Cn%3Ctitle%3E%28%5Bmakelist.param3%5D%29%20%5Bmakelist.param2%5D%3C/title%3E%5Cr%5Cn%3Cfanart%3Ehttps%3A//github.com/Magic-Dust/MagicDust/raw/master/fanart.jpg%3C/fanart%3E%5Cr%5Cn%3Cthumbnail%3Ehttp%3A//crackstreams.is/icons/boxing.png%3C/thumbnail%3E%5Cr%5Cn%3Clink%3E%24doregex%5Bm5%5D%3C/link%3E%20%20%20%5Cr%5Cn%27%2C%20%27expres%27%3A%20u%22a%20href%3D%27%28%5B%5E%27%5D%2B%29%5B%5C%5Cw%5C%5CW%5D%2A%3Fg%27%3E%5C%5Cs%2A%28%5B%5E%3C%5D%2B%29.%2A%5C%5Cn.%2A%3F-%5C%5Cs%28%5B%5E%3C%5D%2B%29%22%2C%20%27name%27%3A%20u%27makelist%27%2C%20%27page%27%3A%20u%27http%3A//crackstreams.is/boxingstreams/%27%7D%7D&amp;iconimage=http%3A%2F%2Fcrackstreams.is%2Ficons%2Fboxing.png",return)</action>
	</shortcut>
	<shortcut>
		<defaultID>colorffffffffff-colorwhite-wrestling-color-color</defaultID>
		<label>[COLOR FFffffffff][COLORwhite]Wrestling[/COLOR][/COLOR]</label>
		<label2>Custom item</label2>
		<icon>special://skin/extras/icons/folder.png</icon>
		<thumb>special://skin/extras/icons/wwe.png</thumb>
		<action>ActivateWindow(Videos,"plugin://plugin.video.DS9/?url=https%3A%2F%2Fraw.githubusercontent.com%2FFloyd6969%2FDJV%2Fmaster%2FWWE.xml&amp;mode=1&amp;name=%5BCOLORgold%5D%5BB%5D%5BI%5DWWE%2FAEW%2FUFC+Replays%5B%2FI%5D%5B%2FB%5D%5B%2FCOLOR%5D&amp;iconimage=https%3A%2F%2Fi.imgur.com%2FuZCTldR.png&amp;fanart=https%3A%2F%2Fi.imgur.com%2Fwulr4GL.jpg",return)</action>
	</shortcut>
</shortcuts>
