<?xml version='1.0' encoding='UTF-8'?>
<shortcuts>
	<shortcut>
		<defaultID />
		<label>PPV Events</label>
		<label2>Video Add-On</label2>
		<icon>DefaultShortcut.png</icon>
		<thumb>image://http%3a%2f%2fmullafabz.xyz%2fHOST%2fIcons%2fppvnew.jpg/</thumb>
		<action>ActivateWindow(Videos,"plugin://plugin.video.Rising.Tides/?url=http%3A%2F%2Fbit.ly%2FPPVXMLZ&amp;mode=1&amp;name=%5BCOLOR+pink%5D%5BB%5DL%5B%2FB%5D%5B%2FCOLOR%5D%5BCOLOR+white%5D%5BB%5Dive%5B%2FB%5D%5B%2FCOLOR%5D+%5BCOLOR+red%5D%5BB%5DP%5B%2FB%5D%5B%2FCOLOR%5D%5BCOLOR+white%5D%5BB%5DPV%5B%2FB%5D%5B%2FCOLOR%5D+%5BCOLOR+pink%5D%5BB%5DE%5B%2FB%5D%5B%2FCOLOR%5D%5BCOLOR+white%5D%5BB%5Dvents%5B%2FB%5D%5B%2FCOLOR%5D&amp;iconimage=http%3A%2F%2Fmullafabz.xyz%2FHOST%2FIcons%2Fppvnew.jpg&amp;fanart=https%3A%2F%2Fcleeng.com%2Fblog%2Fwp-content%2Fuploads%2F2017%2F02%2FLive-PPV-piracy-e1487848574731.jpg",return)</action>
	</shortcut>
	<shortcut>
		<defaultID />
		<label>Latest News</label>
		<label2>Video Add-On</label2>
		<icon>DefaultShortcut.png</icon>
		<thumb>special://skin/extras/icons/espn.png</thumb>
		<action>ActivateWindow(Videos,"plugin://plugin.video.espn_3/?SHELF_ID=news-shelf&amp;MODE=%2Fappletv%2FCATEGORY_SHELF",return)</action>
	</shortcut>
	<shortcut>
		<defaultID />
		<label>SportsCenter</label>
		<label2>Video Add-On</label2>
		<icon>DefaultShortcut.png</icon>
		<thumb>special://skin/extras/icons/espn.png</thumb>
		<action>ActivateWindow(Videos,"plugin://plugin.video.espn_3/?SHOWCASE_NAV_ID=nav-1&amp;SHOWCASE_URL=https%3A%2F%2Fwww.espn.com%2Fwatchespn%2Fappletv%2Fsport%3Fabbreviation%3Dsr&amp;MODE=%2Fappletv%2FCATEGORY_SHOWCASE",return)</action>
	</shortcut>
	<shortcut>
		<defaultID>moviecategorieslist</defaultID>
		<label>Channel Lists</label>
		<label2>Custom item</label2>
		<icon>special://skin/extras/icons/clipboard.png</icon>
		<thumb>special://skin/extras/icons/tvguide.png</thumb>
		<action>ActivateWindow(1104,return)</action>
	</shortcut>
	<shortcut>
		<defaultID>tvcategorieslist</defaultID>
		<label>Addons</label>
		<label2>Custom item</label2>
		<icon>special://skin/extras/icons/clipboard.png</icon>
		<thumb>special://skin/extras/icons/addon.png</thumb>
		<action>ActivateWindow(1102,return)</action>
	</shortcut>
	<shortcut>
		<defaultID />
		<label>Live Sports</label>
		<label2>Video Add-On</label2>
		<icon>DefaultShortcut.png</icon>
		<thumb>special://skin/extras/icons/wifi.png</thumb>
		<action>ActivateWindow(Videos,"plugin://plugin.video.live.streamspro/?url=%24doregex%5Bchannels%5D&amp;mode=17&amp;regexs=%7Bu%27channels%27%3A%20%7B%27listrepeat%27%3A%20u%27%5Cr%5Cn%20%20%20%20%3Ctitle%3E%5BCOLOR%20skyblue%5D%5BB%5D%5Bchannels.param1%5D%20--%20%5Bchannels.param3%5D%5B/B%5D%5B/COLOR%5D%3C/title%3E%5Cr%5Cn%20%20%20%20%3Clink%3E%24doregex%5Burl%5D%7CUser-Agent%3DiPad%3C/link%3E%5Cr%5Cn%20%20%20%20%3Cthumbnail%3Ehttps%3A//www.lf.k12.de.us/wp-content/uploads/2015/03/Sports.png%3C/thumbnail%3E%5Cr%5Cn%20%20%20%20%3Cfanart%3Ehttps%3A//www.lf.k12.de.us/wp-content/uploads/2015/03/Sports.png%3C/fanart%3E%5Cr%5Cn%20%20%27%2C%20%27expres%27%3A%20u%27%28%3F%3A%3Cp%3E%7C/%3E%29%28%5B%5E%22%5D%2B%29%3Ca%5C%5Cs%2Ahref%3D%22%28%5B%5E%22%5D%2B%29%22.%2B%3F%22%3E%28%5B%5E%22%5D%2B%29%3C/span%3E%27%2C%20%27referer%27%3A%20u%27https%3A//daddylive.live/%27%2C%20%27name%27%3A%20u%27channels%27%2C%20%27page%27%3A%20u%27https%3A//daddylive.live/index.php%27%7D%2C%20u%27url%27%3A%20%7B%27expres%27%3A%20u%27source%3A%5C%5Cs%2A%22%28%5B%5E%22%5D%2B%29%27%2C%20%27name%27%3A%20u%27url%27%2C%20%27page%27%3A%20u%27%24doregex%5Bunpack%5D%27%7D%2C%20u%27unpack%27%3A%20%7B%27expres%27%3A%20u%22%24pyFunction%3Aget_unpacked%28page_data%2C%27%28%3Fs%29%28eval%5C%5C%28function%5C%5C%28p%2Ca%2Cc%2Ck%2Ce%2Cd.%2A%3F%29%3C/.%2B%27%29%22%2C%20%27referer%27%3A%20u%27https%3A//daddylive.live/%27%2C%20%27name%27%3A%20u%27unpack%27%2C%20%27page%27%3A%20u%27%24doregex%5Burl2%5D%27%7D%2C%20u%27url2%27%3A%20%7B%27expres%27%3A%20u%27iframe%5C%5Cs%2Asrc%3D%22%28%5B%5E%22%5D%2B%29%27%2C%20%27referer%27%3A%20u%27https%3A//daddylive.live/%27%2C%20%27name%27%3A%20u%27url2%27%2C%20%27page%27%3A%20u%27%5Bchannels.param2%5D%27%7D%7D&amp;iconimage=https%3A%2F%2Fwww.lf.k12.de.us%2Fwp-content%2Fuploads%2F2015%2F03%2FSports.png",return)</action>
	</shortcut>
	<shortcut>
		<defaultID>colorffffffffff-colorwhite-wrestling-color-color</defaultID>
		<label>[COLOR FFffffffff][COLORwhite]Wrestling[/COLOR][/COLOR]</label>
		<label2>Favourite</label2>
		<icon>special://skin/extras/icons/folder.png</icon>
		<thumb>special://skin/extras/icons/wwe.png</thumb>
		<action>ActivateWindow(10025,"plugin://plugin.video.asgard/?description=No%20information%20available&amp;fanart=%2fstorage%2femulated%2f0%2fAndroid%2fdata%2forg.xbmc.kodi%2ffiles%2f.kodi%2faddons%2fplugin.video.asgard%2ffanart.jpg&amp;iconimage=%2fstorage%2femulated%2f0%2fAndroid%2fdata%2forg.xbmc.kodi%2ffiles%2f.kodi%2faddons%2fplugin.video.asgard%2ficon.png&amp;mode=get_list&amp;name=%5bCOLOR%20FFffffffff%5d%5bCOLORwhite%5dWrestling%5b%2fCOLOR%5d%5b%2fCOLOR%5d&amp;url=https%3a%2f%2fnarcacist.com%2fAddon%2ftext%2fdocs%2fwwe.xml",return)</action>
	</shortcut>
</shortcuts>
