<?xml version='1.0' encoding='UTF-8'?>
<shortcuts>
	<shortcut>
		<defaultID />
		<label>The Crew</label>
		<label2>Video Add-On</label2>
		<icon>DefaultShortcut.png</icon>
		<thumb>special://home/userdata/addon_data/icons/The-Crew.jpg</thumb>
		<action>ActivateWindow(Videos,"plugin://plugin.video.thecrew/?action=bluehat",return)</action>
	</shortcut>
	<shortcut>
		<defaultID>plugin.video.endzone</defaultID>
		<label>[COLORnavajowhite]The Endzone[/COLOR]</label>
		<label2>Video Add-On</label2>
		<icon>DefaultShortcut.png</icon>
		<thumb>special://home/userdata/addon_data/icons/sports.jpg</thumb>
		<action>ActivateWindow(Videos,"plugin://plugin.video.endzone",return)</action>
	</shortcut>
	<shortcut>
		<defaultID />
		<label>Live PPV Events</label>
		<label2>Video Add-On</label2>
		<icon>DefaultShortcut.png</icon>
		<thumb>image://https%3a%2f%2fi.imgur.com%2fXcIr4P6.png/</thumb>
		<action>ActivateWindow(Videos,"plugin://plugin.video.Rising.Tides/?url=http%3A%2F%2Fbit.ly%2FPPVXMLZ&amp;mode=1&amp;name=%5BCOLOR+pink%5D%5BB%5DL%5B%2FB%5D%5B%2FCOLOR%5D%5BCOLOR+white%5D%5BB%5Dive%5B%2FB%5D%5B%2FCOLOR%5D+%5BCOLOR+red%5D%5BB%5DP%5B%2FB%5D%5B%2FCOLOR%5D%5BCOLOR+white%5D%5BB%5DPV%5B%2FB%5D%5B%2FCOLOR%5D+%5BCOLOR+pink%5D%5BB%5DE%5B%2FB%5D%5B%2FCOLOR%5D%5BCOLOR+white%5D%5BB%5Dvents%5B%2FB%5D%5B%2FCOLOR%5D&amp;iconimage=https%3A%2F%2Fi.imgur.com%2FXcIr4P6.png&amp;fanart=https%3A%2F%2Fcleeng.com%2Fblog%2Fwp-content%2Fuploads%2F2017%2F02%2FLive-PPV-piracy-e1487848574731.jpg",return)</action>
	</shortcut>
	<shortcut>
		<defaultID />
		<label>WePlaylive</label>
		<label2>Video Add-On</label2>
		<icon>DefaultShortcut.png</icon>
		<thumb>special://home/userdata/addon_data/icons/magic.png</thumb>
		<action>ActivateWindow(Videos,"plugin://plugin.video.live.streamspro/?url=%24doregex%5Bmakelist%5D&amp;mode=17&amp;regexs=%7Bu%27makelist%27%3A%20%7B%27listrepeat%27%3A%20u%27%5Cr%5Cn%3Ctitle%3E%5BCOLOR%20red%5D%5Bmakelist.param1%5D%5B/COLOR%5D%20-%20%5Bmakelist.param2%5D%3C/title%3E%5Cr%5Cn%3Clink%3Ehttps%3A//e04.weplaylive.stream/stream/%24doregex%5Bm3u8%5D/masterm.m3u8%7CReferer%3D%24doregex%5Bchannel%5D%3C/link%3E%5Cr%5Cn%3Cthumbnail%3Ehttps%3A//upload.wikimedia.org/wikipedia/commons/c/c0/TV_Guide_Logo.png%3C/thumbnail%3E%5Cr%5Cn%3Cfanart%3Ehttps%3A//s3.amazonaws.com/busites_www/witzamfm/pages/meta/live_sports_1522507843.png%3C/fanart%3E%5Cr%5Cn%27%2C%20%27expres%27%3A%20u%27%3Cb%3E%20%28Chan%5B%5E%3C%5D%2A%29.%5B%5E%3E%5D%2A.%5B%5E%3E%5D%2A.%28%5B%5E%23%40%3C%5D%2A.%29%5B%5E%3D%5D%2A.%5B%5E%3D%5D%2A.%5B%5E%3D%5D%2A%3D%5C%5C%22%28.%5B%5E%5C%5C%22%5D%2A%29%27%2C%20%27name%27%3A%20u%27makelist%27%2C%20%27page%27%3A%20u%27https%3A//live-sports-stream.net/schedule/%27%7D%2C%20u%27channel%27%3A%20%7B%27expres%27%3A%20u%27iframe%20src%3D%22%28.%2A%3F%29%22%27%2C%20%27name%27%3A%20u%27channel%27%2C%20%27agent%27%3A%20u%27Mozilla/5.0%20%28Windows%20NT%2010.0%29%20AppleWebKit/537.36%20%28KHTML%2C%20like%20Gecko%29%20Chrome/64.0.3282.140%20Safari/537.36%20Edge/18.17763%27%2C%20%27page%27%3A%20u%27%5Bmakelist.param3%5D%27%7D%2C%20u%27m3u8%27%3A%20%7B%27expres%27%3A%20u%27player%22%2C%22%28.%2A%3F%29%22%27%2C%20%27name%27%3A%20u%27m3u8%27%2C%20%27agent%27%3A%20u%27Mozilla/5.0%20%28Windows%20NT%2010.0%29%20AppleWebKit/537.36%20%28KHTML%2C%20like%20Gecko%29%20Chrome/64.0.3282.140%20Safari/537.36%20Edge/18.17763%27%2C%20%27page%27%3A%20u%27%24doregex%5Bchannel%5D%27%7D%7D&amp;iconimage=https%3A%2F%2Fupload.wikimedia.org%2Fwikipedia%2Fcommons%2Fc%2Fc0%2FTV_Guide_Logo.png",return)</action>
	</shortcut>
	<shortcut>
		<defaultID />
		<label>reddit</label>
		<label2>Video Add-On</label2>
		<icon>DefaultShortcut.png</icon>
		<thumb>special://home/userdata/addon_data/icons/reddit_awesome_face_postcards-r49ce80215dfe4c5b8969e66aab2d3513_vgbaq_8byvr_512.jpg</thumb>
		<action>ActivateWindow(Videos,"plugin://plugin.video.live.streamspro/?url=%2Fstorage%2Femulated%2F0%2FAndroid%2Fdata%2Forg.xbmc.kodi%2Ffiles%2F.kodi%2Fuserdata%2Faddon_data%2Fplugin.video.live.streamspro%2FMagicDust%2Freddit.xml&amp;mode=1&amp;name=reddit&amp;fanart=%2Fstorage%2Femulated%2F0%2FAndroid%2Fdata%2Forg.xbmc.kodi%2Ffiles%2F.kodi%2Faddons%2Fplugin.video.live.streamspro%2Ffanart.jpg",return)</action>
	</shortcut>
	<shortcut>
		<defaultID />
		<label>Live Sports</label>
		<label2>Custom item</label2>
		<icon>DefaultShortcut.png</icon>
		<thumb>special://home/userdata/addon_data/icons/yoursports.png</thumb>
		<action>ActivateWindow(Videos,"plugin://plugin.video.live.streamspro/?url=%24doregex%5Bmakelist%5D&amp;mode=17&amp;regexs=%7Bu%27hoster%27%3A%20%7B%27expres%27%3A%20u%27100%25%20src%3D%22%28%5C%5C/i%5B%5E%22%5D%2A%29%27%2C%20%27name%27%3A%20u%27hoster%27%2C%20%27page%27%3A%20u%27http%3A//yoursports.stream/%5Bmakelist.param1%5D%27%7D%2C%20u%27alternate%27%3A%20%7B%27expres%27%3A%20u%27transparency%20src%3D%22%28%5B%5E%22%5D%2A%29%27%2C%20%27name%27%3A%20u%27alternate%27%2C%20%27page%27%3A%20u%27http%3A//yoursports.stream%24doregex%5Bhoster%5D%27%7D%2C%20u%27primary%27%3A%20%7B%27expres%27%3A%20u%22mustave%20%3D%20atob.%27%28.%2A%3F%29%27%22%2C%20%27cookiejar%27%3A%20%27%27%2C%20%27name%27%3A%20u%27primary%27%2C%20%27page%27%3A%20u%27http%3A//yoursports.stream%24doregex%5Bhoster%5D%27%7D%2C%20u%27makelist%27%3A%20%7B%27listrepeat%27%3A%20u%27%5Cr%5Cn%3Ctitle%3E%5Bmakelist.param2%5D%20-%20%5Bmakelist.param4%5D%3C/title%3E%5Cr%5Cn%3Clink%3E%24doregex%5Bget-decode%5D%7CReferer%3Dhttp%3A//yoursports.stream%24doregex%5Bhoster%5D%26amp%3BUser-Agent%3DMozilla/5.0%20%28Windows%20NT%2010.0%3B%20WOW64%3B%20rv%3A56.0%29%20Gecko/20100101%20Firefox/56.0%24%24LSPlayOnlyOne%24%24%3C/link%3E%5Cr%5Cn%3Clink%3E%24doregex%5Bget-decode2%5D%7CReferer%3Dhttp%3A%24doregex%5Balternate%5D%26amp%3BUser-Agent%3DMozilla/5.0%20%28Windows%20NT%2010.0%3B%20WOW64%3B%20rv%3A56.0%29%20Gecko/20100101%20Firefox/56.0%3C/link%3E%5Cr%5Cn%3Clink%3Ehttp%3A//yoursports.stream%24doregex%5Bget-decode2%5D%7CReferer%3Dhttp%3A//yoursports.stream%24doregex%5Bhoster%5D%26amp%3BUser-Agent%3DMozilla/5.0%20%28Windows%20NT%2010.0%3B%20WOW64%3B%20rv%3A56.0%29%20Gecko/20100101%20Firefox/56.0%3C/link%3E%5Cr%5Cn%27%2C%20%27expres%27%3A%20u%27%3Ca%20href%3D%22%28%5B%5E%22%5D%2A%29%22%20title%3D%22%28%5B%5E%22%5D%2A%29%5B%5E%3B%5D%2A%3B%22%3E%28%5B%5E%3C%5D%2A%29%5B%5E%3D%5D%2A%5B%5E%3E%5D%2A%3E%28%5B%5E%3C%5D%2A%29%27%2C%20%27name%27%3A%20u%27makelist%27%2C%20%27page%27%3A%20u%27http%3A//yoursports.stream/%27%7D%2C%20u%27get-decode2%27%3A%20%7B%27expres%27%3A%20u%27%24pyFunction%3Abase64.b64decode%28%22%24doregex%5Bsecondary%5D%22%29%27%2C%20%27name%27%3A%20u%27get-decode2%27%2C%20%27page%27%3A%20None%7D%2C%20u%27get-decode%27%3A%20%7B%27expres%27%3A%20u%27%24pyFunction%3Abase64.b64decode%28%22%24doregex%5Bprimary%5D%22%29%27%2C%20%27name%27%3A%20u%27get-decode%27%2C%20%27page%27%3A%20None%7D%2C%20u%27secondary%27%3A%20%7B%27expres%27%3A%20u%22atob%5C%5C%28%27%28%5B%5E%27%5D%2A%29%22%2C%20%27cookiejar%27%3A%20%27%27%2C%20%27name%27%3A%20u%27secondary%27%2C%20%27page%27%3A%20u%27http%3A%24doregex%5Balternate%5D%27%7D%7D",return)</action>
	</shortcut>
	<shortcut>
		<defaultID />
		<label>Extra Live Content</label>
		<label2>Video Add-On</label2>
		<icon>DefaultShortcut.png</icon>
		<thumb>image://https%3a%2f%2fi.imgur.com%2fGcj6XL7.jpg/</thumb>
		<action>ActivateWindow(Videos,"plugin://plugin.video.Rising.Tides/?url=http%3A%2F%2Fbit.ly%2FREQUESTSZZ&amp;mode=1&amp;name=%5BCOLOR+pink%5D%5BB%5DE%5B%2FB%5D%5B%2FCOLOR%5D%5BCOLOR+white%5D%5BB%5Dxtra+%5B%2FB%5D%5B%2FCOLOR%5D+%5BCOLOR+red%5D%5BB%5DL%5B%2FB%5D%5B%2FCOLOR%5D%5BCOLOR+white%5D%5BB%5Dive%5B%2FB%5D%5B%2FCOLOR%5D+%5BCOLOR+red%5D%5BB%5DC%5B%2FB%5D%5B%2FCOLOR%5D%5BCOLOR+white%5D%5BB%5Dontent%5B%2FB%5D%5B%2FCOLOR%5D&amp;iconimage=https%3A%2F%2Fi.imgur.com%2FGcj6XL7.jpg&amp;fanart=https%3A%2F%2Fi.imgur.com%2FAWutrFY.jpg",return)</action>
	</shortcut>
	<shortcut>
		<defaultID>30for30</defaultID>
		<label>30 for 30</label>
		<label2>Favourite</label2>
		<icon>special://skin/extras/icons/folder.png</icon>
		<thumb>http://www.thetvdb.com/banners/posters/128051-5.jpg</thumb>
		<action>ActivateWindow(10025,"special://profile/addon_data/plugin.video.openmeta/TVShows/128051/",return)</action>
	</shortcut>
	<shortcut>
		<defaultID />
		<label>Tides Channels</label>
		<label2>Video Add-On</label2>
		<icon>DefaultShortcut.png</icon>
		<thumb>special://home/addons/plugin.video.Rising.Tides/icon.png</thumb>
		<action>ActivateWindow(Videos,"plugin://plugin.video.Rising.Tides/?url=http%3A%2F%2Fbit.ly%2FSPORTZZ&amp;mode=1&amp;name=%5BCOLOR+pink%5D%5BB%5DS%5B%2FB%5D%5B%2FCOLOR%5D%5BCOLOR+white%5D%5BB%5Dports%5B%2FB%5D%5B%2FCOLOR%5D+%5BCOLOR+red%5D%5BB%5DC%5B%2FB%5D%5B%2FCOLOR%5D%5BCOLOR+white%5D%5BB%5Dhannels%5B%2FB%5D%5B%2FCOLOR%5D&amp;iconimage=http%3A%2F%2Fmullafabz.xyz%2FHOST%2FIcons%2FLive-Sport-Channel-TV.jpg&amp;fanart=http%3A%2F%2Fmullafabz.xyz%2FHOST%2FIcons%2Fpromo.jpg",return)</action>
	</shortcut>
	<shortcut>
		<defaultID />
		<label>Sport365</label>
		<label2>Video Add-On</label2>
		<icon>DefaultShortcut.png</icon>
		<thumb>image://%2fstorage%2femulated%2f0%2fAndroid%2fdata%2forg.xbmc.kodi%2ffiles%2f.kodi%2faddons%2fplugin.video.sport365.live%2ficon.png/</thumb>
		<action>ActivateWindow(Videos,"plugin://plugin.video.sport365.live/?foldername=Sport365+LIVE&amp;params=%7B%27_service%27%3A+%27sport365%27%2C+%27_act%27%3A+%27ListChannels%27%2C+%27_url%27%3A+%27http%3A%2F%2Fwww.sport365.sx%2F%27%7D&amp;ex_link=&amp;mode=site2",return)</action>
	</shortcut>
	<shortcut>
		<defaultID />
		<label>WWE</label>
		<label2>Custom item</label2>
		<icon>DefaultShortcut.png</icon>
		<thumb>special://home/addons/plugin.video.SportsDevil/resources/images/sports/Wrestling.png</thumb>
		<action>ActivateWindow(Videos,"plugin://plugin.video.Mercury/?mode=get_list&amp;url=https%3A%2F%2Fraw.githubusercontent.com%2FFloyd6969%2FDJV%2Fmaster%2Fwwe.txt&amp;name=%5BCOLOR+FFffffffff%5D%5BCOLORwhite%5D%5BB%5DWWE%2FAEW+Replays%5B%2FB%5D%5B%2FCOLOR%5D%5B%2FCOLOR%5D&amp;iconimage=https%3A%2F%2Fi.imgur.com%2FewZqfXr.png&amp;fanart=https%3A%2F%2Fi.imgur.com%2F2aMoMQv.jpg&amp;description=No+information+available",return)</action>
	</shortcut>
</shortcuts>
