<?xml version='1.0' encoding='UTF-8'?>
<shortcuts>
	<shortcut>
		<defaultID />
		<label>Channels</label>
		<label2>Video Source</label2>
		<icon>DefaultShortcut.png</icon>
		<thumb />
		<action>ActivateWindow(Videos,"pvr://channels/tv/Fav4/",return)</action>
	</shortcut>
	<shortcut>
		<defaultID />
		<label>*Trending</label>
		<label2>Custom item</label2>
		<icon>DefaultShortcut.png</icon>
		<thumb>image://%2fstorage%2femulated%2f0%2fAndroid%2fdata%2forg.xbmc.kodi%2ffiles%2f.kodi%2faddons%2fplugin.video.espn_3%2fresources%2fmedia%2fnew_live.png/</thumb>
		<action>ActivateWindow(Videos,"plugin://plugin.video.espn_3/?URL=http%3A%2F%2Fapi-app.espn.com%2Fv1%2Fvideo%2Fchannels%2Ftop%3Flimit%3D30&amp;MODE=%2Froku%2FURL_MODE",return)</action>
	</shortcut>
</shortcuts>
