<?xml version='1.0' encoding='UTF-8'?>
<shortcuts>
	<shortcut>
		<defaultID />
		<label>Search</label>
		<label2>Video Add-On</label2>
		<icon>DefaultShortcut.png</icon>
		<thumb>image://%2fstorage%2femulated%2f0%2fAndroid%2fdata%2forg.xbmc.kodi%2ffiles%2f.kodi%2faddons%2fplugin.video.themoviedb.helper%2ficon.png/</thumb>
		<action>ActivateWindow(Videos,"plugin://plugin.video.themoviedb.helper/?info=dir_tv&amp;widget=True",return)</action>
	</shortcut>
	<shortcut>
		<defaultID>script.extendedinfo</defaultID>
		<label>Browse</label>
		<label2>Custom item</label2>
		<icon>DefaultAddon.png</icon>
		<thumb>image://%2fstorage%2femulated%2f0%2fAndroid%2fdata%2forg.xbmc.kodi%2ffiles%2f.kodi%2faddons%2fscript.extendedinfo%2fresources%2ficon.png/</thumb>
		<action>RunAddOn(script.extendedinfo,info=alltvshows)</action>
	</shortcut>
	<shortcut>
		<defaultID>31173</defaultID>
		<label>Exodus</label>
		<label2>Custom item</label2>
		<icon>DefaultRecentlyAddedEpisodes.png</icon>
		<thumb>special://home/addons/plugin.video.exodusredux/icon.png</thumb>
		<action>ActivateWindow(Videos,"plugin://plugin.video.exodusredux/?action=tvNavigator",return)</action>
	</shortcut>
	<shortcut>
		<defaultID />
		<label>NumB3r5</label>
		<label2>Video Add-On</label2>
		<icon>DefaultShortcut.png</icon>
		<thumb>special://home/addons/script.module.numbersbynumbers/icon.png</thumb>
		<action>ActivateWindow(Videos,"plugin://plugin.video.numbersbynumbers/?action=tvNavigator",return)</action>
	</shortcut>
	<shortcut>
		<defaultID />
		<label>C:/&gt;GOTO</label>
		<label2>Video Add-On</label2>
		<icon>DefaultShortcut.png</icon>
		<thumb>image://%2fstorage%2femulated%2f0%2fAndroid%2fdata%2forg.xbmc.kodi%2ffiles%2f.kodi%2faddons%2fplugin.video.goto%2ficon.png/</thumb>
		<action>ActivateWindow(Videos,"plugin://plugin.video.goto/?mode=get_list&amp;url=http%3A%2F%2Fmygoto.uk%2F1Xmls%2F1MainMenuXmls%2F1TvShowXml%2Ftvmain.xml&amp;name=%5BCOLOR+FFffffffff%5D%5BCOLORwhite%5DTV+SHOWS%5B%2FCOLOR%5D%5B%2FCOLOR%5D&amp;iconimage=%2Fstorage%2Femulated%2F0%2FAndroid%2Fdata%2Forg.xbmc.kodi%2Ffiles%2F.kodi%2Faddons%2Fplugin.video.goto%2Ficon.png&amp;fanart=%2Fstorage%2Femulated%2F0%2FAndroid%2Fdata%2Forg.xbmc.kodi%2Ffiles%2F.kodi%2Faddons%2Fplugin.video.goto%2Ffanart.jpg&amp;description=No+information+available",return)</action>
	</shortcut>
	<shortcut>
		<defaultID />
		<label>The Crew</label>
		<label2>Custom item</label2>
		<icon>DefaultShortcut.png</icon>
		<thumb>special://home/userdata/addon_data/icons/The-Crew.jpg</thumb>
		<action>ActivateWindow(Videos,"plugin://plugin.video.thecrew/?action=tvNavigator",return)</action>
	</shortcut>
	<shortcut>
		<defaultID />
		<label>Tempest</label>
		<label2>Video Add-On</label2>
		<icon>DefaultShortcut.png</icon>
		<thumb>special://home/addons/plugin.video.tempest/icon.png</thumb>
		<action>ActivateWindow(Videos,"plugin://plugin.video.tempest/?action=tvNavigator",return)</action>
	</shortcut>
	<shortcut>
		<defaultID />
		<label>Scrubs</label>
		<label2>Video Add-On</label2>
		<icon>DefaultShortcut.png</icon>
		<thumb>special://home/addons/plugin.video.scrubsv2/icon.png</thumb>
		<action>ActivateWindow(Videos,"plugin://plugin.video.scrubsv2/?action=tvNavigator",return)</action>
	</shortcut>
	<shortcut>
		<defaultID />
		<label>TV Shows</label>
		<label2>Video Add-On</label2>
		<icon>DefaultShortcut.png</icon>
		<thumb>special://home/addons/plugin.video.skynet/icon.jpg</thumb>
		<action>ActivateWindow(Videos,"plugin://plugin.video.skynet/?action=tvNavigator",return)</action>
	</shortcut>
	<shortcut>
		<defaultID />
		<label>Laplaza</label>
		<label2>Video Add-On</label2>
		<icon>DefaultShortcut.png</icon>
		<thumb>special://home/addons/plugin.video.laplaza/icon.png</thumb>
		<action>ActivateWindow(Videos,"plugin://plugin.video.laplaza/?action=tvNavigator",return)</action>
	</shortcut>
	<shortcut>
		<defaultID />
		<label>Asgard</label>
		<label2>Video Add-On</label2>
		<icon>DefaultShortcut.png</icon>
		<thumb>special://home/addons/plugin.video.asgard/icon.png</thumb>
		<action>ActivateWindow(Videos,"plugin://plugin.video.asgard/?mode=get_list&amp;url=https%3A%2F%2Fnarcacist.com%2FAddon%2Ftext%2Ftv.xml&amp;name=%5BCOLOR+FFffffffff%5DTV+Shows%5B%2FCOLOR%5D&amp;iconimage=%2Fstorage%2Femulated%2F0%2FAndroid%2Fdata%2Forg.xbmc.kodi%2Ffiles%2F.kodi%2Faddons%2Fplugin.video.asgard%2Ficon.png&amp;fanart=%2Fstorage%2Femulated%2F0%2FAndroid%2Fdata%2Forg.xbmc.kodi%2Ffiles%2F.kodi%2Faddons%2Fplugin.video.asgard%2Ffanart.jpg&amp;description=No+information+available",return)</action>
	</shortcut>
	<shortcut>
		<defaultID>script.module.7of9-tubi</defaultID>
		<label>TUBITV</label>
		<label2>Video Add-On</label2>
		<icon>DefaultShortcut.png</icon>
		<thumb>image://%2fstorage%2femulated%2f0%2fAndroid%2fdata%2forg.xbmc.kodi%2ffiles%2f.kodi%2faddons%2fscript.module.7of9-tubi%2ficon.png/</thumb>
		<action>ActivateWindow(Videos,"plugin://script.module.7of9-tubi",return)</action>
	</shortcut>
</shortcuts>
