<?xml version='1.0' encoding='UTF-8'?>
<shortcuts>
	<shortcut>
		<defaultID>script.extendedinfo</defaultID>
		<label>OpenInfo</label>
		<label2>Custom item</label2>
		<icon>DefaultAddon.png</icon>
		<thumb>special://home/addons/script.module.metahandler/icon.png</thumb>
		<action>RunScript(script.extendedinfo,info=alltvshows)</action>
	</shortcut>
	<shortcut>
		<defaultID>plugin.video.openmeta/search</defaultID>
		<label>Search...</label>
		<label2>Video Add-On</label2>
		<icon>DefaultShortcut.png</icon>
		<thumb>image://%2fstorage%2femulated%2f0%2fAndroid%2fdata%2forg.xbmc.kodi%2ffiles%2f.kodi%2faddons%2fplugin.video.openmeta%2fresources%2fmedia%2fsearch.png/</thumb>
		<action>ActivateWindow(Videos,"plugin://plugin.video.openmeta/search",return)</action>
	</shortcut>
	<shortcut>
		<defaultID>31173</defaultID>
		<label>Exodus</label>
		<label2>Custom item</label2>
		<icon>DefaultRecentlyAddedEpisodes.png</icon>
		<thumb>special://home/addons/plugin.video.exodusredux/icon.png</thumb>
		<action>ActivateWindow(Videos,"plugin://plugin.video.exodusredux/?action=tvNavigator",return)</action>
	</shortcut>
	<shortcut>
		<defaultID />
		<label>NumB3r5</label>
		<label2>Video Add-On</label2>
		<icon>DefaultShortcut.png</icon>
		<thumb>special://home/addons/script.module.numbersbynumbers/icon.png</thumb>
		<action>ActivateWindow(Videos,"plugin://plugin.video.numbersbynumbers/?action=tvNavigator",return)</action>
	</shortcut>
	<shortcut>
		<defaultID />
		<label>Venom</label>
		<label2>Video Add-On</label2>
		<icon>DefaultShortcut.png</icon>
		<thumb>special://home/addons/plugin.video.venom/icon.png</thumb>
		<action>ActivateWindow(Videos,"plugin://plugin.video.venom/?action=tvNavigator",return)</action>
	</shortcut>
	<shortcut>
		<defaultID />
		<label>The Crew</label>
		<label2>Custom item</label2>
		<icon>DefaultShortcut.png</icon>
		<thumb>special://home/userdata/addon_data/icons/The-Crew.jpg</thumb>
		<action>ActivateWindow(Videos,"plugin://plugin.video.thecrew/?action=tvNavigator",return)</action>
	</shortcut>
	<shortcut>
		<defaultID>plugin.video.Mercury</defaultID>
		<label>[COLORlime]Mercury[/COLOR]</label>
		<label2>Video Add-On</label2>
		<icon>DefaultShortcut.png</icon>
		<thumb>image://%2fstorage%2femulated%2f0%2fAndroid%2fdata%2forg.xbmc.kodi%2ffiles%2f.kodi%2faddons%2fplugin.video.Mercury%2ficon.png/</thumb>
		<action>ActivateWindow(Videos,"plugin://plugin.video.Mercury",return)</action>
	</shortcut>
	<shortcut>
		<defaultID />
		<label>Scrubs</label>
		<label2>Video Add-On</label2>
		<icon>DefaultShortcut.png</icon>
		<thumb>special://home/addons/plugin.video.scrubsv2/icon.png</thumb>
		<action>ActivateWindow(Videos,"plugin://plugin.video.scrubsv2/?action=tvNavigator",return)</action>
	</shortcut>
	<shortcut>
		<defaultID />
		<label>TV Shows</label>
		<label2>Video Add-On</label2>
		<icon>DefaultShortcut.png</icon>
		<thumb>image://%2fstorage%2femulated%2f0%2fAndroid%2fdata%2forg.xbmc.kodi%2ffiles%2f.kodi%2faddons%2fplugin.video.fen%2ficon.png/</thumb>
		<action>ActivateWindow(Videos,"plugin://plugin.video.fen/?info=Access+Fen+TV+Show+Menus.&amp;name=TV+Shows&amp;iconImage=tv.png&amp;foldername=TV+Shows&amp;mode=navigator.main&amp;action=TVShowList",return)</action>
	</shortcut>
	<shortcut>
		<defaultID>titles</defaultID>
		<label>Shows Library Saves</label>
		<label2>Custom item</label2>
		<icon>special://skin/extras/icons/folder.png</icon>
		<thumb>special://skin/extras/icons/folder.png</thumb>
		<action>ActivateWindow(Videos,library://video/tvshows/titles.xml/,return)</action>
	</shortcut>
	<shortcut>
		<defaultID />
		<label>Show Downloads</label>
		<label2>Custom item</label2>
		<icon>DefaultShortcut.png</icon>
		<thumb>special://skin/extras/icons/download.png</thumb>
		<action>ActivateWindow(Videos,"/storage/emulated/0/Downloads/",return)</action>
	</shortcut>
</shortcuts>
