<?xml version='1.0' encoding='UTF-8'?>
<shortcuts>
	<shortcut>
		<defaultID />
		<label>The Oath</label>
		<label2>Video Add-On</label2>
		<icon>DefaultShortcut.png</icon>
		<thumb>special://home/addons/plugin.video.theoath/icon.png</thumb>
		<action>ActivateWindow(Videos,"plugin://plugin.video.theoath/?action=tvNavigator",return)</action>
	</shortcut>
	<shortcut>
		<defaultID />
		<label>The Crew</label>
		<label2>Video Add-On</label2>
		<icon>DefaultShortcut.png</icon>
		<thumb>special://home/addons/plugin.video.thecrew/icon.png</thumb>
		<action>ActivateWindow(Videos,"plugin://plugin.video.thecrew/?action=tvNavigator",return)</action>
	</shortcut>
	<shortcut>
		<defaultID />
		<label>C:/GOTO</label>
		<label2>Video Add-On</label2>
		<icon>DefaultShortcut.png</icon>
		<thumb>image://%2fstorage%2femulated%2f0%2fAndroid%2fdata%2forg.xbmc.kodi%2ffiles%2f.kodi%2faddons%2fplugin.video.goto%2ficon.png/</thumb>
		<action>ActivateWindow(Videos,"plugin://plugin.video.goto/?mode=get_list&amp;url=http%3A%2F%2Fmygoto.uk%2F1Xmls%2F1MainMenuXmls%2F1TvShowXml%2Ftvmain.xml&amp;name=%5BCOLOR+FFffffffff%5D%5BCOLORwhite%5DTV+SHOWS%5B%2FCOLOR%5D%5B%2FCOLOR%5D&amp;iconimage=%2Fstorage%2Femulated%2F0%2FAndroid%2Fdata%2Forg.xbmc.kodi%2Ffiles%2F.kodi%2Faddons%2Fplugin.video.goto%2Ficon.png&amp;fanart=%2Fstorage%2Femulated%2F0%2FAndroid%2Fdata%2Forg.xbmc.kodi%2Ffiles%2F.kodi%2Faddons%2Fplugin.video.goto%2Ffanart.jpg&amp;description=No+information+available",return)</action>
	</shortcut>
	<shortcut>
		<defaultID />
		<label>Tempest</label>
		<label2>Video Add-On</label2>
		<icon>DefaultShortcut.png</icon>
		<thumb>special://home/addons/plugin.video.tempest/icon.png</thumb>
		<action>ActivateWindow(Videos,"plugin://plugin.video.tempest/?action=tvNavigator",return)</action>
	</shortcut>
	<shortcut>
		<defaultID />
		<label>NumB3r5</label>
		<label2>Video Add-On</label2>
		<icon>DefaultShortcut.png</icon>
		<thumb>special://home/addons/plugin.video.numbersbynumbers/icon.png</thumb>
		<action>ActivateWindow(Videos,"plugin://plugin.video.numbersbynumbers/?action=tvNavigator",return)</action>
	</shortcut>
	<shortcut>
		<defaultID />
		<label>Arconai</label>
		<label2>Video Add-On</label2>
		<icon>DefaultShortcut.png</icon>
		<thumb>special://home/addons/script.module.streamlink/icon.png</thumb>
		<action>ActivateWindow(Videos,"plugin://plugin.video.live.streamspro/?url=%2Fstorage%2Femulated%2F0%2FAndroid%2Fdata%2Forg.xbmc.kodi%2Ffiles%2F.kodi%2Faddons%2Fplugin.program.magicdust%2Fmagic%2Flsp%2FNAMBLA2.xml&amp;mode=1&amp;name=NAMBLA2&amp;fanart=%2Fstorage%2Femulated%2F0%2FAndroid%2Fdata%2Forg.xbmc.kodi%2Ffiles%2F.kodi%2Faddons%2Fplugin.video.live.streamspro%2Ffanart.jpg",return)</action>
	</shortcut>
	<shortcut>
		<defaultID />
		<label>redbox</label>
		<label2>Video Add-On</label2>
		<icon>DefaultShortcut.png</icon>
		<thumb>image://https%3a%2f%2fhaxnode.com%2fwp-content%2fuploads%2f2019%2f05%2fRedBox-TV-logo.png/</thumb>
		<action>ActivateWindow(Videos,"plugin://plugin.video.live.streamspro/?url=%24doregex%5Bmakelist%5D&amp;mode=17&amp;regexs=%7Bu%27makelist%27%3A%20%7B%27listrepeat%27%3A%20u%27%5Cr%5Cn%3Ctitle%3E%5BCOLOR%3DFF00FFFF%5D%5Bmakelist.param2%5D%5B/COLOR%5D%3C/title%3E%5Cr%5Cn%3Cthumbnail%3E%5Bmakelist.param1%5D%3C/thumbnail%3E%5Cr%5Cn%3Clink%3E%5Bmakelist.param3%5D%3C/link%3E%5Cr%5Cn%27%2C%20%27expres%27%3A%20u%27tvg-logo%3D%22%28%5B%5E%22%5D%2A%29%22%20%5B%5E%2C%5D%2A%2C%28%5B%5E%5C%5Cn%5D%2A%29%5C%5Cn%28ht%5B%5E%5C%5Cs%5D%2A%29%27%2C%20%27name%27%3A%20u%27makelist%27%2C%20%27page%27%3A%20u%27https%3A//raw.githubusercontent.com/Free-IPTV/Countries/master/US08_USA_Redbox.m3u%27%7D%7D&amp;iconimage=https%3A%2F%2Fhaxnode.com%2Fwp-content%2Fuploads%2F2019%2F05%2FRedBox-TV-logo.png",return)</action>
	</shortcut>
	<shortcut>
		<defaultID />
		<label>Pluto</label>
		<label2>Video Add-On</label2>
		<icon>DefaultShortcut.png</icon>
		<thumb>image://http%3a%2f%2fcorporate.pluto.tv%2fwp-content%2fuploads%2f2016%2f05%2fPLuto_logo_675x675-1.png/</thumb>
		<action>ActivateWindow(Videos,"plugin://plugin.video.live.streamspro/?url=%24doregex%5Bmakelist%5D&amp;mode=17&amp;regexs=%7Bu%27makelist%27%3A%20%7B%27listrepeat%27%3A%20u%27%5Cr%5Cn%3Ctitle%3E%5BCOLOR%3DFF00FFFF%5D%5Bmakelist.param2%5D%5B/COLOR%5D%3C/title%3E%5Cr%5Cn%3Cthumbnail%3E%5Bmakelist.param1%5D%3C/thumbnail%3E%5Cr%5Cn%3Clink%3E%5Bmakelist.param3%5D%3C/link%3E%5Cr%5Cn%27%2C%20%27expres%27%3A%20u%27tvg-logo%3D%22%28%5B%5E%22%5D%2A%29%22%20%5B%5E%2C%5D%2A%2C%28%5B%5E%5C%5Cn%5D%2A%29%5C%5Cn%28ht%5B%5E%5C%5Cs%5D%2A%29%27%2C%20%27name%27%3A%20u%27makelist%27%2C%20%27page%27%3A%20u%27https%3A//raw.githubusercontent.com/Free-IPTV/Countries/master/US07_USA_Pluto.m3u%27%7D%7D&amp;iconimage=http%3A%2F%2Fcorporate.pluto.tv%2Fwp-content%2Fuploads%2F2016%2F05%2FPLuto_logo_675x675-1.png",return)</action>
	</shortcut>
	<shortcut>
		<defaultID />
		<label>Roku</label>
		<label2>Video Add-On</label2>
		<icon>DefaultShortcut.png</icon>
		<thumb>image://https%3a%2f%2flogos-download.com%2fwp-content%2fuploads%2f2017%2f05%2fRoku_logo-700x217.png/</thumb>
		<action>ActivateWindow(Videos,"plugin://plugin.video.live.streamspro/?url=%24doregex%5Bmakelist%5D&amp;mode=17&amp;regexs=%7Bu%27makelist%27%3A%20%7B%27listrepeat%27%3A%20u%27%5Cr%5Cn%3Ctitle%3E%5BCOLOR%3DFF00FFFF%5D%5Bmakelist.param2%5D%5B/COLOR%5D%3C/title%3E%5Cr%5Cn%3Cthumbnail%3E%5Bmakelist.param1%5D%3C/thumbnail%3E%5Cr%5Cn%3Clink%3E%5Bmakelist.param3%5D%3C/link%3E%5Cr%5Cn%27%2C%20%27expres%27%3A%20u%27tvg-logo%3D%22%28%5B%5E%22%5D%2A%29%22%20%5B%5E%2C%5D%2A%2C%28%5B%5E%5C%5Cn%5D%2A%29%5C%5Cn%28ht%5B%5E%5C%5Cs%5D%2A%29%27%2C%20%27name%27%3A%20u%27makelist%27%2C%20%27page%27%3A%20u%27https%3A//raw.githubusercontent.com/Free-IPTV/Countries/master/US09_USA_Roku.m3u%27%7D%7D&amp;iconimage=https%3A%2F%2Flogos-download.com%2Fwp-content%2Fuploads%2F2017%2F05%2FRoku_logo-700x217.png",return)</action>
	</shortcut>
	<shortcut>
		<defaultID />
		<label>Stirr</label>
		<label2>Video Add-On</label2>
		<icon>DefaultShortcut.png</icon>
		<thumb>image://https%3a%2f%2fstirr.app%2fwp-content%2fuploads%2f2020%2f10%2fSTIRR_Logo_Wht.png/</thumb>
		<action>ActivateWindow(Videos,"plugin://plugin.video.live.streamspro/?url=%24doregex%5Bmakelist%5D&amp;mode=17&amp;regexs=%7Bu%27makelist%27%3A%20%7B%27listrepeat%27%3A%20u%27%5Cr%5Cn%3Ctitle%3E%5BCOLOR%3DFF00FFFF%5D%5Bmakelist.param2%5D%5B/COLOR%5D%3C/title%3E%5Cr%5Cn%3Cthumbnail%3E%5Bmakelist.param1%5D%3C/thumbnail%3E%5Cr%5Cn%3Clink%3E%5Bmakelist.param3%5D%3C/link%3E%5Cr%5Cn%27%2C%20%27expres%27%3A%20u%27tvg-logo%3D%22%28%5B%5E%22%5D%2A%29%22%20%5B%5E%2C%5D%2A%2C%28%5B%5E%5C%5Cn%5D%2A%29%5C%5Cn%28ht%5B%5E%5C%5Cs%5D%2A%29%27%2C%20%27name%27%3A%20u%27makelist%27%2C%20%27page%27%3A%20u%27https%3A//raw.githubusercontent.com/Free-IPTV/Countries/master/US10_USA_Stirr.m3u%27%7D%7D&amp;iconimage=https%3A%2F%2Fstirr.app%2Fwp-content%2Fuploads%2F2020%2F10%2FSTIRR_Logo_Wht.png",return)</action>
	</shortcut>
</shortcuts>
