<?xml version='1.0' encoding='UTF-8'?>
<shortcuts>
	<shortcut>
		<defaultID />
		<label>The Crew</label>
		<label2>Video Add-On</label2>
		<icon>DefaultShortcut.png</icon>
		<thumb>image://%2fstorage%2femulated%2f0%2fAndroid%2fdata%2forg.xbmc.kodi%2ffiles%2f.kodi%2faddons%2fscript.thecrew.artwork%2fresources%2fmedia%2fthecrew%2fmain_bluehat.png/</thumb>
		<action>ActivateWindow(Videos,"plugin://plugin.video.thecrew/?action=bluehat",return)</action>
	</shortcut>
	<shortcut>
		<defaultID />
		<label>SportsBay</label>
		<label2>Video Add-On</label2>
		<icon>DefaultShortcut.png</icon>
		<thumb>image://%2fstorage%2femulated%2f0%2fAndroid%2fdata%2forg.xbmc.kodi%2ffiles%2f.kodi%2faddons%2fplugin.video.PLsportowo%2fresources%2flogosb.png/</thumb>
		<action>ActivateWindow(Videos,"plugin://plugin.video.PLsportowo/?url=http%3A%2F%2Fstrims.world&amp;image=%2Fstorage%2Femulated%2F0%2FAndroid%2Fdata%2Forg.xbmc.kodi%2Ffiles%2F.kodi%2Faddons%2Fplugin.video.PLsportowo%2Fresources%2Flogosb.png&amp;mode=getsportsbay&amp;title=SportsBay",return)</action>
	</shortcut>
	<shortcut>
		<defaultID>plugin.video.endzone</defaultID>
		<label>The Endzone</label>
		<label2>Video Add-On</label2>
		<icon>DefaultShortcut.png</icon>
		<thumb>special://home/addons/plugin.video.endzone/icon.png</thumb>
		<action>ActivateWindow(Videos,"plugin://plugin.video.endzone",return)</action>
	</shortcut>
	<shortcut>
		<defaultID>plugin.video.sporthdme</defaultID>
		<label>SportHD</label>
		<label2>Custom item</label2>
		<icon>DefaultShortcut.png</icon>
		<thumb>image://%2fstorage%2femulated%2f0%2fAndroid%2fdata%2forg.xbmc.kodi%2ffiles%2f.kodi%2faddons%2fplugin.video.sporthdme%2ficon.png/</thumb>
		<action>ActivateWindow(Videos,"plugin://plugin.video.sporthdme/?url=http%3A%2F%2Fsporthd.live%2Findex.php%3F&amp;mode=5&amp;name=%5BB%5D%5BCOLOR+white%5DLIVE+EVENTS%5B%2FCOLOR%5D%5B%2FB%5D&amp;iconimage=%2Fstorage%2Femulated%2F0%2FAndroid%2Fdata%2Forg.xbmc.kodi%2Ffiles%2F.kodi%2Faddons%2Fplugin.video.sporthdme%2Ficon.png&amp;description=",return)</action>
	</shortcut>
	<shortcut>
		<defaultID />
		<label>DS9</label>
		<label2>Custom item</label2>
		<icon>DefaultShortcut.png</icon>
		<thumb>image://https%3a%2f%2fi.imgur.com%2fuZCTldR.png/</thumb>
		<action>ActivateWindow(Videos,"plugin://plugin.video.DS9/?url=https%3A%2F%2Fbitbucket.org%2FMad-Eric%2Ftextfiles%2Fraw%2Fmaster%2Fevents.xml&amp;mode=1&amp;name=%5BCOLORgold%5D%5BB%5D%5BI%5DLive+Sports%5B%2FI%5D%5B%2FB%5D%5B%2FCOLOR%5D&amp;iconimage=https%3A%2F%2Fi.imgur.com%2FuZCTldR.png&amp;fanart=https%3A%2F%2Fi.imgur.com%2Fwulr4GL.jpg",return)</action>
	</shortcut>
	<shortcut>
		<defaultID />
		<label>Sportowa</label>
		<label2>Video Add-On</label2>
		<icon>DefaultShortcut.png</icon>
		<thumb>special://home/addons/plugin.video.PLsportowo/icon.png</thumb>
		<action>ActivateWindow(Videos,"plugin://plugin.video.PLsportowo/?url=https%3A%2F%2Fwww.vipleague.lc&amp;image=%2Fstorage%2Femulated%2F0%2FAndroid%2Fdata%2Forg.xbmc.kodi%2Ffiles%2F.kodi%2Faddons%2Fplugin.video.PLsportowo%2Fresources%2Fvipl.png&amp;mode=vipleague2&amp;title=VipLeague",return)</action>
	</shortcut>
	<shortcut>
		<defaultID />
		<label>nyra</label>
		<label2>Video Add-On</label2>
		<icon>DefaultShortcut.png</icon>
		<thumb>special://home/userdata/addon_data/icons/NYRA-238x300.png</thumb>
		<action>ActivateWindow(Videos,"plugin://plugin.video.live.streamspro/?url=%2Fsdcard%2FAndroid%2Fdata%2Forg.xbmc.kodi%2Ffiles%2F.kodi%2Fuserdata%2Faddon_data%2Fplugin.video.live.streamspro%2FMagicDust%2Fnyra.xml&amp;mode=1&amp;name=nyra&amp;fanart=%2Fstorage%2Femulated%2F0%2FAndroid%2Fdata%2Forg.xbmc.kodi%2Ffiles%2F.kodi%2Faddons%2Fplugin.video.live.streamspro%2Ffanart.jpg",return)</action>
	</shortcut>
	<shortcut>
		<defaultID />
		<label>Daddylive</label>
		<label2>Video Add-On</label2>
		<icon>DefaultShortcut.png</icon>
		<thumb>special://home/userdata/addon_data/icons/daddy-logo.jpg</thumb>
		<action>ActivateWindow(Videos,"plugin://plugin.video.live.streamspro/?url=%24doregex%5Bmakelist%5D&amp;mode=17&amp;regexs=%7Bu%27getUrl%27%3A%20%7B%27expres%27%3A%20u%27%23%24pyFunction%5Cr%5Cnimport%20re%2Crequests%5Cr%5Cnfrom%20urlresolver.plugins.lib%20import%20jsunpack%5Cr%5Cndef%20GetLSProData%28page_data%2CCookie_Jar%2Cm%29%3A%5Cr%5Cn%20%20link%3Dre.findall%28%5C%27%3Ciframe%5C%5Cs%2Asrc%3D%22%28.%2A%3Fembed%5B%5E%22%5D%2B%29%5C%27%2Cpage_data%29%5B0%5D%5Cr%5Cn%20%20source%3Drequests.get%28link%2Cheaders%3D%7B%5C%27user-agent%5C%27%3A%5C%27Mozilla/5.0%5C%27%2C%5C%27referer%5C%27%3A%5C%27%5Bmakelist2.param4%5D%5C%27%2C%5C%27accept%5C%27%3A%5C%27%2A/%2A%5C%27%7D%29.content%5Cr%5Cn%20%20source%3Djsunpack.unpack%28re.findall%28%5C%27%28eval.%2Am3u8.%2A%29%5C%27%2Csource%29%5B0%5D%29.replace%28%5C%27%5C%5C%5C%5C%5C%27%2C%20%5C%27%5C%27%29%5Cr%5Cn%20%20return%20re.findall%28%5C%27Clappr.Player%5B%5C%5Cw%5C%5CW%5D%2A%3F%28%3F%3Asource%7Csrc%7Cfile%29%3A%5C%5Cs%2A%5B%5C%5C%5C%27%22%5D%28%5B%5E%5C%5C%5C%27%22%5D%2B%29%5C%27%2Csource%29%5B0%5D%2B%5C%27%7Cuser-agent%3Dipad%26referer%3D%5C%27%2Blink%5Cr%5Cn%27%2C%20%27referer%27%3A%20u%27https%3A//daddylive.live/index.php%27%2C%20%27name%27%3A%20u%27getUrl%27%2C%20%27page%27%3A%20u%27%5Bmakelist2.param4%5D%27%7D%2C%20u%27makelist%27%3A%20%7B%27listrepeat%27%3A%20u%27%5Cr%5Cn%20%20%3Ctitle%3E%5BCOLOR%20gold%5D%5Bmakelist.param1%5D%5B/COLOR%5D%3C/title%3E%5Cr%5Cn%20%20%3Clink%3E%24doregex%5Bmakelist2%5D%3C/link%3E%5Cr%5Cn%20%20%3Cthumbnail%3Ehttps%3A//www.lf.k12.de.us/wp-content/uploads/2015/03/Sports.png%3C/thumbnail%3E%5Cr%5Cn%27%2C%20%27expres%27%3A%20u%27%23%24pyFunction%5Cr%5Cnimport%20re%2Ctime%5Cr%5Cndef%20GetLSProData%28page_data%2CCookie_Jar%2Cm%29%3A%23streamwatcher2013%5Cr%5Cn%20%20today%3Dtime.strftime%28%5C%27%25d%5C%27%2Ctime.localtime%28%29%29%5Cr%5Cn%20%20list%3Dre.findall%28%5C%27%25s.%2B%3F%3C/center%3E%28%3Fs%29%28.%2A%3F%29batman-stream%5C%27%25today%2Cpage_data%29%5B0%5D.replace%28%5C%27%26Atilde%5C%27%2C%5C%27%5Cxc3%5C%27%29.replace%28%5C%27%26atilde%3B%5C%27%2C%5C%27%5Cxe3%5C%27%29.replace%28%5C%27%26Ouml%3B%5C%27%2C%5C%27%5Cxd6%5C%27%29.replace%28%5C%27%26ouml%3B%5C%27%2C%5C%27%5Cxf6%5C%27%29.replace%28%5C%27%26Euml%3B%5C%27%2C%5C%27%5Cxcb%5C%27%29.replace%28%5C%27%26euml%3B%5C%27%2C%5C%27%5Cxeb%5C%27%29.replace%28%5C%27%26ntilde%3B%5C%27%2C%5C%27%5Cxf1%5C%27%29.replace%28%5C%27%26Uacute%3B%5C%27%2C%5C%27%5Cxda%5C%27%29.replace%28%5C%27%26uacute%3B%5C%27%2C%5C%27%5Cxfa%5C%27%29.replace%28%5C%27%26Uuml%3B%5C%27%2C%5C%27%5Cxdc%5C%27%29.replace%28%5C%27%26uuml%3B%5C%27%2C%5C%27%5Cxfc%5C%27%29.replace%28%5C%27%26acute%3B%5C%27%2C%5C%27%5C%5C%5C%27%5C%27%29.replace%28%5C%27%26Eacute%3B%5C%27%2C%5C%27%5Cxc9%5C%27%29.replace%28%5C%27%26eacute%3B%5C%27%2C%5C%27%5Cxe9%5C%27%29.replace%28%5C%27%26Oacute%3B%5C%27%2C%5C%27%5Cxd3%5C%27%29.replace%28%5C%27%26oacute%3B%5C%27%2C%5C%27%5Cxf3%5C%27%29%5Cr%5Cn%20%20return%20re.findall%28%5C%27%3Ch3%3E.%2B%3F%22%3E%28%5B%5E%3C%5D%2B%29%28%3Fs%29%28.%2A%3F%29%3Cdiv%5C%27%2Clist%29%5Cr%5Cn%27%2C%20%27name%27%3A%20u%27makelist%27%2C%20%27page%27%3A%20u%27https%3A//daddylive.live/index.php%27%7D%2C%20u%27makelist2%27%3A%20%7B%27listrepeat%27%3A%20u%27%5Cr%5Cn%20%20%3Ctitle%3E%5BCOLOR%20dodgerblue%5D%28%5Bmakelist2.param1%5D%29%20%5BCOLOR%20gold%5D%5Bmakelist2.param3%5D%5B/COLOR%5D%20-%20%5Bmakelist2.param2%5D%3C/title%3E%5Cr%5Cn%20%20%3Clink%3E%24doregex%5BgetUrl%5D%3C/link%3E%5Cr%5Cn%20%20%3Cthumbnail%3Ehttps%3A//www.lf.k12.de.us/wp-content/uploads/2015/03/Sports.png%3C/thumbnail%3E%5Cr%5Cn%27%2C%20%27expres%27%3A%20u%27%23%24pyFunction%5Cr%5Cnimport%20re%2Ctime%5Cr%5Cndef%20GetLSProData%28page_data%2CCookie_Jar%2Cm%29%3A%5Cr%5Cn%20%20gtime%3Dre.findall%28%5C%27%28%5C%5Cd%2B%3A%5C%5Cd%2B%29%5C%27%2Cpage_data%29%5Cr%5Cn%20%20for%20t%20in%20gtime%3A%5Cr%5Cn%20%20%20%20localtime%3Dint%28t%5B%3A-3%5D%29%20-6%20%20%23%20%20Subtract%206%20from%20GMT%20%2B1.%20My%20is%20Eastern%20Time%20Zone%5Cr%5Cn%20%20%20%20if%20localtime%20%3E%2024%3A%5Cr%5Cn%20%20%20%20%20%20localtime%20-%3D24%5Cr%5Cn%20%20%20%20if%20localtime%20%3C%201%3A%5Cr%5Cn%20%20%20%20%20%20localtime%20%2B%3D24%5Cr%5Cn%20%20%20%20lctime%3Dstr%28localtime%29%2Bt%5B2%3A%5D%5Cr%5Cn%20%20%20%20lctime%3Dlctime.zfill%285%29%5Cr%5Cn%20%20%20%20page_data%3Dpage_data.replace%28t%2Clctime%29%5Cr%5Cn%20%20return%20re.findall%28%5C%27%28%5C%5Cd%2B%3A%5C%5Cd%2B%29%5C%5Cs%2A%28.%2B%3F%29%5C%5Cs%2A%3A%5C%5Cs%2A%28%5B%5E%3C%5D%2B%29.%2B%3Fhref%3D%22%28%5B%5E%22%5D%2B%29%5C%27%2Cpage_data%29%5Cr%5Cn%27%2C%20%27name%27%3A%20u%27makelist2%27%2C%20%27page%27%3A%20u%27%5Bmakelist.param2%5D%27%7D%7D&amp;iconimage=https%3A%2F%2Fwww.lf.k12.de.us%2Fwp-content%2Fuploads%2F2015%2F03%2FSports.png",return)</action>
	</shortcut>
	<shortcut>
		<defaultID />
		<label>reddit</label>
		<label2>Video Add-On</label2>
		<icon>DefaultShortcut.png</icon>
		<thumb>special://home/userdata/addon_data/icons/reddit_awesome_face_postcards-r49ce80215dfe4c5b8969e66aab2d3513_vgbaq_8byvr_512.jpg</thumb>
		<action>ActivateWindow(Videos,"plugin://plugin.video.live.streamspro/?url=%2Fstorage%2Femulated%2F0%2FAndroid%2Fdata%2Forg.xbmc.kodi%2Ffiles%2F.kodi%2Fuserdata%2Faddon_data%2Fplugin.video.live.streamspro%2FMagicDust%2Freddit.xml&amp;mode=1&amp;name=reddit&amp;fanart=%2Fstorage%2Femulated%2F0%2FAndroid%2Fdata%2Forg.xbmc.kodi%2Ffiles%2F.kodi%2Faddons%2Fplugin.video.live.streamspro%2Ffanart.jpg",return)</action>
	</shortcut>
	<shortcut>
		<defaultID />
		<label>Extra Live Content</label>
		<label2>Video Add-On</label2>
		<icon>DefaultShortcut.png</icon>
		<thumb>image://https%3a%2f%2fi.imgur.com%2fGcj6XL7.jpg/</thumb>
		<action>ActivateWindow(Videos,"plugin://plugin.video.Rising.Tides/?url=http%3A%2F%2Fbit.ly%2FREQUESTSZZ&amp;mode=1&amp;name=%5BCOLOR+pink%5D%5BB%5DE%5B%2FB%5D%5B%2FCOLOR%5D%5BCOLOR+white%5D%5BB%5Dxtra+%5B%2FB%5D%5B%2FCOLOR%5D+%5BCOLOR+red%5D%5BB%5DL%5B%2FB%5D%5B%2FCOLOR%5D%5BCOLOR+white%5D%5BB%5Dive%5B%2FB%5D%5B%2FCOLOR%5D+%5BCOLOR+red%5D%5BB%5DC%5B%2FB%5D%5B%2FCOLOR%5D%5BCOLOR+white%5D%5BB%5Dontent%5B%2FB%5D%5B%2FCOLOR%5D&amp;iconimage=https%3A%2F%2Fi.imgur.com%2FGcj6XL7.jpg&amp;fanart=https%3A%2F%2Fi.imgur.com%2FAWutrFY.jpg",return)</action>
	</shortcut>
	<shortcut>
		<defaultID />
		<label>LiveTV.sx</label>
		<label2>Video Add-On</label2>
		<icon>DefaultShortcut.png</icon>
		<thumb>image://%2fstorage%2femulated%2f0%2fAndroid%2fdata%2forg.xbmc.kodi%2ffiles%2f.kodi%2faddons%2fplugin.video.PLsportowo%2fresources%2flivetv.png/</thumb>
		<action>ActivateWindow(Videos,"plugin://plugin.video.PLsportowo/?url=http%3A%2F%2Flivetv.sx%2Fenx%2Fallupcoming%2F&amp;image=%2Fstorage%2Femulated%2F0%2FAndroid%2Fdata%2Forg.xbmc.kodi%2Ffiles%2F.kodi%2Faddons%2Fplugin.video.PLsportowo%2Fresources%2Flivetv.png&amp;mode=livetvsx&amp;title=LiveTV.sx",return)</action>
	</shortcut>
</shortcuts>
