<?xml version='1.0' encoding='UTF-8'?>
<shortcuts>
	<shortcut>
		<defaultID>script.module.7of9-live</defaultID>
		<label> TVtap</label>
		<label2>Video Add-On</label2>
		<icon>DefaultShortcut.png</icon>
		<thumb>image://%2fstorage%2femulated%2f0%2fAndroid%2fdata%2forg.xbmc.kodi%2ffiles%2f.kodi%2faddons%2fscript.module.7of9-live%2ficon.png/</thumb>
		<action>ActivateWindow(Videos,"plugin://script.module.7of9-live",return)</action>
	</shortcut>
	<shortcut>
		<defaultID>plugin.video.tvone1</defaultID>
		<label>tvOne</label>
		<label2>Video Add-On</label2>
		<icon>DefaultShortcut.png</icon>
		<thumb>special://home/userdata/addon_data/icons/robinhood.png</thumb>
		<action>ActivateWindow(Videos,"plugin://plugin.video.tvone1",return)</action>
	</shortcut>
	<shortcut>
		<defaultID />
		<label>UsaTv Go</label>
		<label2>Video Add-On</label2>
		<icon>DefaultShortcut.png</icon>
		<thumb>special://home/userdata/addon_data/icons/ustvgo.jpg</thumb>
		<action>ActivateWindow(Videos,"plugin://plugin.video.temptv/?action=ustvgoNavigator",return)</action>
	</shortcut>
	<shortcut>
		<defaultID>plugin.video.tvone1112</defaultID>
		<label>Swiftstreamz</label>
		<label2>Video Add-On</label2>
		<icon>DefaultShortcut.png</icon>
		<thumb>special://home/addons/script.module.swiftstreamz/icon.png</thumb>
		<action>ActivateWindow(Videos,"plugin://plugin.video.tvone1112",return)</action>
	</shortcut>
	<shortcut>
		<defaultID />
		<label>Sports24</label>
		<label2>Video Add-On</label2>
		<icon>DefaultShortcut.png</icon>
		<thumb>special://home/userdata/addon_data/icons/sports24.jpg</thumb>
		<action>ActivateWindow(Videos,"plugin://plugin.video.temptv/?action=sports24Navigator",return)</action>
	</shortcut>
	<shortcut>
		<defaultID />
		<label>YourSports</label>
		<label2>Video Add-On</label2>
		<icon>DefaultShortcut.png</icon>
		<thumb>special://home/userdata/addon_data/icons/yoursports.png</thumb>
		<action>ActivateWindow(Videos,"plugin://plugin.video.temptv/?action=yoursportsliveNavigator",return)</action>
	</shortcut>
	<shortcut>
		<defaultID />
		<label>Ustreamix</label>
		<label2>Video Add-On</label2>
		<icon>DefaultShortcut.png</icon>
		<thumb>special://home/addons/script.module.streamlink.base/icon.png</thumb>
		<action>ActivateWindow(Videos,"plugin://plugin.video.temptv/?action=ustreamixNavigator",return)</action>
	</shortcut>
	<shortcut>
		<defaultID />
		<label>Sportsbay</label>
		<label2>Custom item</label2>
		<icon>DefaultShortcut.png</icon>
		<thumb>special://home/addons/plugin.video.PLsportowo/resources/logosb.png</thumb>
		<action>ActivateWindow(Videos,"plugin://plugin.video.PLsportowo/?url=https%3A%2F%2Fsportsbay.org%2Fsports%2Ftv-channels%2F1&amp;image=%2Fstorage%2Femulated%2F0%2FAndroid%2Fdata%2Forg.xbmc.kodi%2Ffiles%2F.kodi%2Faddons%2Fplugin.video.PLsportowo%2Fresources%2Flogosb.png&amp;mode=getsportsbayschedule&amp;title=Sportsbay",return)</action>
	</shortcut>
	<shortcut>
		<defaultID>script.module.eviltentv</defaultID>
		<label>Mobdro</label>
		<label2>Video Add-On</label2>
		<icon>DefaultShortcut.png</icon>
		<thumb>special://home/userdata/addon_data/icons/mobdro.png</thumb>
		<action>ActivateWindow(Videos,"plugin://script.module.eviltentv",return)</action>
	</shortcut>
	<shortcut>
		<defaultID />
		<label>Daddy Live</label>
		<label2>Video Add-On</label2>
		<icon>DefaultShortcut.png</icon>
		<thumb>special://home/userdata/addon_data/icons/daddy-logo.jpg</thumb>
		<action>ActivateWindow(Videos,"plugin://plugin.video.live.streamspro/?url=%24doregex%5Bmakelist%5D&amp;mode=17&amp;regexs=%7Bu%27makelist%27%3A%20%7B%27listrepeat%27%3A%20u%27%5Cr%5Cn%20%20%20%20%3Ctitle%3E%5Bmakelist.param2%5D%3C/title%3E%5Cr%5Cn%20%20%20%20%3Clink%3E%24doregex%5Bplayplay%5D%3C/link%3E%5Cr%5Cn%27%2C%20%27expres%27%3A%20u%27%23%24pyFunction%5Cr%5Cndef%20GetLSProData%28page_data%2CCookie_Jar%2Cm%29%3A%5Cr%5Cn%20%20%20%20import%20re%5Cr%5Cn%20%20%20%20e%20%3D%20re.findall%28%5C%27%28%3Fs%29%3Ca%20class%3D%22btn%28%3F%3A.%2A%3Fhref%29%3D%22%28%5B%5E%22%5D%2A%29%28%3F%3A.%2A%3Fi%3E%29%28%5B%5E%3C%5D%2A%29%5C%27%2C%20page_data%29%5Cr%5Cn%20%20%20%20sort%20%3D%20%5B%28%5C%27https%3A//daddylive.live%5C%27%2Bi%5B0%5D%2Ci%5B1%5D%29%20for%20i%20in%20e%5D%5Cr%5Cn%20%20%20%20return%20sort%5Cr%5Cn%27%2C%20%27name%27%3A%20u%27makelist%27%2C%20%27page%27%3A%20u%27https%3A//daddylive.live/24-hours-channels.php%27%7D%2C%20u%27playplay%27%3A%20%7B%27expres%27%3A%20u%27%23%24pyFunction%5Cr%5Cndef%20GetLSProData%28page_data%2CCookie_Jar%2Cm%29%3A%5Cr%5Cn%20%20%20%20import%20jsunpack%5Cr%5Cn%20%20%20%20import%20re%5Cr%5Cn%20%20%20%20e%20%3D%20re.findall%28%5C%27eval%5C%5C%28function%28.%2B%3Fm3u8.%2B%29%5C%27%2Cpage_data%29%5B0%5D%5Cr%5Cn%20%20%20%20js%20%3D%20jsunpack.unpack%28e%29%5Cr%5Cn%20%20%20%20u%20%3D%20re.findall%28%5C%27source%3A%5C%5Cs%2A%5B%5C%5C%5C%27%22%5D%28%5B%5E%5C%5C%5C%27%22%5D%2A%29%5C%27%2C%20js%29%5B0%5D%5Cr%5Cn%20%20%20%20return%20u%20%2B%20%5C%27%7CUser-Agent%3DiPad%5C%27%5Cr%5Cn%27%2C%20%27referer%27%3A%20u%27%5Bmakelist.param1%5D%27%2C%20%27name%27%3A%20u%27playplay%27%2C%20%27page%27%3A%20u%27%24doregex%5Bembed%5D%27%7D%2C%20u%27embed%27%3A%20%7B%27expres%27%3A%20u%27%3Ciframe%20src%3D%22%28%5B%5E%22%5D%2A%29%27%2C%20%27referer%27%3A%20u%27https%3A//daddylive.live/%27%2C%20%27name%27%3A%20u%27embed%27%2C%20%27page%27%3A%20u%27%5Bmakelist.param1%5D%27%7D%7D",return)</action>
	</shortcut>
	<shortcut>
		<defaultID>script.module.tvchoice</defaultID>
		<label>Redbox</label>
		<label2>Video Add-On</label2>
		<icon>DefaultShortcut.png</icon>
		<thumb>special://home/userdata/addon_data/icons/redbox.png</thumb>
		<action>ActivateWindow(Videos,"plugin://script.module.tvchoice",return)</action>
	</shortcut>
	<shortcut>
		<defaultID />
		<label>inkmedia</label>
		<label2>Video Add-On</label2>
		<icon>DefaultShortcut.png</icon>
		<thumb>special://home/userdata/addon_data/icons/cartoon_tooth_fairy_greeting_card-r605188d7a9af45dfba89aa9efb9f80aa_xvuak_8byvr_512[1]bbbb.jpg</thumb>
		<action>ActivateWindow(Videos,"plugin://plugin.video.live.streamspro/?url=%2Fstorage%2Femulated%2F0%2FAndroid%2Fdata%2Forg.xbmc.kodi%2Ffiles%2F.kodi%2Fuserdata%2Faddon_data%2Fplugin.video.live.streamspro%2FMagicDust%2Finkmedia.xml&amp;mode=1&amp;name=inkmedia&amp;fanart=%2Fstorage%2Femulated%2F0%2FAndroid%2Fdata%2Forg.xbmc.kodi%2Ffiles%2F.kodi%2Faddons%2Fplugin.video.live.streamspro%2Ffanart.jpg",return)</action>
	</shortcut>
	<shortcut>
		<defaultID>slyguy.pbs.live</defaultID>
		<label>PBS Live</label>
		<label2>Video Add-On</label2>
		<icon>DefaultShortcut.png</icon>
		<thumb>image://%2fstorage%2femulated%2f0%2fAndroid%2fdata%2forg.xbmc.kodi%2ffiles%2f.kodi%2faddons%2fslyguy.pbs.live%2ficon.png/</thumb>
		<action>ActivateWindow(Videos,"plugin://slyguy.pbs.live",return)</action>
	</shortcut>
</shortcuts>
