<?xml version='1.0' encoding='UTF-8'?>
<shortcuts>
	<shortcut>
		<defaultID />
		<label>Sportsbay</label>
		<label2>Video Add-On</label2>
		<icon>DefaultShortcut.png</icon>
		<thumb>image://%2fstorage%2femulated%2f0%2fAndroid%2fdata%2forg.xbmc.kodi%2ffiles%2f.kodi%2faddons%2fplugin.video.PLsportowo%2fresources%2flogosb.png/</thumb>
		<action>ActivateWindow(Videos,"plugin://plugin.video.PLsportowo/?url=https%3A%2F%2Fsportsbay.org%2Fsports%2Ftv-channels%2F1&amp;image=%2Fstorage%2Femulated%2F0%2FAndroid%2Fdata%2Forg.xbmc.kodi%2Ffiles%2F.kodi%2Faddons%2Fplugin.video.PLsportowo%2Fresources%2Flogosb.png&amp;mode=getsportsbayschedule&amp;title=Sportsbay",return)</action>
	</shortcut>
	<shortcut>
		<defaultID />
		<label>YourSports</label>
		<label2>Video Add-On</label2>
		<icon>DefaultShortcut.png</icon>
		<thumb>special://home/userdata/addon_data/icons/yoursports.png</thumb>
		<action>ActivateWindow(Videos,"plugin://plugin.video.temptv/?action=yoursportsliveNavigator",return)</action>
	</shortcut>
	<shortcut>
		<defaultID />
		<label>DaddyLive</label>
		<label2>Video Add-On</label2>
		<icon>DefaultShortcut.png</icon>
		<thumb>special://home/userdata/addon_data/icons/daddy-logo.jpg</thumb>
		<action>ActivateWindow(Videos,"plugin://plugin.video.live.streamspro/?url=%24doregex%5Bmakelist%5D&amp;mode=17&amp;regexs=%7Bu%27makelist%27%3A%20%7B%27listrepeat%27%3A%20u%27%5Cr%5Cn%20%20%20%20%3Ctitle%3E%5Bmakelist.param2%5D%3C/title%3E%5Cr%5Cn%20%20%20%20%3Clink%3E%24doregex%5Bplayplay%5D%3C/link%3E%5Cr%5Cn%27%2C%20%27expres%27%3A%20u%27%23%24pyFunction%5Cr%5Cndef%20GetLSProData%28page_data%2CCookie_Jar%2Cm%29%3A%5Cr%5Cn%20%20%20%20import%20re%5Cr%5Cn%20%20%20%20e%20%3D%20re.findall%28%5C%27%28%3Fs%29%3Ca%20class%3D%22btn%28%3F%3A.%2A%3Fhref%29%3D%22%28%5B%5E%22%5D%2A%29%28%3F%3A.%2A%3Fi%3E%29%28%5B%5E%3C%5D%2A%29%5C%27%2C%20page_data%29%5Cr%5Cn%20%20%20%20sort%20%3D%20%5B%28%5C%27https%3A//daddylive.live%5C%27%2Bi%5B0%5D%2Ci%5B1%5D%29%20for%20i%20in%20e%5D%5Cr%5Cn%20%20%20%20return%20sort%5Cr%5Cn%27%2C%20%27name%27%3A%20u%27makelist%27%2C%20%27page%27%3A%20u%27https%3A//daddylive.live/24-hours-channels.php%27%7D%2C%20u%27playplay%27%3A%20%7B%27expres%27%3A%20u%27%23%24pyFunction%5Cr%5Cndef%20GetLSProData%28page_data%2CCookie_Jar%2Cm%29%3A%5Cr%5Cn%20%20%20%20import%20jsunpack%5Cr%5Cn%20%20%20%20import%20re%5Cr%5Cn%20%20%20%20e%20%3D%20re.findall%28%5C%27eval%5C%5C%28function%28.%2B%3Fm3u8.%2B%29%5C%27%2Cpage_data%29%5B0%5D%5Cr%5Cn%20%20%20%20js%20%3D%20jsunpack.unpack%28e%29%5Cr%5Cn%20%20%20%20u%20%3D%20re.findall%28%5C%27source%3A%5C%5Cs%2A%5B%5C%5C%5C%27%22%5D%28%5B%5E%5C%5C%5C%27%22%5D%2A%29%5C%27%2C%20js%29%5B0%5D%5Cr%5Cn%20%20%20%20return%20u%20%2B%20%5C%27%7CUser-Agent%3DiPad%5C%27%5Cr%5Cn%27%2C%20%27referer%27%3A%20u%27%5Bmakelist.param1%5D%27%2C%20%27name%27%3A%20u%27playplay%27%2C%20%27page%27%3A%20u%27%24doregex%5Bembed%5D%27%7D%2C%20u%27embed%27%3A%20%7B%27expres%27%3A%20u%27%3Ciframe%20src%3D%22%28%5B%5E%22%5D%2A%29%27%2C%20%27referer%27%3A%20u%27https%3A//daddylive.live/%27%2C%20%27name%27%3A%20u%27embed%27%2C%20%27page%27%3A%20u%27%5Bmakelist.param1%5D%27%7D%7D",return)</action>
	</shortcut>
	<shortcut>
		<defaultID />
		<label>Sports24</label>
		<label2>Video Add-On</label2>
		<icon>DefaultShortcut.png</icon>
		<thumb>special://home/userdata/addon_data/icons/sports24.jpg</thumb>
		<action>ActivateWindow(Videos,"plugin://plugin.video.thecrew/?action=xdirectory&amp;url=%24doregex%5Bmakelist%5D%7Cregex%3D60254aa6c17fb04e71c26d08d39663c4&amp;content=addons",return)</action>
	</shortcut>
	<shortcut>
		<defaultID>script.module.7of9-live/list_channels/5</defaultID>
		<label>TVtap</label>
		<label2>Custom item</label2>
		<icon>DefaultShortcut.png</icon>
		<thumb>image://%2fstorage%2femulated%2f0%2fAndroid%2fdata%2forg.xbmc.kodi%2ffiles%2f.kodi%2faddons%2fscript.module.7of9-live%2ficon.png/</thumb>
		<action>ActivateWindow(Videos,"plugin://script.module.7of9-live",return)</action>
	</shortcut>
	<shortcut>
		<defaultID />
		<label>Crickfree</label>
		<label2>Video Add-On</label2>
		<icon>DefaultShortcut.png</icon>
		<thumb>image://%2fstorage%2femulated%2f0%2fAndroid%2fdata%2forg.xbmc.kodi%2ffiles%2f.kodi%2faddons%2fplugin.video.PLsportowo%2fresources%2fcrfree.png/</thumb>
		<action>ActivateWindow(Videos,"plugin://plugin.video.PLsportowo/?url=cricfree&amp;image=%2Fstorage%2Femulated%2F0%2FAndroid%2Fdata%2Forg.xbmc.kodi%2Ffiles%2F.kodi%2Faddons%2Fplugin.video.PLsportowo%2Fresources%2Fcrfree.png&amp;mode=channelsCR&amp;title=Crickfree",return)</action>
	</shortcut>
	<shortcut>
		<defaultID />
		<label>USSTREAMIX</label>
		<label2>Video Add-On</label2>
		<icon>DefaultShortcut.png</icon>
		<thumb>special://home/userdata/addon_data/icons/123tv.jpg</thumb>
		<action>ActivateWindow(Videos,"plugin://plugin.video.thecrew/?action=xdirectory&amp;url=%24doregex%5Bmakelist%5D%7Cregex%3D593b2e27e3e328f26bca43185f743347&amp;content=addons",return)</action>
	</shortcut>
	<shortcut>
		<defaultID />
		<label>Strims World</label>
		<label2>Video Add-On</label2>
		<icon>DefaultShortcut.png</icon>
		<thumb>image://%2fstorage%2femulated%2f0%2fAndroid%2fdata%2forg.xbmc.kodi%2ffiles%2f.kodi%2faddons%2fplugin.video.PLsportowo%2fresources%2fsworld.png/</thumb>
		<action>ActivateWindow(Videos,"plugin://plugin.video.PLsportowo/?url=http%3A%2F%2Fstrims.world&amp;image=%2Fstorage%2Femulated%2F0%2FAndroid%2Fdata%2Forg.xbmc.kodi%2Ffiles%2F.kodi%2Faddons%2Fplugin.video.PLsportowo%2Fresources%2Fsworld.png&amp;mode=channelsSW&amp;title=Strims+World",return)</action>
	</shortcut>
	<shortcut>
		<defaultID />
		<label>UsaTv Go</label>
		<label2>Video Add-On</label2>
		<icon>DefaultShortcut.png</icon>
		<thumb>special://home/userdata/addon_data/icons/ustvgo.jpg</thumb>
		<action>ActivateWindow(Videos,"plugin://plugin.video.temptv/?action=ustvgoNavigator",return)</action>
	</shortcut>
</shortcuts>
