<?xml version='1.0' encoding='UTF-8'?>
<shortcuts>
	<shortcut>
		<defaultID />
		<label>Sportsbay</label>
		<label2>Video Add-On</label2>
		<icon>DefaultShortcut.png</icon>
		<thumb>image://%2fstorage%2femulated%2f0%2fAndroid%2fdata%2forg.xbmc.kodi%2ffiles%2f.kodi%2faddons%2fplugin.video.PLsportowo%2fresources%2flogosb.png/</thumb>
		<action>ActivateWindow(Videos,"plugin://plugin.video.PLsportowo/?url=https%3A%2F%2Fsportsbay.org%2Fsports%2Ftv-channels%2F1&amp;image=%2Fstorage%2Femulated%2F0%2FAndroid%2Fdata%2Forg.xbmc.kodi%2Ffiles%2F.kodi%2Faddons%2Fplugin.video.PLsportowo%2Fresources%2Flogosb.png&amp;mode=getsportsbayschedule&amp;title=Sportsbay",return)</action>
	</shortcut>
	<shortcut>
		<defaultID />
		<label>YourSports</label>
		<label2>Video Add-On</label2>
		<icon>DefaultShortcut.png</icon>
		<thumb>special://home/userdata/addon_data/icons/yoursports.png</thumb>
		<action>ActivateWindow(Videos,"plugin://plugin.video.temptv/?action=yoursportsliveNavigator",return)</action>
	</shortcut>
	<shortcut>
		<defaultID />
		<label>DaddyLive</label>
		<label2>Custom item</label2>
		<icon>DefaultShortcut.png</icon>
		<thumb>special://home/userdata/addon_data/icons/daddy-logo.jpg</thumb>
		<action>ActivateWindow(Videos,"plugin://plugin.video.thecrew/?action=xdirectory&amp;url=%24doregex%5Bmakelist%5D%7Cregex%3D8265e59cceb11b1c8ffa3d7f763c42bf&amp;content=addons",return)</action>
	</shortcut>
	<shortcut>
		<defaultID />
		<label>Sports24</label>
		<label2>Video Add-On</label2>
		<icon>DefaultShortcut.png</icon>
		<thumb>special://home/userdata/addon_data/icons/sports24.jpg</thumb>
		<action>ActivateWindow(Videos,"plugin://plugin.video.thecrew/?action=xdirectory&amp;url=%24doregex%5Bmakelist%5D%7Cregex%3D60254aa6c17fb04e71c26d08d39663c4&amp;content=addons",return)</action>
	</shortcut>
	<shortcut>
		<defaultID />
		<label>DS9</label>
		<label2>Video Add-On</label2>
		<icon>DefaultShortcut.png</icon>
		<thumb>image://https%3a%2f%2fi.imgur.com%2fuZCTldR.png/</thumb>
		<action>ActivateWindow(Videos,"plugin://plugin.video.DS9/?url=https%3A%2F%2Fraw.githubusercontent.com%2FFloyd6969%2FDJV%2Fmaster%2FStore%2FUS.m3u&amp;mode=1&amp;name=%5BCOLORgold%5D%5BB%5D%5BI%5DUS+Sports+Channels%5B%2FI%5D%5B%2FB%5D%5B%2FCOLOR%5D&amp;iconimage=https%3A%2F%2Fi.imgur.com%2FuZCTldR.png&amp;fanart=https%3A%2F%2Fi.imgur.com%2Fwulr4GL.jpg",return)</action>
	</shortcut>
	<shortcut>
		<defaultID />
		<label>Crickfree</label>
		<label2>Video Add-On</label2>
		<icon>DefaultShortcut.png</icon>
		<thumb>image://%2fstorage%2femulated%2f0%2fAndroid%2fdata%2forg.xbmc.kodi%2ffiles%2f.kodi%2faddons%2fplugin.video.PLsportowo%2fresources%2fcrfree.png/</thumb>
		<action>ActivateWindow(Videos,"plugin://plugin.video.PLsportowo/?url=cricfree&amp;image=%2Fstorage%2Femulated%2F0%2FAndroid%2Fdata%2Forg.xbmc.kodi%2Ffiles%2F.kodi%2Faddons%2Fplugin.video.PLsportowo%2Fresources%2Fcrfree.png&amp;mode=channelsCR&amp;title=Crickfree",return)</action>
	</shortcut>
	<shortcut>
		<defaultID />
		<label>USSTREAMIX</label>
		<label2>Video Add-On</label2>
		<icon>DefaultShortcut.png</icon>
		<thumb>special://home/userdata/addon_data/icons/123tv.jpg</thumb>
		<action>ActivateWindow(Videos,"plugin://plugin.video.thecrew/?action=xdirectory&amp;url=%24doregex%5Bmakelist%5D%7Cregex%3D593b2e27e3e328f26bca43185f743347&amp;content=addons",return)</action>
	</shortcut>
	<shortcut>
		<defaultID />
		<label>Strims World</label>
		<label2>Video Add-On</label2>
		<icon>DefaultShortcut.png</icon>
		<thumb>image://%2fstorage%2femulated%2f0%2fAndroid%2fdata%2forg.xbmc.kodi%2ffiles%2f.kodi%2faddons%2fplugin.video.PLsportowo%2fresources%2fsworld.png/</thumb>
		<action>ActivateWindow(Videos,"plugin://plugin.video.PLsportowo/?url=http%3A%2F%2Fstrims.world&amp;image=%2Fstorage%2Femulated%2F0%2FAndroid%2Fdata%2Forg.xbmc.kodi%2Ffiles%2F.kodi%2Faddons%2Fplugin.video.PLsportowo%2Fresources%2Fsworld.png&amp;mode=channelsSW&amp;title=Strims+World",return)</action>
	</shortcut>
	<shortcut>
		<defaultID />
		<label>UsaTv Go</label>
		<label2>Custom item</label2>
		<icon>DefaultShortcut.png</icon>
		<thumb>special://home/userdata/addon_data/icons/ustvgo.jpg</thumb>
		<action>ActivateWindow(Videos,"plugin://plugin.video.live.streamspro/?url=%2Fstorage%2Femulated%2F0%2FAndroid%2Fdata%2Forg.xbmc.kodi%2Ffiles%2F.kodi%2Faddons%2Fplugin.program.magicdust%2Fmagic%2Flsp%2FustvGO.xml&amp;mode=1&amp;name=ustvGO&amp;fanart=%2Fstorage%2Femulated%2F0%2FAndroid%2Fdata%2Forg.xbmc.kodi%2Ffiles%2F.kodi%2Faddons%2Fplugin.video.live.streamspro%2Ffanart.jpg",return)</action>
	</shortcut>
</shortcuts>
