<?xml version='1.0' encoding='UTF-8'?>
<shortcuts>
	<shortcut>
		<defaultID>plugin.video.tvone</defaultID>
		<label>tvTap</label>
		<label2>Video Add-On</label2>
		<icon>DefaultShortcut.png</icon>
		<thumb>special://home/userdata/addon_data/icons/tvtap.png</thumb>
		<action>ActivateWindow(Videos,"plugin://plugin.video.tvone",return)</action>
	</shortcut>
	<shortcut>
		<defaultID>plugin.video.tvone11</defaultID>
		<label>Swiftstreamz</label>
		<label2>Video Add-On</label2>
		<icon>DefaultShortcut.png</icon>
		<thumb>special://home/userdata/addon_data/icons/swift2.png</thumb>
		<action>ActivateWindow(Videos,"plugin://plugin.video.tvone11",return)</action>
	</shortcut>
	<shortcut>
		<defaultID>plugin.video.tvone111</defaultID>
		<label>Redbox</label>
		<label2>Video Add-On</label2>
		<icon>DefaultShortcut.png</icon>
		<thumb>special://home/userdata/addon_data/icons/redbox.png</thumb>
		<action>ActivateWindow(Videos,"plugin://plugin.video.tvone111",return)</action>
	</shortcut>
	<shortcut>
		<defaultID />
		<label>UsaTv Go</label>
		<label2>Custom item</label2>
		<icon>DefaultShortcut.png</icon>
		<thumb>special://home/userdata/addon_data/icons/ustvgo.jpg</thumb>
		<action>ActivateWindow(Videos,"plugin://plugin.video.live.streamspro/?url=%24doregex%5Bmakelist%5D&amp;mode=17&amp;regexs=%7Bu%27getUrl%27%3A%20%7B%27post%27%3A%20u%27stream%3A%24doregex%5Bstripper%5D%27%2C%20%27expres%27%3A%20u%27%28.%2A%29%27%2C%20%27referer%27%3A%20u%27https%3A//ustvgo.tv/%27%2C%20%27name%27%3A%20u%27getUrl%27%2C%20%27page%27%3A%20u%27https%3A//ustvgo.tv/data.php%27%7D%2C%20u%27makelist%27%3A%20%7B%27listrepeat%27%3A%20u%27%5Cr%5Cn%20%20%3Ctitle%3E%5Bmakelist.param2%5D%20-%20%5Bmakelist.param1%5D%3C/title%3E%5Cr%5Cn%20%20%3Clink%3E%24doregex%5BgetUrl%5D%7CUser-Agent%3DiPad%26amp%3BReferer%3Dhttps%3A//ustvgo.tv/%3C/link%3E%5Cr%5Cn%20%20%3Cthumbnail%3E%3C/thumbnail%3E%5Cr%5Cn%27%2C%20%27expres%27%3A%20u%27%5Bg%7Ci%5D%3E%3Ca%20href%3D%22%28https%3A%5C%5C/%5C%5C/ustvgo.tv%5C%5C/%5B%5E%5C%5C/%5D%2A%5C%5C/%29%22%3E%28%5B%5E%3C%5D%2A%29%3C%5C%5C/%27%2C%20%27name%27%3A%20u%27makelist%27%2C%20%27page%27%3A%20u%27https%3A//ustvgo.tv/%27%7D%2C%20u%27stripper%27%3A%20%7B%27expres%27%3A%20u%22src%3D%27%5C%5C/clappr%5B%5E%3D%5D%2A%3D%28%5B%5E%27%5D%2A%29%22%2C%20%27name%27%3A%20u%27stripper%27%2C%20%27page%27%3A%20u%27%5Bmakelist.param1%5D%27%7D%7D",return)</action>
	</shortcut>
	<shortcut>
		<defaultID>plugin.video.tvone1112</defaultID>
		<label>LiveNet</label>
		<label2>Video Add-On</label2>
		<icon>DefaultShortcut.png</icon>
		<thumb>special://home/userdata/addon_data/icons/Live-NetTV--1024x1024.png</thumb>
		<action>ActivateWindow(Videos,"plugin://plugin.video.tvone1112",return)</action>
	</shortcut>
	<shortcut>
		<defaultID />
		<label>Sportsbay</label>
		<label2>Custom item</label2>
		<icon>DefaultShortcut.png</icon>
		<thumb>special://home/addons/plugin.video.PLsportowo/resources/logosb.png</thumb>
		<action>ActivateWindow(Videos,"plugin://plugin.video.PLsportowo/?url=https%3A%2F%2Fsportsbay.org%2Fsports%2Ftv-channels%2F1&amp;image=%2Fstorage%2Femulated%2F0%2FAndroid%2Fdata%2Forg.xbmc.kodi%2Ffiles%2F.kodi%2Faddons%2Fplugin.video.PLsportowo%2Fresources%2Flogosb.png&amp;mode=getsportsbayschedule&amp;title=Sportsbay",return)</action>
	</shortcut>
	<shortcut>
		<defaultID />
		<label>Daddy Live</label>
		<label2>Video Add-On</label2>
		<icon>DefaultShortcut.png</icon>
		<thumb>special://home/userdata/addon_data/icons/daddy-logo.jpg</thumb>
		<action>ActivateWindow(Videos,"plugin://plugin.video.thecrew/?action=xdirectory&amp;url=%24doregex%5Bmakelist%5D%7Cregex%3D8265e59cceb11b1c8ffa3d7f763c42bf&amp;content=addons",return)</action>
	</shortcut>
	<shortcut>
		<defaultID />
		<label>Sports24</label>
		<label2>Video Add-On</label2>
		<icon>DefaultShortcut.png</icon>
		<thumb>special://home/userdata/addon_data/icons/sports24.jpg</thumb>
		<action>ActivateWindow(Videos,"plugin://plugin.video.temptv/?action=sports24Navigator",return)</action>
	</shortcut>
	<shortcut>
		<defaultID>plugin.video.tvone1</defaultID>
		<label>Mobdro</label>
		<label2>Video Add-On</label2>
		<icon>DefaultShortcut.png</icon>
		<thumb>special://home/userdata/addon_data/icons/mobdro.png</thumb>
		<action>ActivateWindow(Videos,"plugin://plugin.video.tvone1",return)</action>
	</shortcut>
	<shortcut>
		<defaultID />
		<label>YourSports</label>
		<label2>Video Add-On</label2>
		<icon>DefaultShortcut.png</icon>
		<thumb>special://home/userdata/addon_data/icons/yoursports.png</thumb>
		<action>ActivateWindow(Videos,"plugin://plugin.video.temptv/?action=yoursportsliveNavigator",return)</action>
	</shortcut>
	<shortcut>
		<defaultID />
		<label>inkmedia</label>
		<label2>Video Add-On</label2>
		<icon>DefaultShortcut.png</icon>
		<thumb>special://home/userdata/addon_data/icons/cartoon_tooth_fairy_greeting_card-r605188d7a9af45dfba89aa9efb9f80aa_xvuak_8byvr_512[1]bbbb.jpg</thumb>
		<action>ActivateWindow(Videos,"plugin://plugin.video.live.streamspro/?url=%2Fstorage%2Femulated%2F0%2FAndroid%2Fdata%2Forg.xbmc.kodi%2Ffiles%2F.kodi%2Fuserdata%2Faddon_data%2Fplugin.video.live.streamspro%2FMagicDust%2Finkmedia.xml&amp;mode=1&amp;name=inkmedia&amp;fanart=%2Fstorage%2Femulated%2F0%2FAndroid%2Fdata%2Forg.xbmc.kodi%2Ffiles%2F.kodi%2Faddons%2Fplugin.video.live.streamspro%2Ffanart.jpg",return)</action>
	</shortcut>
	<shortcut>
		<defaultID />
		<label>Ustreamix</label>
		<label2>Video Add-On</label2>
		<icon>DefaultShortcut.png</icon>
		<thumb>special://home/addons/script.module.streamlink.base/icon.png</thumb>
		<action>ActivateWindow(Videos,"plugin://plugin.video.temptv/?action=ustreamixNavigator",return)</action>
	</shortcut>
	<shortcut>
		<defaultID />
		<label>ustv247</label>
		<label2>Video Add-On</label2>
		<icon>DefaultShortcut.png</icon>
		<thumb>special://home/userdata/addon_data/icons/123tv.jpg</thumb>
		<action>ActivateWindow(Videos,"plugin://plugin.video.live.streamspro/?url=%2Fstorage%2Femulated%2F0%2FAndroid%2Fdata%2Forg.xbmc.kodi%2Ffiles%2F.kodi%2Faddons%2Fplugin.program.magicdust%2Fmagic%2Flsp%2Fustv247.xml&amp;mode=1&amp;name=ustv247&amp;fanart=%2Fstorage%2Femulated%2F0%2FAndroid%2Fdata%2Forg.xbmc.kodi%2Ffiles%2F.kodi%2Faddons%2Fplugin.video.live.streamspro%2Ffanart.jpg",return)</action>
	</shortcut>
	<shortcut>
		<defaultID />
		<label>Iptvcat</label>
		<label2>Video Add-On</label2>
		<icon>DefaultShortcut.png</icon>
		<thumb>special://home/userdata/addon_data/icons/iptv.png</thumb>
		<action>ActivateWindow(Videos,"plugin://plugin.video.live.streamspro/?url=%24doregex%5Bmakelist%5D&amp;mode=17&amp;regexs=%7Bu%27makelist%27%3A%20%7B%27listrepeat%27%3A%20u%27%5Cr%5Cn%3Ctitle%3E%5BCOLOR%3DFF00FFFF%5D%24doregex%5BCleanup%5D%5BCOLOR%20red%5D%5Cu2022%5B/COLOR%5D%5BCOLOR%3DFF00CCFF%5D%20%5Bmakelist.param3%5D%25%5B/COLOR%5D%5B/COLOR%5D%3C/title%3E%5Cr%5Cn%3Clink%3E%5Bmakelist.param2%5D%3C/link%3E%5Cr%5Cn%27%2C%20%27expres%27%3A%20u%27%22channel%22%3A%22%28%5B%5E%22%5D%2B%29%22%2C%22link%22%3A%22%28http%3A//%5Bk%7Cm%7Cu%5D%5B%5E%3F%5D%2B%29%5C%5C%3F.%2A%3F%22liveliness%22%3A%22%28%5B%5E%22%5D%2A%29%22%2C%22status%22%3A%22online%22.%2A%3F%22format%22%3A%22.%2A%3F%22%2C%22mbps%22%3A%22.%2A%3F%22%2C%22URI%22%27%2C%20%27name%27%3A%20u%27makelist%27%2C%20%27page%27%3A%20u%27https%3A//raw.githubusercontent.com/eliashussary/iptvcat-scraper/master/data/countries/united%2520states%2520of%2520america.json%27%7D%2C%20u%27Cleanup%27%3A%20%7B%27expres%27%3A%20u%22%24pyFunction%3A%27%5Bmakelist.param1%5D%27.replace%28%27%5C%5Cu0026%27%2C%27%26%27%29.replace%28%27US%27%2C%27%27%29.replace%28%27FHD%27%2C%27%27%29.replace%28%27HD%27%2C%27%27%29.replace%28%27%5BB%5D%27%2C%27%27%29.replace%28%27%28ENG%29%27%2C%27%27%29.replace%28%27ENG%27%2C%27%27%29.replace%28%27%28Geo%29%27%2C%27%27%29%22%2C%20%27name%27%3A%20u%27Cleanup%27%2C%20%27page%27%3A%20None%7D%7D",return)</action>
	</shortcut>
	<shortcut>
		<defaultID>slyguy.pbs.live</defaultID>
		<label>PBS Live</label>
		<label2>Video Add-On</label2>
		<icon>DefaultShortcut.png</icon>
		<thumb>image://%2fstorage%2femulated%2f0%2fAndroid%2fdata%2forg.xbmc.kodi%2ffiles%2f.kodi%2faddons%2fslyguy.pbs.live%2ficon.png/</thumb>
		<action>ActivateWindow(Videos,"plugin://slyguy.pbs.live",return)</action>
	</shortcut>
</shortcuts>
