<?xml version='1.0' encoding='UTF-8'?>
<shortcuts>
	<shortcut>
		<defaultID />
		<label>The Crew</label>
		<label2>Video Add-On</label2>
		<icon>DefaultShortcut.png</icon>
		<thumb>image://%2fstorage%2femulated%2f0%2fAndroid%2fdata%2forg.xbmc.kodi%2ffiles%2f.kodi%2faddons%2fscript.thecrew.artwork%2fresources%2fmedia%2fthecrew%2fmain_bluehat.png/</thumb>
		<action>ActivateWindow(Videos,"plugin://plugin.video.thecrew/?action=bluehat",return)</action>
	</shortcut>
	<shortcut>
		<defaultID />
		<label>SportsBay</label>
		<label2>Video Add-On</label2>
		<icon>DefaultShortcut.png</icon>
		<thumb>image://%2fstorage%2femulated%2f0%2fAndroid%2fdata%2forg.xbmc.kodi%2ffiles%2f.kodi%2faddons%2fplugin.video.PLsportowo%2fresources%2flogosb.png/</thumb>
		<action>ActivateWindow(Videos,"plugin://plugin.video.PLsportowo/?url=http%3A%2F%2Fstrims.world&amp;image=%2Fstorage%2Femulated%2F0%2FAndroid%2Fdata%2Forg.xbmc.kodi%2Ffiles%2F.kodi%2Faddons%2Fplugin.video.PLsportowo%2Fresources%2Flogosb.png&amp;mode=getsportsbay&amp;title=SportsBay",return)</action>
	</shortcut>
	<shortcut>
		<defaultID>plugin.video.endzone</defaultID>
		<label>The Endzone</label>
		<label2>Video Add-On</label2>
		<icon>DefaultShortcut.png</icon>
		<thumb>special://home/addons/plugin.video.endzone/icon.png</thumb>
		<action>ActivateWindow(Videos,"plugin://plugin.video.endzone",return)</action>
	</shortcut>
	<shortcut>
		<defaultID>plugin.video.sporthdme</defaultID>
		<label>SportHD</label>
		<label2>Custom item</label2>
		<icon>DefaultShortcut.png</icon>
		<thumb>image://%2fstorage%2femulated%2f0%2fAndroid%2fdata%2forg.xbmc.kodi%2ffiles%2f.kodi%2faddons%2fplugin.video.sporthdme%2ficon.png/</thumb>
		<action>ActivateWindow(Videos,"plugin://plugin.video.sporthdme/?url=http%3A%2F%2Fsporthd.live%2Findex.php%3F&amp;mode=5&amp;name=%5BB%5D%5BCOLOR+white%5DLIVE+EVENTS%5B%2FCOLOR%5D%5B%2FB%5D&amp;iconimage=%2Fstorage%2Femulated%2F0%2FAndroid%2Fdata%2Forg.xbmc.kodi%2Ffiles%2F.kodi%2Faddons%2Fplugin.video.sporthdme%2Ficon.png&amp;description=",return)</action>
	</shortcut>
	<shortcut>
		<defaultID />
		<label>DS9</label>
		<label2>Custom item</label2>
		<icon>DefaultShortcut.png</icon>
		<thumb>image://https%3a%2f%2fi.imgur.com%2fuZCTldR.png/</thumb>
		<action>ActivateWindow(Videos,"plugin://plugin.video.DS9/?url=https%3A%2F%2Fbitbucket.org%2FMad-Eric%2Ftextfiles%2Fraw%2Fmaster%2Fevents.xml&amp;mode=1&amp;name=%5BCOLORgold%5D%5BB%5D%5BI%5DLive+Sports%5B%2FI%5D%5B%2FB%5D%5B%2FCOLOR%5D&amp;iconimage=https%3A%2F%2Fi.imgur.com%2FuZCTldR.png&amp;fanart=https%3A%2F%2Fi.imgur.com%2Fwulr4GL.jpg",return)</action>
	</shortcut>
	<shortcut>
		<defaultID />
		<label>Sportowa</label>
		<label2>Video Add-On</label2>
		<icon>DefaultShortcut.png</icon>
		<thumb>special://home/addons/plugin.video.PLsportowo/icon.png</thumb>
		<action>ActivateWindow(Videos,"plugin://plugin.video.PLsportowo/?url=https%3A%2F%2Fwww.vipleague.lc&amp;image=%2Fstorage%2Femulated%2F0%2FAndroid%2Fdata%2Forg.xbmc.kodi%2Ffiles%2F.kodi%2Faddons%2Fplugin.video.PLsportowo%2Fresources%2Fvipl.png&amp;mode=vipleague2&amp;title=VipLeague",return)</action>
	</shortcut>
	<shortcut>
		<defaultID />
		<label>nyra</label>
		<label2>Video Add-On</label2>
		<icon>DefaultShortcut.png</icon>
		<thumb>special://home/userdata/addon_data/icons/NYRA-238x300.png</thumb>
		<action>ActivateWindow(Videos,"plugin://plugin.video.live.streamspro/?url=%2Fsdcard%2FAndroid%2Fdata%2Forg.xbmc.kodi%2Ffiles%2F.kodi%2Fuserdata%2Faddon_data%2Fplugin.video.live.streamspro%2FMagicDust%2Fnyra.xml&amp;mode=1&amp;name=nyra&amp;fanart=%2Fstorage%2Femulated%2F0%2FAndroid%2Fdata%2Forg.xbmc.kodi%2Ffiles%2F.kodi%2Faddons%2Fplugin.video.live.streamspro%2Ffanart.jpg",return)</action>
	</shortcut>
	<shortcut>
		<defaultID />
		<label>Daddylive</label>
		<label2>Custom item</label2>
		<icon>DefaultShortcut.png</icon>
		<thumb>special://home/userdata/addon_data/icons/daddy-logo.jpg</thumb>
		<action>ActivateWindow(Videos,"plugin://plugin.video.thecrew/?action=xdirectory&amp;url=%24doregex%5Bmakelist%5D%7Cregex%3D8265e59cceb11b1c8ffa3d7f763c42bf&amp;content=addons",return)</action>
	</shortcut>
	<shortcut>
		<defaultID />
		<label>reddit</label>
		<label2>Video Add-On</label2>
		<icon>DefaultShortcut.png</icon>
		<thumb>special://home/userdata/addon_data/icons/reddit_awesome_face_postcards-r49ce80215dfe4c5b8969e66aab2d3513_vgbaq_8byvr_512.jpg</thumb>
		<action>ActivateWindow(Videos,"plugin://plugin.video.live.streamspro/?url=%2Fstorage%2Femulated%2F0%2FAndroid%2Fdata%2Forg.xbmc.kodi%2Ffiles%2F.kodi%2Fuserdata%2Faddon_data%2Fplugin.video.live.streamspro%2FMagicDust%2Freddit.xml&amp;mode=1&amp;name=reddit&amp;fanart=%2Fstorage%2Femulated%2F0%2FAndroid%2Fdata%2Forg.xbmc.kodi%2Ffiles%2F.kodi%2Faddons%2Fplugin.video.live.streamspro%2Ffanart.jpg",return)</action>
	</shortcut>
	<shortcut>
		<defaultID />
		<label>Extra Live Content</label>
		<label2>Video Add-On</label2>
		<icon>DefaultShortcut.png</icon>
		<thumb>image://https%3a%2f%2fi.imgur.com%2fGcj6XL7.jpg/</thumb>
		<action>ActivateWindow(Videos,"plugin://plugin.video.Rising.Tides/?url=http%3A%2F%2Fbit.ly%2FREQUESTSZZ&amp;mode=1&amp;name=%5BCOLOR+pink%5D%5BB%5DE%5B%2FB%5D%5B%2FCOLOR%5D%5BCOLOR+white%5D%5BB%5Dxtra+%5B%2FB%5D%5B%2FCOLOR%5D+%5BCOLOR+red%5D%5BB%5DL%5B%2FB%5D%5B%2FCOLOR%5D%5BCOLOR+white%5D%5BB%5Dive%5B%2FB%5D%5B%2FCOLOR%5D+%5BCOLOR+red%5D%5BB%5DC%5B%2FB%5D%5B%2FCOLOR%5D%5BCOLOR+white%5D%5BB%5Dontent%5B%2FB%5D%5B%2FCOLOR%5D&amp;iconimage=https%3A%2F%2Fi.imgur.com%2FGcj6XL7.jpg&amp;fanart=https%3A%2F%2Fi.imgur.com%2FAWutrFY.jpg",return)</action>
	</shortcut>
	<shortcut>
		<defaultID />
		<label>LiveTV.sx</label>
		<label2>Video Add-On</label2>
		<icon>DefaultShortcut.png</icon>
		<thumb>image://%2fstorage%2femulated%2f0%2fAndroid%2fdata%2forg.xbmc.kodi%2ffiles%2f.kodi%2faddons%2fplugin.video.PLsportowo%2fresources%2flivetv.png/</thumb>
		<action>ActivateWindow(Videos,"plugin://plugin.video.PLsportowo/?url=http%3A%2F%2Flivetv.sx%2Fenx%2Fallupcoming%2F&amp;image=%2Fstorage%2Femulated%2F0%2FAndroid%2Fdata%2Forg.xbmc.kodi%2Ffiles%2F.kodi%2Faddons%2Fplugin.video.PLsportowo%2Fresources%2Flivetv.png&amp;mode=livetvsx&amp;title=LiveTV.sx",return)</action>
	</shortcut>
</shortcuts>
