<?xml version='1.0' encoding='UTF-8'?>
<shortcuts>
	<shortcut>
		<defaultID />
		<label>Tempest</label>
		<label2>Video Add-On</label2>
		<icon>DefaultShortcut.png</icon>
		<thumb>special://home/addons/plugin.video.tempest/icon.png</thumb>
		<action>ActivateWindow(Videos,"plugin://plugin.video.tempest/?action=movieNavigator",return)</action>
	</shortcut>
	<shortcut>
		<defaultID />
		<label>The Crew</label>
		<label2>Video Add-On</label2>
		<icon>DefaultShortcut.png</icon>
		<thumb>special://home/addons/plugin.video.thecrew/icon.png</thumb>
		<action>ActivateWindow(Videos,"plugin://plugin.video.thecrew/?action=movieNavigator",return)</action>
	</shortcut>
	<shortcut>
		<defaultID />
		<label>C:\GOTO</label>
		<label2>Video Add-On</label2>
		<icon>DefaultShortcut.png</icon>
		<thumb>image://%2fstorage%2femulated%2f0%2fAndroid%2fdata%2forg.xbmc.kodi%2ffiles%2f.kodi%2faddons%2fplugin.video.goto%2ficon.png/</thumb>
		<action>ActivateWindow(Videos,"plugin://plugin.video.goto/?mode=get_list&amp;url=http%3A%2F%2Fmygoto.uk%2F1Xmls%2F1MainMenuXmls%2F1MovieXmls%2Fmoviesmain.xml&amp;name=%5BCOLOR+FFffffffff%5D%5BCOLORwhite%5DMOVIES%5B%2FCOLOR%5D%5B%2FCOLOR%5D&amp;iconimage=%2Fstorage%2Femulated%2F0%2FAndroid%2Fdata%2Forg.xbmc.kodi%2Ffiles%2F.kodi%2Faddons%2Fplugin.video.goto%2Ficon.png&amp;fanart=%2Fstorage%2Femulated%2F0%2FAndroid%2Fdata%2Forg.xbmc.kodi%2Ffiles%2F.kodi%2Faddons%2Fplugin.video.goto%2Ffanart.jpg&amp;description=No+information+available",return)</action>
	</shortcut>
	<shortcut>
		<defaultID />
		<label>Asgard</label>
		<label2>Video Add-On</label2>
		<icon>DefaultShortcut.png</icon>
		<thumb>image://%2fstorage%2femulated%2f0%2fAndroid%2fdata%2forg.xbmc.kodi%2ffiles%2f.kodi%2faddons%2fplugin.video.asgard%2ficon.png/</thumb>
		<action>ActivateWindow(Videos,"plugin://plugin.video.asgard/?mode=get_list&amp;url=https%3A%2F%2Fnarcacist.com%2FAddon%2Ftext%2Fmovies.xml&amp;name=%5BCOLOR+FFffffffff%5DMovies%5B%2FCOLOR%5D&amp;iconimage=%2Fstorage%2Femulated%2F0%2FAndroid%2Fdata%2Forg.xbmc.kodi%2Ffiles%2F.kodi%2Faddons%2Fplugin.video.asgard%2Ficon.png&amp;fanart=%2Fstorage%2Femulated%2F0%2FAndroid%2Fdata%2Forg.xbmc.kodi%2Ffiles%2F.kodi%2Faddons%2Fplugin.video.asgard%2Ffanart.jpg&amp;description=No+information+available",return)</action>
	</shortcut>
	<shortcut>
		<defaultID />
		<label>NumB3r5</label>
		<label2>Video Add-On</label2>
		<icon>DefaultShortcut.png</icon>
		<thumb>special://home/addons/plugin.video.numbersbynumbers/icon.png</thumb>
		<action>ActivateWindow(Videos,"plugin://plugin.video.numbersbynumbers/?action=movieNavigator",return)</action>
	</shortcut>
	<shortcut>
		<defaultID />
		<label>Scrubs</label>
		<label2>Video Add-On</label2>
		<icon>DefaultShortcut.png</icon>
		<thumb>special://home/addons/plugin.video.scrubsv2/icon.png</thumb>
		<action>ActivateWindow(Videos,"plugin://plugin.video.scrubsv2/?action=movieNavigator",return)</action>
	</shortcut>
</shortcuts>
