<?xml version="1.0" encoding="UTF-8"?>
<items>

<item>
<title>DW News</title>
<thumbnail>https://upload.wikimedia.org/wikipedia/commons/8/8e/DW_(TV)_Logo_2012.png</thumbnail>
<fanart></fanart>
<urlsolve>https://www.youtube.com//watch?v=$doregex[getUrl]</urlsolve>
<regex>
<name>getUrl</name>
<expres>$pyFunction: '$doregex[featured]' if not '$doregex[featured]'=='' else '$doregex[video]' </expres>
<page></page>
</regex>
<regex>
<name>featured</name>
<expres><![CDATA[channelFeaturedContentRenderer":.*?videoId":"([^"]*)]]></expres>
<page>https://www.youtube.com/c/dwnews/featured</page>
</regex>
<regex>
<name>video</name>
<expres><![CDATA[channelVideoPlayerRenderer":.*?videoId":"([^"]*)]]></expres>
<page>https://www.youtube.com/c/dwnews/featured</page>
</regex>
</item>

<item>
<title>Earth TV</title>
<thumbnail>https://s2.dmcdn.net/u/1Q7K71UwkEF9wpefY/200x200</thumbnail>
<fanart></fanart>
<urlsolve>https://www.youtube.com//watch?v=$doregex[getUrl]</urlsolve>
<regex>
<name>getUrl</name>
<expres>$pyFunction: '$doregex[featured]' if not '$doregex[featured]'=='' else '$doregex[video]' </expres>
<page></page>
</regex>
<regex>
<name>featured</name>
<expres><![CDATA[channelFeaturedContentRenderer":.*?videoId":"([^"]*)]]></expres>
<page>https://www.youtube.com/c/earthTVnetwork/featured</page>
</regex>
<regex>
<name>video</name>
<expres><![CDATA[channelVideoPlayerRenderer":.*?videoId":"([^"]*)]]></expres>
<page>https://www.youtube.com/c/earthTVnetwork/featured</page>
</regex>
</item>

<item>
<title>NASA Earth from Space</title>
<thumbnail>https://i.ytimg.com/vi/hSDw-eIVn-4/hqdefault.jpg</thumbnail>
<fanart></fanart>
<urlsolve>https://www.youtube.com//watch?v=$doregex[getUrl]</urlsolve>
<regex>
<name>getUrl</name>
<expres>$pyFunction: '$doregex[featured]' if not '$doregex[featured]'=='' else '$doregex[video]' </expres>
<page></page>
</regex>
<regex>
<name>featured</name>
<expres><![CDATA[channelFeaturedContentRenderer":.*?videoId":"([^"]*)]]></expres>
<page>https://www.youtube.com/c/SpaceVideosHD/featured</page>
</regex>
<regex>
<name>video</name>
<expres><![CDATA[channelVideoPlayerRenderer":.*?videoId":"([^"]*)]]></expres>
<page>https://www.youtube.com/c/SpaceVideosHD/featured</page>
</regex>
</item>

<item>
<title>Tampa Bay Radar</title>
<thumbnail>http://lh3.googleusercontent.com/ctwGrz70shURfyH4wZXf_3cqKDyjUnIHGcfDHuEoz6IPnxi6jClYXbsA1PlGoIVIclk=w300</thumbnail>
<fanart></fanart>
<urlsolve>https://www.youtube.com//watch?v=$doregex[getUrl]</urlsolve>
<regex>
<name>getUrl</name>
<expres>$pyFunction: '$doregex[featured]' if not '$doregex[featured]'=='' else '$doregex[video]' </expres>
<page></page>
</regex>
<regex>
<name>featured</name>
<expres><![CDATA[channelFeaturedContentRenderer":.*?videoId":"([^"]*)]]></expres>
<page>https://www.youtube.com/channel/UC91-f7w908RyjwNWGQlpsMQ/featured</page>
</regex>
<regex>
<name>video</name>
<expres><![CDATA[channelVideoPlayerRenderer":.*?videoId":"([^"]*)]]></expres>
<page>https://www.youtube.com/channel/UC91-f7w908RyjwNWGQlpsMQ/featured</page>
</regex>
</item>

<item>
<title>Houston Radar</title>
<thumbnail>https://yt3.ggpht.com/ytc/AMLnZu9n1c90Fa7PTKna_U4cRixT4UfEznmM1F4-FVFSyMA=s88-c-k-c0x00ffffff-no-rj</thumbnail>
<fanart></fanart>
<urlsolve>https://www.youtube.com//watch?v=$doregex[getUrl]</urlsolve>
<regex>
<name>getUrl</name>
<expres>$pyFunction: '$doregex[featured]' if not '$doregex[featured]'=='' else '$doregex[video]' </expres>
<page></page>
</regex>
<regex>
<name>featured</name>
<expres><![CDATA[channelFeaturedContentRenderer":.*?videoId":"([^"]*)]]></expres>
<page>https://www.youtube.com/c/KHOU/featured</page>
</regex>
<regex>
<name>video</name>
<expres><![CDATA[channelVideoPlayerRenderer":.*?videoId":"([^"]*)]]></expres>
<page>https://www.youtube.com/channel/UC91-f7w908RyjwNWGQlpsMQ/featured</page>
</regex>
</item>

<item>
<title>Fort Meyers Radar</title>
<thumbnail>https://yt3.ggpht.com/ytc/AKedOLThlzdku4XoE8MFKy-9J6Ire_vIgqnYKGmRx77f3w=s48-c-k-c0x00ffffff-no-rj</thumbnail>
<fanart></fanart>
<urlsolve>https://www.youtube.com//watch?v=$doregex[getUrl]</urlsolve>
<regex>
<name>getUrl</name>
<expres>$pyFunction: '$doregex[featured]' if not '$doregex[featured]'=='' else '$doregex[video]' </expres>
<page></page>
</regex>
<regex>
<name>featured</name>
<expres><![CDATA[channelFeaturedContentRenderer":.*?videoId":"([^"]*)]]></expres>
<page>https://www.youtube.com/c/KHOU/featured</page>
</regex>
<regex>
<name>video</name>
<expres><![CDATA[channelVideoPlayerRenderer":.*?videoId":"([^"]*)]]></expres>
<page>https://www.youtube.com/user/NBC2swfl/featured</page>
</regex>
</item>

<item>
<title>Oklahoma Radar</title>
<thumbnail>https://yt3.ggpht.com/41NGr7FizCMGVS3vbcIUaZEaNOcrJCM5TJuSFG-2Gj720PWSMEYSBTcKnR83QlgcJySE1YJwKw=s88-c-k-c0x00ffffff-no-rj</thumbnail>
<fanart></fanart>
<urlsolve>https://www.youtube.com//watch?v=$doregex[getUrl]</urlsolve>
<regex>
<name>getUrl</name>
<expres>$pyFunction: '$doregex[featured]' if not '$doregex[featured]'=='' else '$doregex[video]' </expres>
<page></page>
</regex>
<regex>
<name>featured</name>
<expres><![CDATA[channelFeaturedContentRenderer":.*?videoId":"([^"]*)]]></expres>
<page>https://www.youtube.com/c/KHOU/featured</page>
</regex>
<regex>
<name>video</name>
<expres><![CDATA[channelVideoPlayerRenderer":.*?videoId":"([^"]*)]]></expres>
<page>https://www.youtube.com/channel/UC8snzfsTlCvVyGUDAbifQkw/featured</page>
</regex>
</item>

<item>
<title>NJ Weather Channel</title>
<thumbnail>http://userlogos.org/files/logos/bcm2009/weatherchannel.png</thumbnail>
<fanart></fanart>
<urlsolve>https://www.youtube.com//watch?v=$doregex[getUrl]</urlsolve>
<regex>
<name>getUrl</name>
<expres>$pyFunction: '$doregex[featured]' if not '$doregex[featured]'=='' else '$doregex[video]' </expres>
<page></page>
</regex>
<regex>
<name>featured</name>
<expres><![CDATA[channelFeaturedContentRenderer":.*?videoId":"([^"]*)]]></expres>
<page>https://www.youtube.com/user/cc17926/featured</page>
</regex>
<regex>
<name>video</name>
<expres><![CDATA[channelVideoPlayerRenderer":.*?videoId":"([^"]*)]]></expres>
<page>https://www.youtube.com/user/cc17926/featured</page>
</regex>
</item>

<item>
<title>Severe Weather US</title>
<thumbnail>https://yt3.ggpht.com/B_uxbz-wJgFypxsydCGoJMPUSyoNuQofO4Ofb3ER_ub6yYtl-Wx_fWodfCZXGvuu41lIsyA9YjI=s88-c-k-c0x00ffffff-no-rj</thumbnail>
<fanart></fanart>
<urlsolve>https://www.youtube.com//watch?v=$doregex[getUrl]</urlsolve>
<regex>
<name>getUrl</name>
<expres>$pyFunction: '$doregex[featured]' if not '$doregex[featured]'=='' else '$doregex[video]' </expres>
<page></page>
</regex>
<regex>
<name>featured</name>
<expres><![CDATA[channelFeaturedContentRenderer":.*?videoId":"([^"]*)]]></expres>
<page>https://www.youtube.com/channel/UCCB1w3wAR2WVsP5S1sATOnA/featured</page>
</regex>
<regex>
<name>video</name>
<expres><![CDATA[channelVideoPlayerRenderer":.*?videoId":"([^"]*)]]></expres>
<page>https://www.youtube.com/channel/UCCB1w3wAR2WVsP5S1sATOnA/featured</page>
</regex>
</item>

<item>
<title>US Cities local 8's</title>
<thumbnail>http://userlogos.org/files/logos/bcm2009/weatherchannel.png</thumbnail>
<fanart></fanart>
<urlsolve>https://www.youtube.com//watch?v=$doregex[getUrl]</urlsolve>
<regex>
<name>getUrl</name>
<expres>$pyFunction: '$doregex[featured]' if not '$doregex[featured]'=='' else '$doregex[video]' </expres>
<page></page>
</regex>
<regex>
<name>featured</name>
<expres><![CDATA[channelFeaturedContentRenderer":.*?videoId":"([^"]*)]]></expres>
<page>https://www.youtube.com/channel/UCVnIpb1nmVE-urVRoDE90sQ/featured</page>
</regex>
<regex>
<name>video</name>
<expres><![CDATA[channelVideoPlayerRenderer":.*?videoId":"([^"]*)]]></expres>
<page>https://www.youtube.com/channel/UCVnIpb1nmVE-urVRoDE90sQ/featured</page>
</regex>
</item>

<item>
<title>SKY News - 1</title>
<thumbnail>https://static.epg.best/gb/SkyNews.uk.png</thumbnail>
<fanart></fanart>
<urlsolve>https://www.youtube.com//watch?v=$doregex[getUrl]</urlsolve>
<regex>
<name>getUrl</name>
<expres>$pyFunction: '$doregex[featured]' if not '$doregex[featured]'=='' else '$doregex[video]' </expres>
<page></page>
</regex>
<regex>
<name>featured</name>
<expres><![CDATA[channelFeaturedContentRenderer":.*?videoId":"([^"]*)]]></expres>
<page>https://www.youtube.com/c/thenyra/featured</page>
</regex>
<regex>
<name>video</name>
<expres><![CDATA[channelVideoPlayerRenderer":.*?videoId":"([^"]*)]]></expres>
<page>https://www.youtube.com/c/thenyra/featured</page>
</regex>
</item>

<item>
<title>Gavin</title>
<thumbnail>https://yt3.ggpht.com/QSBPvTvrq14H8s4y6J890fDwsMPBQvhLzzFIu-DZgTWYcvCqkSma-RrXMgG-3lHNvhHJjiSSwQ=s88-c-k-c0x00ffffff-no-rj</thumbnail>
<fanart></fanart>
<link>$doregex[makelist]</link>
<regex>
<name>makelist</name>
<listrepeat><![CDATA[
<title>[COLOR cyan][B][makelist.param3][/B]- [/COLOR] [COLOR green] [makelist.param4][/COLOR]</title>
<urlsolve>https://www.youtube.com//watch?v=[makelist.param2]</urlsolve>
<thumbnail>[makelist.param2]</thumbnail>
]]></listrepeat>
<expres><![CDATA[gridVideoRenderer":{"videoId":"([^"]*).+?url":"([^"]*).+?text":"([^"]*).+?publishedTimeText":{"simpleText":"([^"]*)]]></expres>
<page>https://www.youtube.com/c/Th%C3%A0y%C4%90%E1%BA%B7ngVi%E1%BB%87t%C4%90%C3%B4ng/videos</page>
</regex>
</item>

<item>
<title>Joe Rogan</title>
<thumbnail>https://yt3.ggpht.com/ytc/AKedOLS2KcFQ2ddXLYVpxbXNVqf7nsi0NWg4_R4HqKIl=s88-c-k-c0x00ffffff-no-rj</thumbnail>
<fanart></fanart>
<link>$doregex[makelist]</link>
<regex>
<name>makelist</name>
<listrepeat><![CDATA[
<title>[COLOR cyan][B][makelist.param3][/B]- [/COLOR] [COLOR green] [makelist.param4][/COLOR]</title>
<urlsolve>https://www.youtube.com//watch?v=[makelist.param2]</urlsolve>
<thumbnail>[makelist.param2]</thumbnail>
]]></listrepeat>
<expres><![CDATA[gridVideoRenderer":{"videoId":"([^"]*).+?url":"([^"]*).+?text":"([^"]*).+?publishedTimeText":{"simpleText":"([^"]*)]]></expres>
<page>https://www.youtube.com/c/joerogan/videos</page>
</regex>
</item>

<item>
<title>Cruise 1st UK</title>
<thumbnail>https://upload.wikimedia.org/wikipedia/commons/8/8e/DW_(TV)_Logo_2012.png</thumbnail>
<fanart></fanart>
<urlsolve>https://www.youtube.com//watch?v=$doregex[getUrl]</urlsolve>
<regex>
<name>getUrl</name>
<expres>$pyFunction: '$doregex[featured]' if not '$doregex[featured]'=='' else '$doregex[video]' </expres>
<page></page>
</regex>
<regex>
<name>featured</name>
<expres><![CDATA[channelFeaturedContentRenderer":.*?videoId":"([^"]*)]]></expres>
<page>https://www.youtube.com/c/TVCruiseChannel/featured</page>
</regex>
<regex>
<name>video</name>
<expres><![CDATA[channelVideoPlayerRenderer":.*?videoId":"([^"]*)]]></expres>
<page>https://www.youtube.com/c/TVCruiseChannel/featured</page>
</regex>
</item>

</items>