<?xml version="1.0" encoding="UTF-8"?>
<addons>

<addon id="repository.MagicDust" name="Magic Dust Repository" version="21.06.26" provider-name="Kodi-Fairy">
    <extension point="xbmc.addon.repository" name="Magic Dust Repository">
        <dir>
            <info compressed="false">https://magic-dust.github.io/MagicDust/zips/addons.xml</info>
            <checksum>https://magic-dust.github.io/MagicDust/zips/addons.xml.md5</checksum>
            <datadir zip="true">https://magic-dust.github.io/MagicDust/zips/</datadir>
        </dir>
    </extension>

    <extension point="xbmc.addon.metadata">
        <summary>Magic Dust Repository</summary>
        <description>Kodi Fairy</description>
        <disclaimer></disclaimer>
        <platform>all</platform>
        <assets>
            <icon>icon.png</icon>
            <fanart>fanart.png</fanart>
        </assets>
    </extension>

</addon>