<channels>
<channel>
<name>Main Shows</name>
<items>

<item>
<title>AmericanDad</title>
<thumbnail>http://i.huffpost.com/gen/1246754/thumbs/o-AMERICAN-DAD-TBS-facebook.jpg</thumbnail>
<fanart>https://$doregex[Address]/logo.png</fanart>
<link>$doregex[makelist]</link>
<regex>
<name>makelist</name>
<listrepeat><![CDATA[
  <title>[makelist.param1]</title>
  <link>https://$doregex[Address3].$doregex[Address]/AmericanDad/[makelist.param1]</link>
  <thumbnail></thumbnail>
  <fanart>https://$doregex[Address]/logo.png</fanart>
]]></listrepeat>
<expres><![CDATA[<a href="(S[^"]*)">(.*?)<]]></expres>
<page>https://$doregex[Address3].$doregex[Address]/AmericanDad/</page>
</regex>
<regex>
<name>Address</name>
<expres><![CDATA["x"="([^"]*)]]></expres>
<page>https://raw.githubusercontent.com/Magic-Dust/MagicDust/master/arconai.txt</page>
</regex>
<regex>
<name>Address2</name>
<expres><![CDATA["a"="([^"]*)]]></expres>
<page>https://raw.githubusercontent.com/Magic-Dust/MagicDust/master/arconai.txt</page>
</regex>
<regex>
<name>Address3</name>
<expres><![CDATA["c"="([^"]*)]]></expres>
<page>https://raw.githubusercontent.com/Magic-Dust/MagicDust/master/arconai.txt</page>
</regex>
</item>

<item>
<title>BigBangTheory</title>
<thumbnail>https://fanart.tv/fanart/tv/80379/tvposter/the-big-bang-theory-56a15211cd64f.jpg</thumbnail>
<fanart>https://$doregex[Address]/logo.png</fanart>
<link>$doregex[makelist]</link>
<regex>
<name>makelist</name>
<listrepeat><![CDATA[
  <title>[makelist.param1]</title>
  <link>https://$doregex[Address2].$doregex[Address]/BigBangTheory/[makelist.param1]</link>
  <thumbnail></thumbnail>
  <fanart>https://$doregex[Address]/logo.png</fanart>
]]></listrepeat>
<expres><![CDATA[<a href="(S[^"]*)">(.*?)<]]></expres>
<page>https://$doregex[Address2].$doregex[Address]/BigBangTheory/</page>
</regex>
<regex>
<name>Address</name>
<expres><![CDATA["x"="([^"]*)]]></expres>
<page>https://raw.githubusercontent.com/Magic-Dust/MagicDust/master/arconai.txt</page>
</regex>
<regex>
<name>Address2</name>
<expres><![CDATA["a"="([^"]*)]]></expres>
<page>https://raw.githubusercontent.com/Magic-Dust/MagicDust/master/arconai.txt</page>
</regex>
<regex>
<name>Address3</name>
<expres><![CDATA["c"="([^"]*)]]></expres>
<page>https://raw.githubusercontent.com/Magic-Dust/MagicDust/master/arconai.txt</page>
</regex>
</item>

<item>
<title>FamilyGuy</title>
<thumbnail>http://2.bp.blogspot.com/-X3WgPKUJIlc/U3G5_ryhp_I/AAAAAAAAeLc/U73kQAvM1tg/s1600/familyguy.png</thumbnail>
<fanart>https://$doregex[Address]/logo.png</fanart>
<link>$doregex[makelist]</link>
<regex>
<name>makelist</name>
<listrepeat><![CDATA[
  <title>[makelist.param1]</title>
  <link>https://$doregex[Address2].$doregex[Address]/BigBangTheory/[makelist.param1]</link>
  <thumbnail></thumbnail>
  <fanart>https://$doregex[Address]/logo.png</fanart>
]]></listrepeat>
<expres><![CDATA[<a href="(S[^"]*)">(.*?)<]]></expres>
<page>https://$doregex[Address2].$doregex[Address]/FamilyGuy__/</page>
</regex>
<regex>
<name>Address</name>
<expres><![CDATA["x"="([^"]*)]]></expres>
<page>https://raw.githubusercontent.com/Magic-Dust/MagicDust/master/arconai.txt</page>
</regex>
<regex>
<name>Address2</name>
<expres><![CDATA["a"="([^"]*)]]></expres>
<page>https://raw.githubusercontent.com/Magic-Dust/MagicDust/master/arconai.txt</page>
</regex>
<regex>
<name>Address3</name>
<expres><![CDATA["c"="([^"]*)]]></expres>
<page>https://raw.githubusercontent.com/Magic-Dust/MagicDust/master/arconai.txt</page>
</regex>
</item>

<item>
<title>Frasier</title>
<thumbnail>https://pisces.bbystatic.com/image2/BestBuy_US/images/products/6392/6392682_so.jpg</thumbnail>
<fanart>https://$doregex[Address]/logo.png</fanart>
<link>$doregex[makelist]</link>
<regex>
<name>makelist</name>
<listrepeat><![CDATA[
  <title>[makelist.param1]</title>
  <link>https://$doregex[Address3].$doregex[Address]/Frasier/[makelist.param1]</link>
  <thumbnail></thumbnail>
  <fanart>https://$doregex[Address]/logo.png</fanart>
]]></listrepeat>
<expres><![CDATA[<a href="(S[^"]*)">(.*?)<]]></expres>
<page>https://$doregex[Address3].$doregex[Address]/Frasier/</page>
</regex>
<regex>
<name>Address</name>
<expres><![CDATA["x"="([^"]*)]]></expres>
<page>https://raw.githubusercontent.com/Magic-Dust/MagicDust/master/arconai.txt</page>
</regex>
<regex>
<name>Address2</name>
<expres><![CDATA["a"="([^"]*)]]></expres>
<page>https://raw.githubusercontent.com/Magic-Dust/MagicDust/master/arconai.txt</page>
</regex>
<regex>
<name>Address3</name>
<expres><![CDATA["c"="([^"]*)]]></expres>
<page>https://raw.githubusercontent.com/Magic-Dust/MagicDust/master/arconai.txt</page>
</regex>
</item>

<item>
<title>Friends</title>
<thumbnail>http://www.hd-compare.de/_cover/friends_pilot_bd.jpg</thumbnail>
<fanart>https://$doregex[Address]/logo.png</fanart>
<link>$doregex[makelist]</link>
<regex>
<name>makelist</name>
<listrepeat><![CDATA[
  <title>[makelist.param1]</title>
  <link>https://$doregex[Address3].$doregex[Address]/Friends/[makelist.param1]</link>
  <thumbnail></thumbnail>
  <fanart>https://$doregex[Address]/logo.png</fanart>
]]></listrepeat>
<expres><![CDATA[<a href="(S[^"]*)">(.*?)<]]></expres>
<page>https://$doregex[Address3].$doregex[Address]/Friends/</page>
</regex>
<regex>
<name>Address</name>
<expres><![CDATA["x"="([^"]*)]]></expres>
<page>https://raw.githubusercontent.com/Magic-Dust/MagicDust/master/arconai.txt</page>
</regex>
<regex>
<name>Address2</name>
<expres><![CDATA["a"="([^"]*)]]></expres>
<page>https://raw.githubusercontent.com/Magic-Dust/MagicDust/master/arconai.txt</page>
</regex>
<regex>
<name>Address3</name>
<expres><![CDATA["c"="([^"]*)]]></expres>
<page>https://raw.githubusercontent.com/Magic-Dust/MagicDust/master/arconai.txt</page>
</regex>
</item>

<item>
<title>Goosebumps</title>
<thumbnail>https://cdn.shopify.com/s/files/1/0674/9357/products/1_567f6fc7-834a-43fe-95a9-b7b7abfede4b.jpg?v=1439321501</thumbnail>
<fanart>https://$doregex[Address]/logo.png</fanart>
<link>$doregex[makelist]</link>
<regex>
<name>makelist</name>
<listrepeat><![CDATA[
  <title>[makelist.param1]</title>
  <link>https://$doregex[Address3].$doregex[Address]/Goosebumps/[makelist.param1]</link>
  <thumbnail></thumbnail>
  <fanart>https://$doregex[Address]/logo.png</fanart>
]]></listrepeat>
<expres><![CDATA[<a href="(S[^"]*)">(.*?)<]]></expres>
<page>https://$doregex[Address3].$doregex[Address]/Goosebumps/</page>
</regex>
<regex>
<name>Address</name>
<expres><![CDATA["x"="([^"]*)]]></expres>
<page>https://raw.githubusercontent.com/Magic-Dust/MagicDust/master/arconai.txt</page>
</regex>
<regex>
<name>Address2</name>
<expres><![CDATA["a"="([^"]*)]]></expres>
<page>https://raw.githubusercontent.com/Magic-Dust/MagicDust/master/arconai.txt</page>
</regex>
<regex>
<name>Address3</name>
<expres><![CDATA["c"="([^"]*)]]></expres>
<page>https://raw.githubusercontent.com/Magic-Dust/MagicDust/master/arconai.txt</page>
</regex>
</item>

<item>
<title>HowIMetYourMother</title>
<thumbnail>https://fanart.tv/fanart/tv/75760/tvposter/how-i-met-your-mother-52c431c6cefef.jpg</thumbnail>
<fanart>https://$doregex[Address]/logo.png</fanart>
<link>$doregex[makelist]</link>
<regex>
<name>makelist</name>
<listrepeat><![CDATA[
  <title>[makelist.param1]</title>
  <link>https://$doregex[Address2].$doregex[Address]/HIMYM/[makelist.param1]</link>
  <thumbnail></thumbnail>
  <fanart>https://$doregex[Address]/logo.png</fanart>
]]></listrepeat>
<expres><![CDATA[<a href="(S[^"]*)">(.*?)<]]></expres>
<page>https://$doregex[Address2].$doregex[Address]/HIMYM/</page>
</regex>
<regex>
<name>Address</name>
<expres><![CDATA["x"="([^"]*)]]></expres>
<page>https://raw.githubusercontent.com/Magic-Dust/MagicDust/master/arconai.txt</page>
</regex>
<regex>
<name>Address2</name>
<expres><![CDATA["a"="([^"]*)]]></expres>
<page>https://raw.githubusercontent.com/Magic-Dust/MagicDust/master/arconai.txt</page>
</regex>
<regex>
<name>Address3</name>
<expres><![CDATA["c"="([^"]*)]]></expres>
<page>https://raw.githubusercontent.com/Magic-Dust/MagicDust/master/arconai.txt</page>
</regex>
</item>

<item>
<title>JohnnyBravo</title>
<thumbnail>https://teepublic.zendesk.com/hc/article_attachments/360039557274/Screen_Shot_2019-02-21_at_10.33.46_AM.png</thumbnail>
<fanart>https://$doregex[Address]/logo.png</fanart>
<link>$doregex[makelist]</link>
<regex>
<name>makelist</name>
<listrepeat><![CDATA[
  <title>[makelist.param1]</title>
  <link>https://$doregex[Address2].$doregex[Address]/JohnnyBravo/[makelist.param1]</link>
  <thumbnail></thumbnail>
  <fanart>https://$doregex[Address]/logo.png</fanart>
]]></listrepeat>
<expres><![CDATA[<a href="(S[^"]*)">(.*?)<]]></expres>
<page>https://$doregex[Address2].$doregex[Address]/JohnnyBravo/</page>
</regex>
<regex>
<name>Address</name>
<expres><![CDATA["x"="([^"]*)]]></expres>
<page>https://raw.githubusercontent.com/Magic-Dust/MagicDust/master/arconai.txt</page>
</regex>
<regex>
<name>Address2</name>
<expres><![CDATA["a"="([^"]*)]]></expres>
<page>https://raw.githubusercontent.com/Magic-Dust/MagicDust/master/arconai.txt</page>
</regex>
<regex>
<name>Address3</name>
<expres><![CDATA["c"="([^"]*)]]></expres>
<page>https://raw.githubusercontent.com/Magic-Dust/MagicDust/master/arconai.txt</page>
</regex>
</item>

<item>
<title>Letterkenny Seasons (1-6)</title>
<thumbnail>http://static.tvmaze.com/uploads/images/original_untouched/209/523570.jpg</thumbnail>
<fanart>https://$doregex[Address]/logo.png</fanart>
<link>$doregex[makelist]</link>
<regex>
<name>makelist</name>
<listrepeat><![CDATA[
  <title>[makelist.param1]</title>
  <link>$doregex[GetSubVideo]</link>
  <thumbnail></thumbnail>
  <fanart>https://$doregex[Address]/logo.png</fanart>
]]></listrepeat>
<expres><![CDATA[<a href="(S[^"]*)">(.*?)<]]></expres>
<page>https://$doregex[Address2].$doregex[Address]/letterkenny/</page>
</regex>
<regex>
<name>GetSubVideo</name>
<listrepeat><![CDATA[
  <title>[GetSubVideo.param1]</title>
  <link>https://$doregex[Address2].$doregex[Address]/letterkenny/[makelist.param2]/[GetSubVideo.param1]</link>
  <thumbnail></thumbnail>
  <fanart>https://$doregex[Address]/logo.png</fanart>
]]></listrepeat>
<expres><![CDATA[<a href="(S[^"]*)">(.*?)]]></expres>
<page>https://$doregex[Address2].$doregex[Address]/letterkenny/[makelist.param2]</page>
</regex>
<regex>
<name>Address</name>
<expres><![CDATA["x"="([^"]*)]]></expres>
<page>https://raw.githubusercontent.com/Magic-Dust/MagicDust/master/arconai.txt</page>
</regex>
<regex>
<name>Address2</name>
<expres><![CDATA["a"="([^"]*)]]></expres>
<page>https://raw.githubusercontent.com/Magic-Dust/MagicDust/master/arconai.txt</page>
</regex>
<regex>
<name>Address3</name>
<expres><![CDATA["c"="([^"]*)]]></expres>
<page>https://raw.githubusercontent.com/Magic-Dust/MagicDust/master/arconai.txt</page>
</regex>
</item>

<item>
<title>Letterkenny Seasons (7-8)</title>
<thumbnail>http://static.tvmaze.com/uploads/images/original_untouched/209/523570.jpg</thumbnail>
<fanart>https://$doregex[Address]/logo.png</fanart>
<link>$doregex[makelist]</link>
<regex>
<name>makelist</name>
<listrepeat><![CDATA[
  <title>[makelist.param1]</title>
  <link>https://$doregex[Address2].$doregex[Address]/Letterkenny/[makelist.param1]</link>
  <thumbnail></thumbnail>
  <fanart>https://$doregex[Address]/logo.png</fanart>
]]></listrepeat>
<expres><![CDATA[<a href="(S[^"]*)">(.*?)<]]></expres>
<page>https://$doregex[Address2].$doregex[Address]/Letterkenny/</page>
</regex>
<regex>
<name>Address</name>
<expres><![CDATA["x"="([^"]*)]]></expres>
<page>https://raw.githubusercontent.com/Magic-Dust/MagicDust/master/arconai.txt</page>
</regex>
<regex>
<name>Address2</name>
<expres><![CDATA["a"="([^"]*)]]></expres>
<page>https://raw.githubusercontent.com/Magic-Dust/MagicDust/master/arconai.txt</page>
</regex>
<regex>
<name>Address3</name>
<expres><![CDATA["c"="([^"]*)]]></expres>
<page>https://raw.githubusercontent.com/Magic-Dust/MagicDust/master/arconai.txt</page>
</regex>
</item>

<item>
<title>LooneyTunes</title>
<thumbnail>https://fanart.tv/fanart/tv/72514/tvposter/looney-tunes-56dbb69625120.jpg</thumbnail>
<fanart>https://$doregex[Address]/logo.png</fanart>
<link>$doregex[makelist]</link>
<regex>
<name>makelist</name>
<listrepeat><![CDATA[
  <title>[makelist.param1]</title>
  <link>https://$doregex[Address3].$doregex[Address]/LooneyTunes/[makelist.param1]</link>
  <thumbnail></thumbnail>
  <fanart>https://$doregex[Address]/logo.png</fanart>
]]></listrepeat>
<expres><![CDATA[<a href="(S[^"]*)">(.*?)<]]></expres>
<page>https://$doregex[Address3].$doregex[Address]/LooneyTunes/</page>
</regex>
<regex>
<name>Address</name>
<expres><![CDATA["x"="([^"]*)]]></expres>
<page>https://raw.githubusercontent.com/Magic-Dust/MagicDust/master/arconai.txt</page>
</regex>
<regex>
<name>Address2</name>
<expres><![CDATA["a"="([^"]*)]]></expres>
<page>https://raw.githubusercontent.com/Magic-Dust/MagicDust/master/arconai.txt</page>
</regex>
<regex>
<name>Address3</name>
<expres><![CDATA["c"="([^"]*)]]></expres>
<page>https://raw.githubusercontent.com/Magic-Dust/MagicDust/master/arconai.txt</page>
</regex>
</item>

<item>
<title>Mythbusters</title>
<thumbnail>https://fanart.tv/fanart/tv/73388/seasonposter/mythbusters-536a97a33ba95.jpg</thumbnail>
<fanart>https://$doregex[Address]/logo.png</fanart>
<link>$doregex[makelist]</link>
<regex>
<name>makelist</name>
<listrepeat><![CDATA[
  <title>[makelist.param1]</title>
  <link>https://$doregex[Address3].$doregex[Address]/Mythbusters/[makelist.param1]</link>
  <thumbnail></thumbnail>
  <fanart>https://$doregex[Address]/logo.png</fanart>
]]></listrepeat>
<expres><![CDATA[<a href="(S[^"]*)">(.*?)<]]></expres>
<page>https://$doregex[Address3].$doregex[Address]/Mythbusters/</page>
</regex>
<regex>
<name>Address</name>
<expres><![CDATA["x"="([^"]*)]]></expres>
<page>https://raw.githubusercontent.com/Magic-Dust/MagicDust/master/arconai.txt</page>
</regex>
<regex>
<name>Address2</name>
<expres><![CDATA["a"="([^"]*)]]></expres>
<page>https://raw.githubusercontent.com/Magic-Dust/MagicDust/master/arconai.txt</page>
</regex>
<regex>
<name>Address3</name>
<expres><![CDATA["c"="([^"]*)]]></expres>
<page>https://raw.githubusercontent.com/Magic-Dust/MagicDust/master/arconai.txt</page>
</regex>
</item>

<item>
<title>Peaky Blinders</title>
<thumbnail>https://fanart.tv/fanart/tv/270915/hdclearart/peaky-blinders-527aa1e98fa0e.png</thumbnail>
<fanart>https://$doregex[Address]/logo.png</fanart>
<link>$doregex[makelist]</link>
<regex>
<name>makelist</name>
<listrepeat><![CDATA[
  <title>[makelist.param1]</title>
  <link>https://$doregex[Address2].$doregex[Address]/PeakyBlinders/[makelist.param1]</link>
  <thumbnail></thumbnail>
  <fanart>https://$doregex[Address]/logo.png</fanart>
]]></listrepeat>
<expres><![CDATA[<a href="(S[^"]*)">(.*?)<]]></expres>
<page>https://$doregex[Address2].$doregex[Address]/PeakyBlinders/</page>
</regex>
<regex>
<name>Address</name>
<expres><![CDATA["x"="([^"]*)]]></expres>
<page>https://raw.githubusercontent.com/Magic-Dust/MagicDust/master/arconai.txt</page>
</regex>
<regex>
<name>Address2</name>
<expres><![CDATA["a"="([^"]*)]]></expres>
<page>https://raw.githubusercontent.com/Magic-Dust/MagicDust/master/arconai.txt</page>
</regex>
<regex>
<name>Address3</name>
<expres><![CDATA["c"="([^"]*)]]></expres>
<page>https://raw.githubusercontent.com/Magic-Dust/MagicDust/master/arconai.txt</page>
</regex>
</item>

<title>Seinfeld</title>
<thumbnail>https://upload.wikimedia.org/wikipedia/en/thumb/2/28/Seinfeld7.jpg/250px-Seinfeld7.jpg</thumbnail>
<fanart>https://$doregex[Address]/logo.png</fanart>
<link>$doregex[makelist]</link>
<regex>
<name>makelist</name>
<listrepeat><![CDATA[
  <title>[makelist.param1]</title>
  <link>https://$doregex[Address2].$doregex[Address]/seinfeld/[makelist.param1]</link>
  <thumbnail></thumbnail>
  <fanart>https://$doregex[Address]/logo.png</fanart>
]]></listrepeat>
<expres><![CDATA[<a href="(S[^"]*)">(.*?)<]]></expres>
<page>https://$doregex[Address2].$doregex[Address]/seinfeld/</page>
</regex>
<regex>
<name>Address</name>
<expres><![CDATA["x"="([^"]*)]]></expres>
<page>https://raw.githubusercontent.com/Magic-Dust/MagicDust/master/arconai.txt</page>
</regex>
<regex>
<name>Address2</name>
<expres><![CDATA["a"="([^"]*)]]></expres>
<page>https://raw.githubusercontent.com/Magic-Dust/MagicDust/master/arconai.txt</page>
</regex>
<regex>
<name>Address3</name>
<expres><![CDATA["c"="([^"]*)]]></expres>
<page>https://raw.githubusercontent.com/Magic-Dust/MagicDust/master/arconai.txt</page>
</regex>
</item>

<item>
<title>ScoobyDoo</title>
<thumbnail>https://www.pinclipart.com/picdir/big/8-84121_shaggy-scooby-doo-scooby-doo-shaggy-and-scooby.png</thumbnail>
<fanart>https://$doregex[Address]/logo.png</fanart>
<link>$doregex[makelist]</link>
<regex>
<name>makelist</name>
<listrepeat><![CDATA[
  <title>[makelist.param1]</title>
  <link>$doregex[GetSubVideo]</link>
  <thumbnail></thumbnail>
  <fanart>https://$doregex[Address]/logo.png</fanart>
]]></listrepeat>
<expres><![CDATA[<a href="(S[^"]*)">(.*?)<]]></expres>
<page>https://$doregex[Address2].$doregex[Address]/ScoobyDoo/</page>
</regex>
<regex>
<name>GetSubVideo</name>
<listrepeat><![CDATA[
  <title>[GetSubVideo.param1]</title>
  <link>https://$doregex[Address2].$doregex[Address]/ScoobyDoo/[makelist.param2]/[GetSubVideo.param1]</link>
  <thumbnail></thumbnail>
]]></listrepeat>
<expres><![CDATA[<a href="(S[^"]*)">(.*?)]]></expres>
<page>https://$doregex[Address2].$doregex[Address]/ScoobyDoo/[makelist.param2]</page>
</regex>
<regex>
<name>Address</name>
<expres><![CDATA["x"="([^"]*)]]></expres>
<page>https://raw.githubusercontent.com/Magic-Dust/MagicDust/master/arconai.txt</page>
</regex>
<regex>
<name>Address2</name>
<expres><![CDATA["a"="([^"]*)]]></expres>
<page>https://raw.githubusercontent.com/Magic-Dust/MagicDust/master/arconai.txt</page>
</regex>
<regex>
<name>Address3</name>
<expres><![CDATA["c"="([^"]*)]]></expres>
<page>https://raw.githubusercontent.com/Magic-Dust/MagicDust/master/arconai.txt</page>
</regex>
</item>

<item>
<title>SouthPark</title>
<thumbnail>https://assets1.ignimgs.com/2015/11/10/south-park-ob1jpg-a808ca.jpg</thumbnail>
<fanart>https://$doregex[Address]/logo.png</fanart>
<link>$doregex[makelist]</link>
<regex>
<name>makelist</name>
<listrepeat><![CDATA[
  <title>[makelist.param1]</title>
  <link>$doregex[GetSubVideo]</link>
  <thumbnail></thumbnail>
  <fanart>https://$doregex[Address]/logo.png</fanart>
]]></listrepeat>
<expres><![CDATA[<a href="(S[^"]*)">(.*?)<]]></expres>
<page>https://$doregex[Address2].$doregex[Address]/SouthPark/</page>
</regex>
<regex>
<name>GetSubVideo</name>
<listrepeat><![CDATA[
  <title>[GetSubVideo.param1]</title>
  <link>https://$doregex[Address2].$doregex[Address]/SouthPark/[makelist.param2]/[GetSubVideo.param1]</link>
  <thumbnail></thumbnail>
]]></listrepeat>
<expres><![CDATA[<a href="(S[^"]*)">(.*?)]]></expres>
<page>https://$doregex[Address2].$doregex[Address]/SouthPark/[makelist.param2]</page>
</regex>
<regex>
<name>Address</name>
<expres><![CDATA["x"="([^"]*)]]></expres>
<page>https://raw.githubusercontent.com/Magic-Dust/MagicDust/master/arconai.txt</page>
</regex>
<regex>
<name>Address2</name>
<expres><![CDATA["a"="([^"]*)]]></expres>
<page>https://raw.githubusercontent.com/Magic-Dust/MagicDust/master/arconai.txt</page>
</regex>
<regex>
<name>Address3</name>
<expres><![CDATA["c"="([^"]*)]]></expres>
<page>https://raw.githubusercontent.com/Magic-Dust/MagicDust/master/arconai.txt</page>
</regex>
</item>

<item>
<title>SpaceGhost</title>
<thumbnail>http://vignette1.wikia.nocookie.net/athfwiki/images/9/92/SpaceGhost2.jpg/revision/latest?cb=20120412230755</thumbnail>
<fanart>https://$doregex[Address]/logo.png</fanart>
<link>$doregex[makelist]</link>
<regex>
<name>makelist</name>
<listrepeat><![CDATA[
  <title>[makelist.param1]</title>
  <link>https://$doregex[Address2].$doregex[Address]/SpaceGhost/[makelist.param1]</link>
  <thumbnail></thumbnail>
  <fanart>https://$doregex[Address]/logo.png</fanart>
]]></listrepeat>
<expres><![CDATA[<a href="(S[^"]*)">(.*?)<]]></expres>
<page>https://$doregex[Address2].$doregex[Address]/SpaceGhost/</page>
</regex>
<regex>
<name>Address</name>
<expres><![CDATA["x"="([^"]*)]]></expres>
<page>https://raw.githubusercontent.com/Magic-Dust/MagicDust/master/arconai.txt</page>
</regex>
<regex>
<name>Address2</name>
<expres><![CDATA["a"="([^"]*)]]></expres>
<page>https://raw.githubusercontent.com/Magic-Dust/MagicDust/master/arconai.txt</page>
</regex>
<regex>
<name>Address3</name>
<expres><![CDATA["c"="([^"]*)]]></expres>
<page>https://raw.githubusercontent.com/Magic-Dust/MagicDust/master/arconai.txt</page>
</regex>
</item>

<item>
<title>Squidbillies</title>
<thumbnail>https://i.pinimg.com/736x/ed/65/22/ed6522d4e36e1d23c2d7e9dbd2b5617c.jpg</thumbnail>
<fanart>https://$doregex[Address]/logo.png</fanart>
<link>$doregex[makelist]</link>
<regex>
<name>makelist</name>
<listrepeat><![CDATA[
  <title>[makelist.param1]</title>
  <link>https://$doregex[Address2].$doregex[Address]/Squidbillies/[makelist.param1]</link>
  <thumbnail></thumbnail>
  <fanart>https://$doregex[Address]/logo.png</fanart>
]]></listrepeat>
<expres><![CDATA[<a href="(S[^"]*)">(.*?)<]]></expres>
<page>https://$doregex[Address2].$doregex[Address]/Squidbillies/</page>
</regex>
<regex>
<name>Address</name>
<expres><![CDATA["x"="([^"]*)]]></expres>
<page>https://raw.githubusercontent.com/Magic-Dust/MagicDust/master/arconai.txt</page>
</regex>
<regex>
<name>Address2</name>
<expres><![CDATA["a"="([^"]*)]]></expres>
<page>https://raw.githubusercontent.com/Magic-Dust/MagicDust/master/arconai.txt</page>
</regex>
<regex>
<name>Address3</name>
<expres><![CDATA["c"="([^"]*)]]></expres>
<page>https://raw.githubusercontent.com/Magic-Dust/MagicDust/master/arconai.txt</page>
</regex>
</item>

<item>
<title>Trailer Park Boys</title>
<thumbnail>https://image.tmdb.org/t/p/w500/rnpQXPaiiS90KidhNI34maU9aiW.jpg</thumbnail>
<fanart>https://$doregex[Address]/logo.png</fanart>
<link>$doregex[makelist]</link>
<regex>
<name>makelist</name>
<listrepeat><![CDATA[
  <title>[makelist.param1]</title>
  <link>https://$doregex[Address2].$doregex[Address]/TrailerParkBoys/[makelist.param1]</link>
  <thumbnail></thumbnail>
  <fanart>https://$doregex[Address]/logo.png</fanart>
]]></listrepeat>
<expres><![CDATA[<a href="(S[^"]*)">(.*?)<]]></expres>
<page>https://$doregex[Address2].$doregex[Address]/TrailerParkBoys/</page>
</regex>
<regex>
<name>Address</name>
<expres><![CDATA["x"="([^"]*)]]></expres>
<page>https://raw.githubusercontent.com/Magic-Dust/MagicDust/master/arconai.txt</page>
</regex>
<regex>
<name>Address2</name>
<expres><![CDATA["a"="([^"]*)]]></expres>
<page>https://raw.githubusercontent.com/Magic-Dust/MagicDust/master/arconai.txt</page>
</regex>
<regex>
<name>Address3</name>
<expres><![CDATA["c"="([^"]*)]]></expres>
<page>https://raw.githubusercontent.com/Magic-Dust/MagicDust/master/arconai.txt</page>
</regex>
</item>

<item>
<title>Two And A HalfMen</title>
<thumbnail>http://1.bp.blogspot.com/-3NSp34a_U28/UM950x0EBQI/AAAAAAACLyc/VsHUQkc-CX8/s1600/two_and_half_men_poster21.jpg</thumbnail>
<fanart>https://$doregex[Address]/logo.png</fanart>
<link>$doregex[makelist]</link>
<regex>
<name>makelist</name>
<listrepeat><![CDATA[
  <title>[makelist.param1]</title>
  <link>https://$doregex[Address2].$doregex[Address]/tahm/[makelist.param1]</link>
  <thumbnail></thumbnail>
  <fanart>https://$doregex[Address]/logo.png</fanart>
]]></listrepeat>
<expres><![CDATA[<a href="(S[^"]*)">(.*?)<]]></expres>
<page>https://$doregex[Address2].$doregex[Address]/tahm/</page>
</regex>
<regex>
<name>Address</name>
<expres><![CDATA["x"="([^"]*)]]></expres>
<page>https://raw.githubusercontent.com/Magic-Dust/MagicDust/master/arconai.txt</page>
</regex>
<regex>
<name>Address2</name>
<expres><![CDATA["a"="([^"]*)]]></expres>
<page>https://raw.githubusercontent.com/Magic-Dust/MagicDust/master/arconai.txt</page>
</regex>
<regex>
<name>Address3</name>
<expres><![CDATA["c"="([^"]*)]]></expres>
<page>https://raw.githubusercontent.com/Magic-Dust/MagicDust/master/arconai.txt</page>
</regex>
</item>

<item>
<title>Workaholics</title>
<thumbnail>https://image.tmdb.org/t/p/original/yXEeeEjpxOmsTusYKQeZJqMlndu.jpg</thumbnail>
<fanart>https://$doregex[Address]/logo.png</fanart>
<link>$doregex[makelist]</link>
<regex>
<name>makelist</name>
<listrepeat><![CDATA[
  <title>[makelist.param1]</title>
  <link>$doregex[GetSubVideo]</link>
  <thumbnail></thumbnail>
  <fanart>https://$doregex[Address]/logo.png</fanart>
]]></listrepeat>
<expres><![CDATA[<a href="(S[^"]*)">(.*?)<]]></expres>
<page>https://$doregex[Address2].$doregex[Address]/Workaholics/</page>
</regex>
<regex>
<name>GetSubVideo</name>
<listrepeat><![CDATA[
  <title>[GetSubVideo.param1]</title>
  <link>https://$doregex[Address2].$doregex[Address]/Workaholics/[makelist.param2]/[GetSubVideo.param1]</link>
  <thumbnail></thumbnail>
]]></listrepeat>
<expres><![CDATA[<a href="(S[^"]*)">(.*?)]]></expres>
<page>https://$doregex[Address2].$doregex[Address]/Workaholics/[makelist.param2]</page>
</regex>
<regex>
<name>Address</name>
<expres><![CDATA["x"="([^"]*)]]></expres>
<page>https://raw.githubusercontent.com/Magic-Dust/MagicDust/master/arconai.txt</page>
</regex>
<regex>
<name>Address2</name>
<expres><![CDATA["a"="([^"]*)]]></expres>
<page>https://raw.githubusercontent.com/Magic-Dust/MagicDust/master/arconai.txt</page>
</regex>
<regex>
<name>Address3</name>
<expres><![CDATA["c"="([^"]*)]]></expres>
<page>https://raw.githubusercontent.com/Magic-Dust/MagicDust/master/arconai.txt</page>
</regex>
</item>

<subchannel>
<name>More Shows</name>
<thumbnail>https://st2.depositphotos.com/1688079/5466/i/950/depositphotos_54666709-stock-photo-next-icon-glossy-green-round.jpg</thumbnail>
<fanart>https://github.com/Magic-Dust/MagicDust/raw/master/fanart.jpg</fanart>
<subitems>

<subitem>
<title>Addams Family</title>
<thumbnail>https://images-na.ssl-images-amazon.com/images/M/MV5BYTE4YzEyNDYtMDUyZi00MTVkLThjMmYtZmU0NmFiZjE1MmI0XkEyXkFqcGdeQXVyMDgyNjA5MA@@._V1_UY1200_CR20,0,630,1200_AL_.jpg</thumbnail>
<fanart>https://$doregex[Address]/logo.png</fanart>
<link>$doregex[makelist]</link>
<regex>
<name>makelist</name>
<listrepeat><![CDATA[
  <title>[makelist.param1]</title>
  <link>https://$doregex[Address2].$doregex[Address]/AddamsFamily/[makelist.param1]</link>
  <thumbnail></thumbnail>
  <fanart>https://$doregex[Address]/logo.png</fanart>
]]></listrepeat>
<expres><![CDATA[<a href="(S[^"]*)">(.*?)<]]></expres>
<page>https://$doregex[Address2].$doregex[Address]/AddamsFamily/</page>
</regex>
<regex>
<name>Address</name>
<expres><![CDATA["x"="([^"]*)]]></expres>
<page>https://raw.githubusercontent.com/Magic-Dust/MagicDust/master/arconai.txt</page>
</regex>
<regex>
<name>Address2</name>
<expres><![CDATA["a"="([^"]*)]]></expres>
<page>https://raw.githubusercontent.com/Magic-Dust/MagicDust/master/arconai.txt</page>
</regex>
<regex>
<name>Address3</name>
<expres><![CDATA["c"="([^"]*)]]></expres>
<page>https://raw.githubusercontent.com/Magic-Dust/MagicDust/master/arconai.txt</page>
</regex>
</subitem>

<subitem>
<title>Always Sunny in Philadelphia S1-13</title>
<thumbnail>https://thetvdb.com/banners/posters/75805-2.jpg</thumbnail>
<fanart>https://$doregex[Address]/logo.png</fanart>
<link>$doregex[makelist]</link>
<regex>
<name>makelist</name>
<listrepeat><![CDATA[
  <title>[makelist.param1]</title>
  <link>https://$doregex[Address2].$doregex[Address]/Sunny/[makelist.param1]</link>
  <thumbnail></thumbnail>
  <fanart>https://$doregex[Address]/logo.png</fanart>
]]></listrepeat>
<expres><![CDATA[<a href="(S[^"]*)">(.*?)<]]></expres>
<page>https://$doregex[Address2].$doregex[Address]/Sunny/</page>
</regex>
<regex>
<name>Address</name>
<expres><![CDATA["x"="([^"]*)]]></expres>
<page>https://raw.githubusercontent.com/Magic-Dust/MagicDust/master/arconai.txt</page>
</regex>
<regex>
<name>Address2</name>
<expres><![CDATA["a"="([^"]*)]]></expres>
<page>https://raw.githubusercontent.com/Magic-Dust/MagicDust/master/arconai.txt</page>
</regex>
<regex>
<name>Address3</name>
<expres><![CDATA["c"="([^"]*)]]></expres>
<page>https://raw.githubusercontent.com/Magic-Dust/MagicDust/master/arconai.txt</page>
</regex>
</subitem>

<subitem>
<title>Always Sunny in Philadelphia S14</title>
<thumbnail>https://thetvdb.com/banners/posters/75805-2.jpg</thumbnail>
<fanart>https://$doregex[Address]/logo.png</fanart>
<link>$doregex[makelist]</link>
<regex>
<name>makelist</name>
<listrepeat><![CDATA[
  <title>[makelist.param1]</title>
  <link>https://$doregex[Address2].$doregex[Address]/AlwaysSunny/[makelist.param1]</link>
  <thumbnail></thumbnail>
  <fanart>https://$doregex[Address]/logo.png</fanart>
]]></listrepeat>
<expres><![CDATA[<a href="(S[^"]*)">(.*?)<]]></expres>
<page>https://$doregex[Address2].$doregex[Address]/AlwaysSunny/</page>
</regex>
<regex>
<name>Address</name>
<expres><![CDATA["x"="([^"]*)]]></expres>
<page>https://raw.githubusercontent.com/Magic-Dust/MagicDust/master/arconai.txt</page>
</regex>
<regex>
<name>Address2</name>
<expres><![CDATA["a"="([^"]*)]]></expres>
<page>https://raw.githubusercontent.com/Magic-Dust/MagicDust/master/arconai.txt</page>
</regex>
<regex>
<name>Address3</name>
<expres><![CDATA["c"="([^"]*)]]></expres>
<page>https://raw.githubusercontent.com/Magic-Dust/MagicDust/master/arconai.txt</page>
</regex>
</subitem>

<subitem>
<title>Arrested Development</title>
<thumbnail>https://image.tmdb.org/t/p/original/v3T8Ey3aHlCpWHhSyvEF2yiNICh.jpg</thumbnail>
<fanart>https://$doregex[Address]/logo.png</fanart>
<link>$doregex[makelist]</link>
<regex>
<name>makelist</name>
<listrepeat><![CDATA[
  <title>[makelist.param1]</title>
  <link>https://$doregex[Address2].$doregex[Address]/ArrestedDevelopment/[makelist.param1]</link>
  <thumbnail></thumbnail>
  <fanart>https://$doregex[Address]/logo.png</fanart>
]]></listrepeat>
<expres><![CDATA[<a href="(S[^"]*)">(.*?)<]]></expres>
<page>https://$doregex[Address2].$doregex[Address]/ArrestedDevelopment/</page>
</regex>
<regex>
<name>Address</name>
<expres><![CDATA["x"="([^"]*)]]></expres>
<page>https://raw.githubusercontent.com/Magic-Dust/MagicDust/master/arconai.txt</page>
</regex>
<regex>
<name>Address2</name>
<expres><![CDATA["a"="([^"]*)]]></expres>
<page>https://raw.githubusercontent.com/Magic-Dust/MagicDust/master/arconai.txt</page>
</regex>
<regex>
<name>Address3</name>
<expres><![CDATA["c"="([^"]*)]]></expres>
<page>https://raw.githubusercontent.com/Magic-Dust/MagicDust/master/arconai.txt</page>
</regex>
</subitem>

<subitem>
<title>Baa Baa Black Sheep</title>
<thumbnail>https://media.boingboing.net/wp-content/uploads/2015/08/811HDP4jb6L._SL1500_.jpg</thumbnail>
<fanart>https://$doregex[Address]/logo.png</fanart>
<link>$doregex[makelist]</link>
<regex>
<name>makelist</name>
<listrepeat><![CDATA[
  <title>[makelist.param1]</title>
  <link>https://$doregex[Address3].$doregex[Address]/BaaBaaBlackSheep/[makelist.param1]</link>
  <thumbnail></thumbnail>
  <fanart>https://$doregex[Address]/logo.png</fanart>
]]></listrepeat>
<expres><![CDATA[<a href="(S[^"]*)">(.*?)<]]></expres>
<page>https://$doregex[Address3].$doregex[Address]/BaaBaaBlackSheep/</page>
</regex>
<regex>
<name>Address</name>
<expres><![CDATA["x"="([^"]*)]]></expres>
<page>https://raw.githubusercontent.com/Magic-Dust/MagicDust/master/arconai.txt</page>
</regex>
<regex>
<name>Address2</name>
<expres><![CDATA["a"="([^"]*)]]></expres>
<page>https://raw.githubusercontent.com/Magic-Dust/MagicDust/master/arconai.txt</page>
</regex>
<regex>
<name>Address3</name>
<expres><![CDATA["c"="([^"]*)]]></expres>
<page>https://raw.githubusercontent.com/Magic-Dust/MagicDust/master/arconai.txt</page>
</regex>
</subitem>

<subitem>
<title>Battle Star Galactica S1</title>
<thumbnail>https://fanart.tv/fanart/movies/69315/movieposter/battlestar-galactica-razor-539f394cc9772.jpg</thumbnail>
<fanart>https://$doregex[Address]/logo.png</fanart>
<link>$doregex[makelist]</link>
<regex>
<name>makelist</name>
<listrepeat><![CDATA[
  <title>[makelist.param1]</title>
  <link>https://$doregex[Address2].$doregex[Address]/BSG/[makelist.param1]</link>
  <thumbnail></thumbnail>
  <fanart>https://$doregex[Address]/logo.png</fanart>
]]></listrepeat>
<expres><![CDATA[<a href="(S[^"]*)">(.*?)<]]></expres>
<page>https://$doregex[Address2].$doregex[Address]/BSG/</page>
</regex>
<regex>
<name>Address</name>
<expres><![CDATA["x"="([^"]*)]]></expres>
<page>https://raw.githubusercontent.com/Magic-Dust/MagicDust/master/arconai.txt</page>
</regex>
<regex>
<name>Address2</name>
<expres><![CDATA["a"="([^"]*)]]></expres>
<page>https://raw.githubusercontent.com/Magic-Dust/MagicDust/master/arconai.txt</page>
</regex>
<regex>
<name>Address3</name>
<expres><![CDATA["c"="([^"]*)]]></expres>
<page>https://raw.githubusercontent.com/Magic-Dust/MagicDust/master/arconai.txt</page>
</regex>
</subitem>

<subitem>
<title>Battle Star Galactica S2-S4</title>
<thumbnail>https://fanart.tv/fanart/movies/69315/movieposter/battlestar-galactica-razor-539f394cc9772.jpg</thumbnail>
<fanart>https://$doregex[Address]/logo.png</fanart>
<link>$doregex[makelist]</link>
<regex>
<name>makelist</name>
<listrepeat><![CDATA[
  <title>[makelist.param1]</title>
  <link>https://$doregex[Address3].$doregex[Address]/BSG/[makelist.param1]</link>
  <thumbnail></thumbnail>
  <fanart>https://$doregex[Address]/logo.png</fanart>
]]></listrepeat>
<expres><![CDATA[<a href="(S[^"]*)">(.*?)<]]></expres>
<page>https://$doregex[Address3].$doregex[Address]/BSG/</page>
</regex>
<regex>
<name>Address</name>
<expres><![CDATA["x"="([^"]*)]]></expres>
<page>https://raw.githubusercontent.com/Magic-Dust/MagicDust/master/arconai.txt</page>
</regex>
<regex>
<name>Address2</name>
<expres><![CDATA["a"="([^"]*)]]></expres>
<page>https://raw.githubusercontent.com/Magic-Dust/MagicDust/master/arconai.txt</page>
</regex>
<regex>
<name>Address3</name>
<expres><![CDATA["c"="([^"]*)]]></expres>
<page>https://raw.githubusercontent.com/Magic-Dust/MagicDust/master/arconai.txt</page>
</regex>
</subitem>

<subitem>
<title>Better Call Saul</title>
<thumbnail>https://fanart.tv/fanart/tv/273181/seasonposter/better-call-saul-5b388e8d8e503.jpg</thumbnail>
<fanart>https://$doregex[Address]/logo.png</fanart>
<link>$doregex[makelist]</link>
<regex>
<name>makelist</name>
<listrepeat><![CDATA[
  <title>[makelist.param1]</title>
  <link>https://$doregex[Address2].$doregex[Address]/BetterCallSaul/[makelist.param1]</link>
  <thumbnail></thumbnail>
  <fanart>https://$doregex[Address]/logo.png</fanart>
]]></listrepeat>
<expres><![CDATA[<a href="(S[^"]*)">(.*?)<]]></expres>
<page>https://$doregex[Address2].$doregex[Address]/BetterCallSaul/</page>
</regex>
<regex>
<name>Address</name>
<expres><![CDATA["x"="([^"]*)]]></expres>
<page>https://raw.githubusercontent.com/Magic-Dust/MagicDust/master/arconai.txt</page>
</regex>
<regex>
<name>Address2</name>
<expres><![CDATA["a"="([^"]*)]]></expres>
<page>https://raw.githubusercontent.com/Magic-Dust/MagicDust/master/arconai.txt</page>
</regex>
<regex>
<name>Address3</name>
<expres><![CDATA["c"="([^"]*)]]></expres>
<page>https://raw.githubusercontent.com/Magic-Dust/MagicDust/master/arconai.txt</page>
</regex>
</subitem>

<subitem>
<title>Game of Thrones</title>
<thumbnail>https://oyster.ignimgs.com/wordpress/stg.ign.com/2017/09/1-1-720x992.png</thumbnail>
<fanart>https://$doregex[Address]/logo.png</fanart>
<link>$doregex[makelist]</link>
<regex>
<name>makelist</name>
<listrepeat><![CDATA[
  <title>[makelist.param1]</title>
  <link>https://$doregex[Address3].$doregex[Address]/GameofThrones/[makelist.param1]</link>
  <thumbnail></thumbnail>
  <fanart>https://$doregex[Address]/logo.png</fanart>
]]></listrepeat>
<expres><![CDATA[<a href="(S[^"]*)">(.*?)<]]></expres>
<page>https://$doregex[Address3].$doregex[Address]/GameofThrones/</page>
</regex>
<regex>
<name>Address</name>
<expres><![CDATA["x"="([^"]*)]]></expres>
<page>https://raw.githubusercontent.com/Magic-Dust/MagicDust/master/arconai.txt</page>
</regex>
<regex>
<name>Address2</name>
<expres><![CDATA["a"="([^"]*)]]></expres>
<page>https://raw.githubusercontent.com/Magic-Dust/MagicDust/master/arconai.txt</page>
</regex>
<regex>
<name>Address3</name>
<expres><![CDATA["c"="([^"]*)]]></expres>
<page>https://raw.githubusercontent.com/Magic-Dust/MagicDust/master/arconai.txt</page>
</regex>
</subitem>

<subitem>
<title>Greys Anatomy</title>
<thumbnail>https://fanart.tv/fanart/tv/73762/seasonposter/greys-anatomy-57e7acea50214.jpg</thumbnail>
<fanart>https://$doregex[Address]/logo.png</fanart>
<link>$doregex[makelist]</link>
<regex>
<name>makelist</name>
<listrepeat><![CDATA[
  <title>[makelist.param1]</title>
  <link>https://$doregex[Address2].$doregex[Address]/Greys/[makelist.param1]</link>
  <thumbnail></thumbnail>
  <fanart>https://$doregex[Address]/logo.png</fanart>
]]></listrepeat>
<expres><![CDATA[<a href="(S[^"]*)">(.*?)<]]></expres>
<page>https://$doregex[Address2].$doregex[Address]/Greys/</page>
</regex>
<regex>
<name>Address</name>
<expres><![CDATA["x"="([^"]*)]]></expres>
<page>https://raw.githubusercontent.com/Magic-Dust/MagicDust/master/arconai.txt</page>
</regex>
<regex>
<name>Address2</name>
<expres><![CDATA["a"="([^"]*)]]></expres>
<page>https://raw.githubusercontent.com/Magic-Dust/MagicDust/master/arconai.txt</page>
</regex>
<regex>
<name>Address3</name>
<expres><![CDATA["c"="([^"]*)]]></expres>
<page>https://raw.githubusercontent.com/Magic-Dust/MagicDust/master/arconai.txt</page>
</regex>
</subitem>

<subitem>
<title>House</title>
<thumbnail>https://upload.wikimedia.org/wikipedia/en/e/ee/House_S8_DVD.jpg</thumbnail>
<fanart>https://$doregex[Address]/logo.png</fanart>
<link>$doregex[makelist]</link>
<regex>
<name>makelist</name>
<listrepeat><![CDATA[
  <title>[makelist.param1]</title>
  <link>https://$doregex[Address2].$doregex[Address]/House/[makelist.param1]</link>
  <thumbnail></thumbnail>
  <fanart>https://$doregex[Address]/logo.png</fanart>
]]></listrepeat>
<expres><![CDATA[<a href="(S[^"]*)">(.*?)<]]></expres>
<page>https://$doregex[Address2].$doregex[Address]/House/</page>
</regex>
<regex>
<name>Address</name>
<expres><![CDATA["x"="([^"]*)]]></expres>
<page>https://raw.githubusercontent.com/Magic-Dust/MagicDust/master/arconai.txt</page>
</regex>
<regex>
<name>Address2</name>
<expres><![CDATA["a"="([^"]*)]]></expres>
<page>https://raw.githubusercontent.com/Magic-Dust/MagicDust/master/arconai.txt</page>
</regex>
<regex>
<name>Address3</name>
<expres><![CDATA["c"="([^"]*)]]></expres>
<page>https://raw.githubusercontent.com/Magic-Dust/MagicDust/master/arconai.txt</page>
</regex>
</subitem>

<subitem>
<title>How Its Made</title>
<thumbnail>https://image.tmdb.org/t/p/w500/SgYqbVqyxI7R16Shr7oT3MuOM0.jpg</thumbnail>
<fanart>https://$doregex[Address]/logo.png</fanart>
<link>$doregex[makelist]</link>
<regex>
<name>makelist</name>
<listrepeat><![CDATA[
  <title>[makelist.param1]</title>
  <link>https://$doregex[Address2].$doregex[Address]/HowItsMade/[makelist.param1]</link>
  <thumbnail></thumbnail>
  <fanart>https://$doregex[Address]/logo.png</fanart>
]]></listrepeat>
<expres><![CDATA[<a href="(S[^"]*)">(.*?)<]]></expres>
<page>https://$doregex[Address2].$doregex[Address]/HowItsMade/</page>
</regex>
<regex>
<name>Address</name>
<expres><![CDATA["x"="([^"]*)]]></expres>
<page>https://raw.githubusercontent.com/Magic-Dust/MagicDust/master/arconai.txt</page>
</regex>
<regex>
<name>Address2</name>
<expres><![CDATA["a"="([^"]*)]]></expres>
<page>https://raw.githubusercontent.com/Magic-Dust/MagicDust/master/arconai.txt</page>
</regex>
<regex>
<name>Address3</name>
<expres><![CDATA["c"="([^"]*)]]></expres>
<page>https://raw.githubusercontent.com/Magic-Dust/MagicDust/master/arconai.txt</page>
</regex>
</subitem>

<subitem>
<title>Jackass</title>
<thumbnail>http://www.coverbrowser.com/image/tv-series/818-1.jpg</thumbnail>
<fanart>https://$doregex[Address]/logo.png</fanart>
<link>$doregex[makelist]</link>
<regex>
<name>makelist</name>
<listrepeat><![CDATA[
  <title>[makelist.param1]</title>
  <link>https://$doregex[Address2].$doregex[Address]/Jackass/[makelist.param1]</link>
  <thumbnail></thumbnail>
  <fanart>https://$doregex[Address]/logo.png</fanart>
]]></listrepeat>
<expres><![CDATA[<a href="(S[^"]*)">(.*?)<]]></expres>
<page>https://$doregex[Address2].$doregex[Address]/Jackass/</page>
</regex>
<regex>
<name>Address</name>
<expres><![CDATA["x"="([^"]*)]]></expres>
<page>https://raw.githubusercontent.com/Magic-Dust/MagicDust/master/arconai.txt</page>
</regex>
<regex>
<name>Address2</name>
<expres><![CDATA["a"="([^"]*)]]></expres>
<page>https://raw.githubusercontent.com/Magic-Dust/MagicDust/master/arconai.txt</page>
</regex>
<regex>
<name>Address3</name>
<expres><![CDATA["c"="([^"]*)]]></expres>
<page>https://raw.githubusercontent.com/Magic-Dust/MagicDust/master/arconai.txt</page>
</regex>
</subitem>

<subitem>
<title>Key and Peele</title>
<thumbnail>https://fanart.tv/fanart/tv/255325/seasonposter/key--peele-551284ec56b65.jpg</thumbnail>
<fanart>https://$doregex[Address]/logo.png</fanart>
<link>$doregex[makelist]</link>
<regex>
<name>makelist</name>
<listrepeat><![CDATA[
  <title>[makelist.param1]</title>
  <link>https://$doregex[Address2].$doregex[Address]/KeyandPeele/[makelist.param1]</link>
  <thumbnail></thumbnail>
  <fanart>https://$doregex[Address]/logo.png</fanart>
]]></listrepeat>
<expres><![CDATA[<a href="(S[^"]*)">(.*?)<]]></expres>
<page>https://$doregex[Address2].$doregex[Address]/KeyandPeele/</page>
</regex>
<regex>
<name>Address</name>
<expres><![CDATA["x"="([^"]*)]]></expres>
<page>https://raw.githubusercontent.com/Magic-Dust/MagicDust/master/arconai.txt</page>
</regex>
<regex>
<name>Address2</name>
<expres><![CDATA["a"="([^"]*)]]></expres>
<page>https://raw.githubusercontent.com/Magic-Dust/MagicDust/master/arconai.txt</page>
</regex>
<regex>
<name>Address3</name>
<expres><![CDATA["c"="([^"]*)]]></expres>
<page>https://raw.githubusercontent.com/Magic-Dust/MagicDust/master/arconai.txt</page>
</regex>
</subitem>

<subitem>
<title>The Munsters</title>
<thumbnail>https://fanart.tv/fanart/tv/77280/seasonposter/the-munsters-545e1b64851bb.jpg</thumbnail>
<fanart>https://$doregex[Address]/logo.png</fanart>
<link>$doregex[makelist]</link>
<regex>
<name>makelist</name>
<listrepeat><![CDATA[
  <title>[makelist.param1]</title>
  <link>https://$doregex[Address2].$doregex[Address]/TheMunsters/[makelist.param1]</link>
  <thumbnail></thumbnail>
  <fanart>https://$doregex[Address]/logo.png</fanart>
]]></listrepeat>
<expres><![CDATA[<a href="(S[^"]*)">(.*?)<]]></expres>
<page>https://$doregex[Address2].$doregex[Address]/TheMunsters/</page>
</regex>
<regex>
<name>Address</name>
<expres><![CDATA["x"="([^"]*)]]></expres>
<page>https://raw.githubusercontent.com/Magic-Dust/MagicDust/master/arconai.txt</page>
</regex>
<regex>
<name>Address2</name>
<expres><![CDATA["a"="([^"]*)]]></expres>
<page>https://raw.githubusercontent.com/Magic-Dust/MagicDust/master/arconai.txt</page>
</regex>
<regex>
<name>Address3</name>
<expres><![CDATA["c"="([^"]*)]]></expres>
<page>https://raw.githubusercontent.com/Magic-Dust/MagicDust/master/arconai.txt</page>
</regex>
</subitem>

<subitem>
<title>Muppet Show</title>
<thumbnail>https://image.tmdb.org/t/p/w500/8zG2UPwZpJhqU9Csw4INYF2SP3I.jpg</thumbnail>
<fanart>https://$doregex[Address]/logo.png</fanart>
<link>$doregex[makelist]</link>
<regex>
<name>makelist</name>
<listrepeat><![CDATA[
  <title>[makelist.param1]</title>
  <link>$doregex[GetSubVideo]</link>
  <thumbnail></thumbnail>
  <fanart>https://$doregex[Address]/logo.png</fanart>
]]></listrepeat>
<expres><![CDATA[<a href="(S[^"]*)">(.*?)<]]></expres>
<page>https://$doregex[Address2].$doregex[Address]/MuppetShow/</page>
</regex>
<regex>
<name>GetSubVideo</name>
<listrepeat><![CDATA[
  <title>[GetSubVideo.param1]</title>
  <link>https://$doregex[Address2].$doregex[Address]/MuppetShow/[makelist.param2]/[GetSubVideo.param1]</link>
  <thumbnail></thumbnail>
  <fanart>https://$doregex[Address]/logo.png</fanart>
]]></listrepeat>
<expres><![CDATA[<a href="(S[^"]*)">(.*?)]]></expres>
<page>https://$doregex[Address2].$doregex[Address]/MuppetShow/[makelist.param2]</page>
</regex>
<regex>
<name>Address</name>
<expres><![CDATA["x"="([^"]*)]]></expres>
<page>https://raw.githubusercontent.com/Magic-Dust/MagicDust/master/arconai.txt</page>
</regex>
<regex>
<name>Address2</name>
<expres><![CDATA["a"="([^"]*)]]></expres>
<page>https://raw.githubusercontent.com/Magic-Dust/MagicDust/master/arconai.txt</page>
</regex>
<regex>
<name>Address3</name>
<expres><![CDATA["c"="([^"]*)]]></expres>
<page>https://raw.githubusercontent.com/Magic-Dust/MagicDust/master/arconai.txt</page>
</regex>
</subitem>

<subitem>
<title>My Name is Earl</title>
<thumbnail>https://image.tmdb.org/t/p/original/57shLTTkHvhLUhyP1t0lNZPoAxD.jpg</thumbnail>
<fanart>https://$doregex[Address]/logo.png</fanart>
<link>$doregex[makelist]</link>
<regex>
<name>makelist</name>
<listrepeat><![CDATA[
  <title>[makelist.param1]</title>
  <link>https://$doregex[Address2].$doregex[Address]/MyNameisEarl/[makelist.param1]</link>
  <thumbnail></thumbnail>
  <fanart>https://$doregex[Address]/logo.png</fanart>
]]></listrepeat>
<expres><![CDATA[<a href="(S[^"]*)">(.*?)<]]></expres>
<page>https://$doregex[Address2].$doregex[Address]/MyNameisEarl/</page>
</regex>
<regex>
<name>Address</name>
<expres><![CDATA["x"="([^"]*)]]></expres>
<page>https://raw.githubusercontent.com/Magic-Dust/MagicDust/master/arconai.txt</page>
</regex>
<regex>
<name>Address2</name>
<expres><![CDATA["a"="([^"]*)]]></expres>
<page>https://raw.githubusercontent.com/Magic-Dust/MagicDust/master/arconai.txt</page>
</regex>
<regex>
<name>Address3</name>
<expres><![CDATA["c"="([^"]*)]]></expres>
<page>https://raw.githubusercontent.com/Magic-Dust/MagicDust/master/arconai.txt</page>
</regex>
</subitem>

<subitem>
<title>The Office</title>
<thumbnail>https://image.tmdb.org/t/p/original/qWnJzyZhyy74gjpSjIXWmuk0ifX.jpg</thumbnail>
<fanart>https://$doregex[Address]/logo.png</fanart>
<link>$doregex[makelist]</link>
<regex>
<name>makelist</name>
<listrepeat><![CDATA[
  <title>[makelist.param1]</title>
  <link>$doregex[GetSubVideo]</link>
  <thumbnail></thumbnail>
  <fanart>https://$doregex[Address]/logo.png</fanart>
]]></listrepeat>
<expres><![CDATA[<a href="(S[^"]*)">(.*?)<]]></expres>
<page>https://$doregex[Address2].$doregex[Address]/Office/</page>
</regex>
<regex>
<name>GetSubVideo</name>
<listrepeat><![CDATA[
  <title>[GetSubVideo.param1]</title>
  <link>https://$doregex[Address2].$doregex[Address]/Office/[makelist.param2]/[GetSubVideo.param1]</link>
  <thumbnail></thumbnail>
  <fanart>https://$doregex[Address]/logo.png</fanart>
]]></listrepeat>
<expres><![CDATA[<a href="(S[^"]*)">(.*?)]]></expres>
<page>https://$doregex[Address2].$doregex[Address]/Office/[makelist.param2]</page>
</regex>
<regex>
<name>Address</name>
<expres><![CDATA["x"="([^"]*)]]></expres>
<page>https://raw.githubusercontent.com/Magic-Dust/MagicDust/master/arconai.txt</page>
</regex>
<regex>
<name>Address2</name>
<expres><![CDATA["a"="([^"]*)]]></expres>
<page>https://raw.githubusercontent.com/Magic-Dust/MagicDust/master/arconai.txt</page>
</regex>
<regex>
<name>Address3</name>
<expres><![CDATA["c"="([^"]*)]]></expres>
<page>https://raw.githubusercontent.com/Magic-Dust/MagicDust/master/arconai.txt</page>
</regex>
</subitem>

<subitem>
<title>Parks And Rec</title>
<thumbnail>https://image.tmdb.org/t/p/w500/17MBP8R6FWBUftLeipCY5RH8tjh.jpg</thumbnail>
<fanart>https://$doregex[Address]/logo.png</fanart>
<link>$doregex[makelist]</link>
<regex>
<name>makelist</name>
<listrepeat><![CDATA[
  <title>[makelist.param1]</title>
  <link>$doregex[GetSubVideo]</link>
  <thumbnail></thumbnail>
  <fanart>https://$doregex[Address]/logo.png</fanart>
]]></listrepeat>
<expres><![CDATA[<a href="(S[^"]*)">(.*?)<]]></expres>
<page>https://$doregex[Address2].$doregex[Address]/ParksAndRec/</page>
</regex>
<regex>
<name>GetSubVideo</name>
<listrepeat><![CDATA[
  <title>[GetSubVideo.param1]</title>
  <link>https://$doregex[Address2].$doregex[Address]/ParksAndRec/[makelist.param2]/[GetSubVideo.param1]</link>
  <thumbnail></thumbnail>
  <fanart>https://$doregex[Address]/logo.png</fanart>
]]></listrepeat>
<expres><![CDATA[<a href="(S[^"]*)">(.*?)]]></expres>
<page>https://$doregex[Address2].$doregex[Address]/ParksAndRec/[makelist.param2]</page>
</regex>
<regex>
<name>Address</name>
<expres><![CDATA["x"="([^"]*)]]></expres>
<page>https://raw.githubusercontent.com/Magic-Dust/MagicDust/master/arconai.txt</page>
</regex>
<regex>
<name>Address2</name>
<expres><![CDATA["a"="([^"]*)]]></expres>
<page>https://raw.githubusercontent.com/Magic-Dust/MagicDust/master/arconai.txt</page>
</regex>
<regex>
<name>Address3</name>
<expres><![CDATA["c"="([^"]*)]]></expres>
<page>https://raw.githubusercontent.com/Magic-Dust/MagicDust/master/arconai.txt</page>
</regex>
</subitem>

<subitem>
<title>Ren & Stimpy</title>
<thumbnail>https://m.media-amazon.com/images/M/MV5BODdmNDhkMzItMjdjNC00OGNkLWJjNzEtZGY1OTE1MWUzNGU5XkEyXkFqcGdeQXVyNTAyODkwOQ@@._V1_UY1200_CR106,0,630,1200_AL_.jpg</thumbnail>
<fanart>https://$doregex[Address]/logo.png</fanart>
<link>$doregex[makelist]</link>
<regex>
<name>makelist</name>
<listrepeat><![CDATA[
  <title>[makelist.param1]</title>
  <link>$doregex[GetSubVideo]</link>
  <thumbnail></thumbnail>
  <fanart>https://$doregex[Address]/logo.png</fanart>
]]></listrepeat>
<expres><![CDATA[<a href="(S[^"]*)">(.*?)<]]></expres>
<page>https://$doregex[Address2].$doregex[Address]/RenStimpy/</page>
</regex>
<regex>
<name>GetSubVideo</name>
<listrepeat><![CDATA[
  <title>[GetSubVideo.param1]</title>
  <link>https://$doregex[Address2].$doregex[Address]/RenStimpy/[makelist.param2]/[GetSubVideo.param1]</link>
  <thumbnail></thumbnail>
  <fanart>https://$doregex[Address]/logo.png</fanart>
]]></listrepeat>
<expres><![CDATA[<a href="(S[^"]*)">(.*?)]]></expres>
<page>https://$doregex[Address2].$doregex[Address]/RenStimpy/[makelist.param2]</page>
</regex>
<regex>
<name>Address</name>
<expres><![CDATA["x"="([^"]*)]]></expres>
<page>https://raw.githubusercontent.com/Magic-Dust/MagicDust/master/arconai.txt</page>
</regex>
<regex>
<name>Address2</name>
<expres><![CDATA["a"="([^"]*)]]></expres>
<page>https://raw.githubusercontent.com/Magic-Dust/MagicDust/master/arconai.txt</page>
</regex>
<regex>
<name>Address3</name>
<expres><![CDATA["c"="([^"]*)]]></expres>
<page>https://raw.githubusercontent.com/Magic-Dust/MagicDust/master/arconai.txt</page>
</regex>
</subitem>

<subitem>
<title>Reno 911 S7</title>
<thumbnail>https://fanart.tv/fanart/tv/72336/seasonposter/reno-911-546a38b968fa3.jpg</thumbnail>
<fanart>https://$doregex[Address]/logo.png</fanart>
<link>$doregex[makelist]</link>
<regex>
<name>makelist</name>
<listrepeat><![CDATA[
  <title>[makelist.param1]</title>
  <link>https://$doregex[Address3].$doregex[Address]/Reno911/[makelist.param1]</link>
  <thumbnail></thumbnail>
  <fanart>https://$doregex[Address]/logo.png</fanart>
]]></listrepeat>
<expres><![CDATA[<a href="(S[^"]*)">(.*?)<]]></expres>
<page>https://$doregex[Address3].$doregex[Address]/Reno911/</page>
</regex>
<regex>
<name>Address</name>
<expres><![CDATA["x"="([^"]*)]]></expres>
<page>https://raw.githubusercontent.com/Magic-Dust/MagicDust/master/arconai.txt</page>
</regex>
<regex>
<name>Address2</name>
<expres><![CDATA["a"="([^"]*)]]></expres>
<page>https://raw.githubusercontent.com/Magic-Dust/MagicDust/master/arconai.txt</page>
</regex>
<regex>
<name>Address3</name>
<expres><![CDATA["c"="([^"]*)]]></expres>
<page>https://raw.githubusercontent.com/Magic-Dust/MagicDust/master/arconai.txt</page>
</regex>
</subitem>

<subitem>
<title>Reno 911 S1-6</title>
<thumbnail>https://fanart.tv/fanart/tv/72336/seasonposter/reno-911-546a38b968fa3.jpg</thumbnail>
<fanart>https://$doregex[Address]/logo.png</fanart>
<link>$doregex[makelist]</link>
<regex>
<name>makelist</name>
<listrepeat><![CDATA[
  <title>[makelist.param1]</title>
  <link>https://$doregex[Address2].$doregex[Address]/reno/[makelist.param1]</link>
  <thumbnail></thumbnail>
  <fanart>https://$doregex[Address]/logo.png</fanart>
]]></listrepeat>
<expres><![CDATA[<a href="(S[^"]*)">(.*?)<]]></expres>
<page>https://$doregex[Address2].$doregex[Address]/reno/</page>
</regex>
<regex>
<name>Address</name>
<expres><![CDATA["x"="([^"]*)]]></expres>
<page>https://raw.githubusercontent.com/Magic-Dust/MagicDust/master/arconai.txt</page>
</regex>
<regex>
<name>Address2</name>
<expres><![CDATA["a"="([^"]*)]]></expres>
<page>https://raw.githubusercontent.com/Magic-Dust/MagicDust/master/arconai.txt</page>
</regex>
<regex>
<name>Address3</name>
<expres><![CDATA["c"="([^"]*)]]></expres>
<page>https://raw.githubusercontent.com/Magic-Dust/MagicDust/master/arconai.txt</page>
</regex>
</subitem>

<subitem>
<title>Silicon Valley</title>
<thumbnail>https://images-na.ssl-images-amazon.com/images/M/MV5BMTgwNTUzNzIxM15BMl5BanBnXkFtZTgwMzQ1NTk2ODE@._V1_UY1200_CR90,0,630,1200_AL_.jpg</thumbnail>
<fanart>https://$doregex[Address]/logo.png</fanart>
<link>$doregex[makelist]</link>
<regex>
<name>makelist</name>
<listrepeat><![CDATA[
  <title>[makelist.param1]</title>
  <link>https://$doregex[Address2].$doregex[Address]/SiliconValley/[makelist.param1]</link>
  <thumbnail></thumbnail>
  <fanart>https://$doregex[Address]/logo.png</fanart>
]]></listrepeat>
<expres><![CDATA[<a href="(S[^"]*)">(.*?)<]]></expres>
<page>https://$doregex[Address2].$doregex[Address]/SiliconValley/</page>
</regex>
<regex>
<name>Address</name>
<expres><![CDATA["x"="([^"]*)]]></expres>
<page>https://raw.githubusercontent.com/Magic-Dust/MagicDust/master/arconai.txt</page>
</regex>
<regex>
<name>Address2</name>
<expres><![CDATA["a"="([^"]*)]]></expres>
<page>https://raw.githubusercontent.com/Magic-Dust/MagicDust/master/arconai.txt</page>
</regex>
<regex>
<name>Address3</name>
<expres><![CDATA["c"="([^"]*)]]></expres>
<page>https://raw.githubusercontent.com/Magic-Dust/MagicDust/master/arconai.txt</page>
</regex>
</subitem>

<subitem>
<title>Sopranos</title>
<thumbnail>https://image.tmdb.org/t/p/original/u7dlARwP2zsqHaMNL5HtHhaEPea.jpg</thumbnail>
<fanart>https://$doregex[Address]/logo.png</fanart>
<link>$doregex[makelist]</link>
<regex>
<name>makelist</name>
<listrepeat><![CDATA[
  <title>[makelist.param1]</title>
  <link>https://$doregex[Address2].$doregex[Address]/Sopranos/[makelist.param1]</link>
  <thumbnail></thumbnail>
  <fanart>https://$doregex[Address]/logo.png</fanart>
]]></listrepeat>
<expres><![CDATA[<a href="(S[^"]*)">(.*?)<]]></expres>
<page>https://$doregex[Address2].$doregex[Address]/Sopranos/</page>
</regex>
<regex>
<name>Address</name>
<expres><![CDATA["x"="([^"]*)]]></expres>
<page>https://raw.githubusercontent.com/Magic-Dust/MagicDust/master/arconai.txt</page>
</regex>
<regex>
<name>Address2</name>
<expres><![CDATA["a"="([^"]*)]]></expres>
<page>https://raw.githubusercontent.com/Magic-Dust/MagicDust/master/arconai.txt</page>
</regex>
<regex>
<name>Address3</name>
<expres><![CDATA["c"="([^"]*)]]></expres>
<page>https://raw.githubusercontent.com/Magic-Dust/MagicDust/master/arconai.txt</page>
</regex>
</subitem>

<subitem>
<title>Stranger Things</title>
<thumbnail>https://image.tmdb.org/t/p/original/kpZHlOFAQitAj8f9gGhKBaIYWfJ.jpg</thumbnail>
<fanart>https://$doregex[Address]/logo.png</fanart>
<link>$doregex[makelist]</link>
<regex>
<name>makelist</name>
<listrepeat><![CDATA[
  <title>[makelist.param1]</title>
  <link>https://$doregex[Address2].$doregex[Address]/StrangerThings/[makelist.param1]</link>
  <thumbnail></thumbnail>
  <fanart>https://$doregex[Address]/logo.png</fanart>
]]></listrepeat>
<expres><![CDATA[<a href="(S[^"]*)">(.*?)<]]></expres>
<page>https://$doregex[Address2].$doregex[Address]/StrangerThings/</page>
</regex>
<regex>
<name>Address</name>
<expres><![CDATA["x"="([^"]*)]]></expres>
<page>https://raw.githubusercontent.com/Magic-Dust/MagicDust/master/arconai.txt</page>
</regex>
<regex>
<name>Address2</name>
<expres><![CDATA["a"="([^"]*)]]></expres>
<page>https://raw.githubusercontent.com/Magic-Dust/MagicDust/master/arconai.txt</page>
</regex>
<regex>
<name>Address3</name>
<expres><![CDATA["c"="([^"]*)]]></expres>
<page>https://raw.githubusercontent.com/Magic-Dust/MagicDust/master/arconai.txt</page>
</regex>
</subitem>

<subitem>
<title>That 70s Show</title>
<thumbnail>https://m.media-amazon.com/images/M/MV5BN2RkZGE0MjAtZGVkOS00MzVhLTg0OWItZTc4OGRjOTQ1ZTM4XkEyXkFqcGdeQXVyNTA4NzY1MzY@._V1_.jpg</thumbnail>
<fanart>https://$doregex[Address]/logo.png</fanart>
<link>$doregex[makelist]</link>
<regex>
<name>makelist</name>
<listrepeat><![CDATA[
  <title>[makelist.param1]</title>
  <link>https://$doregex[Address2].$doregex[Address]/That70sShow/[makelist.param1]</link>
  <thumbnail></thumbnail>
  <fanart>https://$doregex[Address]/logo.png</fanart>
]]></listrepeat>
<expres><![CDATA[<a href="(S[^"]*)">(.*?)<]]></expres>
<page>https://$doregex[Address2].$doregex[Address]/That70sShow/</page>
</regex>
<regex>
<name>Address</name>
<expres><![CDATA["x"="([^"]*)]]></expres>
<page>https://raw.githubusercontent.com/Magic-Dust/MagicDust/master/arconai.txt</page>
</regex>
<regex>
<name>Address2</name>
<expres><![CDATA["a"="([^"]*)]]></expres>
<page>https://raw.githubusercontent.com/Magic-Dust/MagicDust/master/arconai.txt</page>
</regex>
<regex>
<name>Address3</name>
<expres><![CDATA["c"="([^"]*)]]></expres>
<page>https://raw.githubusercontent.com/Magic-Dust/MagicDust/master/arconai.txt</page>
</regex>
</subitem>

<subitem>
<title>Vikings</title>
<thumbnail>https://image.tmdb.org/t/p/original/p04ZgfQMi71zC1W0rbQvJv6kwy0.jpg</thumbnail>
<fanart>https://$doregex[Address]/logo.png</fanart>
<link>$doregex[makelist]</link>
<regex>
<name>makelist</name>
<listrepeat><![CDATA[
  <title>[makelist.param1]</title>
  <link>https://$doregex[Address3].$doregex[Address]/Vikings/[makelist.param1]</link>
  <thumbnail></thumbnail>
  <fanart>https://$doregex[Address]/logo.png</fanart>
]]></listrepeat>
<expres><![CDATA[<a href="(S[^"]*)">(.*?)<]]></expres>
<page>https://$doregex[Address3].$doregex[Address]/Vikings/</page>
</regex>
<regex>
<name>Address</name>
<expres><![CDATA["x"="([^"]*)]]></expres>
<page>https://raw.githubusercontent.com/Magic-Dust/MagicDust/master/arconai.txt</page>
</regex>
<regex>
<name>Address2</name>
<expres><![CDATA["a"="([^"]*)]]></expres>
<page>https://raw.githubusercontent.com/Magic-Dust/MagicDust/master/arconai.txt</page>
</regex>
<regex>
<name>Address3</name>
<expres><![CDATA["c"="([^"]*)]]></expres>
<page>https://raw.githubusercontent.com/Magic-Dust/MagicDust/master/arconai.txt</page>
</regex>
</subitem>

<subitem>
<title>Weeds</title>
<thumbnail>https://fanart.tv/fanart/tv/74845/tvposter/weeds-522504ee69687.jpg</thumbnail>
<fanart>https://$doregex[Address]/logo.png</fanart>
<link>$doregex[makelist]</link>
<regex>
<name>makelist</name>
<listrepeat><![CDATA[
  <title>[makelist.param1]</title>
  <link>https://$doregex[Address3].$doregex[Address]/Weeds/[makelist.param1]</link>
  <thumbnail></thumbnail>
  <fanart>https://$doregex[Address]/logo.png</fanart>
]]></listrepeat>
<expres><![CDATA[<a href="(S[^"]*)">(.*?)<]]></expres>
<page>https://$doregex[Address3].$doregex[Address]/Weeds/</page>
</regex>
<regex>
<name>Address</name>
<expres><![CDATA["x"="([^"]*)]]></expres>
<page>https://raw.githubusercontent.com/Magic-Dust/MagicDust/master/arconai.txt</page>
</regex>
<regex>
<name>Address2</name>
<expres><![CDATA["a"="([^"]*)]]></expres>
<page>https://raw.githubusercontent.com/Magic-Dust/MagicDust/master/arconai.txt</page>
</regex>
<regex>
<name>Address3</name>
<expres><![CDATA["c"="([^"]*)]]></expres>
<page>https://raw.githubusercontent.com/Magic-Dust/MagicDust/master/arconai.txt</page>
</regex>
</subitem>

<subitem>
<title>XFiles</title>
<thumbnail>https://image.tmdb.org/t/p/original/2l6y5EvECIztuJ5NmGnL43nLqYQ.jpg</thumbnail>
<fanart>https://$doregex[Address]/logo.png</fanart>
<link>$doregex[makelist]</link>
<regex>
<name>makelist</name>
<listrepeat><![CDATA[
  <title>[makelist.param1]</title>
  <link>https://$doregex[Address2].$doregex[Address]/XFiles/[makelist.param1]</link>
  <thumbnail></thumbnail>
  <fanart>https://$doregex[Address]/logo.png</fanart>
]]></listrepeat>
<expres><![CDATA[<a href="(S[^"]*)">(.*?)<]]></expres>
<page>https://$doregex[Address2].$doregex[Address]/XFiles/</page>
</regex>
<regex>
<name>Address</name>
<expres><![CDATA["x"="([^"]*)]]></expres>
<page>https://raw.githubusercontent.com/Magic-Dust/MagicDust/master/arconai.txt</page>
</regex>
<regex>
<name>Address2</name>
<expres><![CDATA["a"="([^"]*)]]></expres>
<page>https://raw.githubusercontent.com/Magic-Dust/MagicDust/master/arconai.txt</page>
</regex>
<regex>
<name>Address3</name>
<expres><![CDATA["c"="([^"]*)]]></expres>
<page>https://raw.githubusercontent.com/Magic-Dust/MagicDust/master/arconai.txt</page>
</regex>
</subitem>

</subitems>
</items>
</subchannel>
</channel>
</channels>
