<item>
<title>Movies 1</title>
<thumbnail>https://images.besttemplates.com/502/Movies-Night-Flyer(1).jpg</thumbnail>
<fanart>https://$doregex[Address]/logo.png</fanart>
<link>$doregex[makelist]</link>
<regex>
<name>makelist</name>
<listrepeat><![CDATA[
  <title>[makelist.param1]</title>
  <link>https://$doregex[Address2].$doregex[Address]/Movies/[makelist.param1]</link>
  <thumbnail></thumbnail>
  <fanart>https://$doregex[Address]/logo.png</fanart>
]]></listrepeat>
<expres><![CDATA[<a href="([^"]*)">(.*?)<]]></expres>
<page>https://$doregex[Address2].$doregex[Address]/Movies/</page>
</regex>
<regex>
<name>Address</name>
<expres><![CDATA["x"="([^"]*)]]></expres>
<page>https://raw.githubusercontent.com/Magic-Dust/MagicDust/master/arconai.txt</page>
</regex>
<regex>
<name>Address2</name>
<expres><![CDATA["a"="([^"]*)]]></expres>
<page>https://raw.githubusercontent.com/Magic-Dust/MagicDust/master/arconai.txt</page>
</regex>
<regex>
<name>Address3</name>
<expres><![CDATA["c"="([^"]*)]]></expres>
<page>https://raw.githubusercontent.com/Magic-Dust/MagicDust/master/arconai.txt</page>
</regex>
</item>

<item>
<title>Movies 2</title>
<thumbnail>https://images.besttemplates.com/502/Movies-Night-Flyer(1).jpg</thumbnail>
<fanart>https://$doregex[Address]/logo.png</fanart>
<link>$doregex[makelist]</link>
<regex>
<name>makelist</name>
<listrepeat><![CDATA[
  <title>[makelist.param1]</title>
  <link>https://$doregex[Address3].$doregex[Address]/Movies/[makelist.param1]</link>
  <thumbnail></thumbnail>
  <fanart>https://$doregex[Address]/logo.png</fanart>
]]></listrepeat>
<expres><![CDATA[<a href="([^"]*)">(.*?)<]]></expres>
<page>https://$doregex[Address3].$doregex[Address]/Movies/</page>
</regex>
<regex>
<name>Address</name>
<expres><![CDATA["x"="([^"]*)]]></expres>
<page>https://raw.githubusercontent.com/Magic-Dust/MagicDust/master/arconai.txt</page>
</regex>
<regex>
<name>Address2</name>
<expres><![CDATA["a"="([^"]*)]]></expres>
<page>https://raw.githubusercontent.com/Magic-Dust/MagicDust/master/arconai.txt</page>
</regex>
<regex>
<name>Address3</name>
<expres><![CDATA["c"="([^"]*)]]></expres>
<page>https://raw.githubusercontent.com/Magic-Dust/MagicDust/master/arconai.txt</page>
</regex>
</item>