<item>
<title>Addams Family</title>
<thumbnail>https://images-na.ssl-images-amazon.com/images/M/MV5BYTE4YzEyNDYtMDUyZi00MTVkLThjMmYtZmU0NmFiZjE1MmI0XkEyXkFqcGdeQXVyMDgyNjA5MA@@._V1_UY1200_CR20,0,630,1200_AL_.jpg</thumbnail>
<fanart>https://$doregex[Address]/logo.png</fanart>
<link>$doregex[makelist]</link>
<regex>
<name>makelist</name>
<listrepeat><![CDATA[
  <title>[makelist.param1]</title>
  <link>https://$doregex[Address2].$doregex[Address]/AddamsFamily/[makelist.param1]</link>
  <thumbnail></thumbnail>
  <fanart>https://$doregex[Address]/logo.png</fanart>
]]></listrepeat>
<expres><![CDATA[<a href="(S[^"]*)">(.*?)<]]></expres>
<page>https://$doregex[Address2].$doregex[Address]/AddamsFamily/</page>
</regex>
<regex>
<name>Address</name>
<expres><![CDATA["x"="([^"]*)]]></expres>
<page>https://raw.githubusercontent.com/Magic-Dust/MagicDust/master/arconai.txt</page>
</regex>
<regex>
<name>Address2</name>
<expres><![CDATA["a"="([^"]*)]]></expres>
<page>https://raw.githubusercontent.com/Magic-Dust/MagicDust/master/arconai.txt</page>
</regex>
<regex>
<name>Address3</name>
<expres><![CDATA["c"="([^"]*)]]></expres>
<page>https://raw.githubusercontent.com/Magic-Dust/MagicDust/master/arconai.txt</page>
</regex>
</item>

<item>
<title>Always Sunny in Philadelphia S1-13</title>
<thumbnail>https://thetvdb.com/banners/posters/75805-2.jpg</thumbnail>
<fanart>https://$doregex[Address]/logo.png</fanart>
<link>$doregex[makelist]</link>
<regex>
<name>makelist</name>
<listrepeat><![CDATA[
  <title>[makelist.param1]</title>
  <link>https://$doregex[Address2].$doregex[Address]/Sunny/[makelist.param1]</link>
  <thumbnail></thumbnail>
  <fanart>https://$doregex[Address]/logo.png</fanart>
]]></listrepeat>
<expres><![CDATA[<a href="(S[^"]*)">(.*?)<]]></expres>
<page>https://$doregex[Address2].$doregex[Address]/Sunny/</page>
</regex>
<regex>
<name>Address</name>
<expres><![CDATA["x"="([^"]*)]]></expres>
<page>https://raw.githubusercontent.com/Magic-Dust/MagicDust/master/arconai.txt</page>
</regex>
<regex>
<name>Address2</name>
<expres><![CDATA["a"="([^"]*)]]></expres>
<page>https://raw.githubusercontent.com/Magic-Dust/MagicDust/master/arconai.txt</page>
</regex>
<regex>
<name>Address3</name>
<expres><![CDATA["c"="([^"]*)]]></expres>
<page>https://raw.githubusercontent.com/Magic-Dust/MagicDust/master/arconai.txt</page>
</regex>
</item>

<item>
<title>Always Sunny in Philadelphia S14</title>
<thumbnail>https://thetvdb.com/banners/posters/75805-2.jpg</thumbnail>
<fanart>https://$doregex[Address]/logo.png</fanart>
<link>$doregex[makelist]</link>
<regex>
<name>makelist</name>
<listrepeat><![CDATA[
  <title>[makelist.param1]</title>
  <link>https://$doregex[Address2].$doregex[Address]/AlwaysSunny/[makelist.param1]</link>
  <thumbnail></thumbnail>
  <fanart>https://$doregex[Address]/logo.png</fanart>
]]></listrepeat>
<expres><![CDATA[<a href="(S[^"]*)">(.*?)<]]></expres>
<page>https://$doregex[Address2].$doregex[Address]/AlwaysSunny/</page>
</regex>
<regex>
<name>Address</name>
<expres><![CDATA["x"="([^"]*)]]></expres>
<page>https://raw.githubusercontent.com/Magic-Dust/MagicDust/master/arconai.txt</page>
</regex>
<regex>
<name>Address2</name>
<expres><![CDATA["a"="([^"]*)]]></expres>
<page>https://raw.githubusercontent.com/Magic-Dust/MagicDust/master/arconai.txt</page>
</regex>
<regex>
<name>Address3</name>
<expres><![CDATA["c"="([^"]*)]]></expres>
<page>https://raw.githubusercontent.com/Magic-Dust/MagicDust/master/arconai.txt</page>
</regex>
</item>

<item>
<title>Arrested Development</title>
<thumbnail>https://image.tmdb.org/t/p/original/v3T8Ey3aHlCpWHhSyvEF2yiNICh.jpg</thumbnail>
<fanart>https://$doregex[Address]/logo.png</fanart>
<link>$doregex[makelist]</link>
<regex>
<name>makelist</name>
<listrepeat><![CDATA[
  <title>[makelist.param1]</title>
  <link>https://$doregex[Address2].$doregex[Address]/ArrestedDevelopment/[makelist.param1]</link>
  <thumbnail></thumbnail>
  <fanart>https://$doregex[Address]/logo.png</fanart>
]]></listrepeat>
<expres><![CDATA[<a href="(S[^"]*)">(.*?)<]]></expres>
<page>https://$doregex[Address2].$doregex[Address]/ArrestedDevelopment/</page>
</regex>
<regex>
<name>Address</name>
<expres><![CDATA["x"="([^"]*)]]></expres>
<page>https://raw.githubusercontent.com/Magic-Dust/MagicDust/master/arconai.txt</page>
</regex>
<regex>
<name>Address2</name>
<expres><![CDATA["a"="([^"]*)]]></expres>
<page>https://raw.githubusercontent.com/Magic-Dust/MagicDust/master/arconai.txt</page>
</regex>
<regex>
<name>Address3</name>
<expres><![CDATA["c"="([^"]*)]]></expres>
<page>https://raw.githubusercontent.com/Magic-Dust/MagicDust/master/arconai.txt</page>
</regex>
</item>

<item>
<title>Baa Baa Black Sheep</title>
<thumbnail>https://media.boingboing.net/wp-content/uploads/2015/08/811HDP4jb6L._SL1500_.jpg</thumbnail>
<fanart>https://$doregex[Address]/logo.png</fanart>
<link>$doregex[makelist]</link>
<regex>
<name>makelist</name>
<listrepeat><![CDATA[
  <title>[makelist.param1]</title>
  <link>https://$doregex[Address3].$doregex[Address]/BaaBaaBlackSheep/[makelist.param1]</link>
  <thumbnail></thumbnail>
  <fanart>https://$doregex[Address]/logo.png</fanart>
]]></listrepeat>
<expres><![CDATA[<a href="(S[^"]*)">(.*?)<]]></expres>
<page>https://$doregex[Address3].$doregex[Address]/BaaBaaBlackSheep/</page>
</regex>
<regex>
<name>Address</name>
<expres><![CDATA["x"="([^"]*)]]></expres>
<page>https://raw.githubusercontent.com/Magic-Dust/MagicDust/master/arconai.txt</page>
</regex>
<regex>
<name>Address2</name>
<expres><![CDATA["a"="([^"]*)]]></expres>
<page>https://raw.githubusercontent.com/Magic-Dust/MagicDust/master/arconai.txt</page>
</regex>
<regex>
<name>Address3</name>
<expres><![CDATA["c"="([^"]*)]]></expres>
<page>https://raw.githubusercontent.com/Magic-Dust/MagicDust/master/arconai.txt</page>
</regex>
</item>

<item>
<title>Battle Star Galactica S1</title>
<thumbnail>https://fanart.tv/fanart/movies/69315/movieposter/battlestar-galactica-razor-539f394cc9772.jpg</thumbnail>
<fanart>https://$doregex[Address]/logo.png</fanart>
<link>$doregex[makelist]</link>
<regex>
<name>makelist</name>
<listrepeat><![CDATA[
  <title>[makelist.param1]</title>
  <link>https://$doregex[Address2].$doregex[Address]/BSG/[makelist.param1]</link>
  <thumbnail></thumbnail>
  <fanart>https://$doregex[Address]/logo.png</fanart>
]]></listrepeat>
<expres><![CDATA[<a href="(S[^"]*)">(.*?)<]]></expres>
<page>https://$doregex[Address2].$doregex[Address]/BSG/</page>
</regex>
<regex>
<name>Address</name>
<expres><![CDATA["x"="([^"]*)]]></expres>
<page>https://raw.githubusercontent.com/Magic-Dust/MagicDust/master/arconai.txt</page>
</regex>
<regex>
<name>Address2</name>
<expres><![CDATA["a"="([^"]*)]]></expres>
<page>https://raw.githubusercontent.com/Magic-Dust/MagicDust/master/arconai.txt</page>
</regex>
<regex>
<name>Address3</name>
<expres><![CDATA["c"="([^"]*)]]></expres>
<page>https://raw.githubusercontent.com/Magic-Dust/MagicDust/master/arconai.txt</page>
</regex>
</item>

<item>
<title>Battle Star Galactica S2-S4</title>
<thumbnail>https://fanart.tv/fanart/movies/69315/movieposter/battlestar-galactica-razor-539f394cc9772.jpg</thumbnail>
<fanart>https://$doregex[Address]/logo.png</fanart>
<link>$doregex[makelist]</link>
<regex>
<name>makelist</name>
<listrepeat><![CDATA[
  <title>[makelist.param1]</title>
  <link>https://$doregex[Address3].$doregex[Address]/BSG/[makelist.param1]</link>
  <thumbnail></thumbnail>
  <fanart>https://$doregex[Address]/logo.png</fanart>
]]></listrepeat>
<expres><![CDATA[<a href="(S[^"]*)">(.*?)<]]></expres>
<page>https://$doregex[Address3].$doregex[Address]/BSG/</page>
</regex>
<regex>
<name>Address</name>
<expres><![CDATA["x"="([^"]*)]]></expres>
<page>https://raw.githubusercontent.com/Magic-Dust/MagicDust/master/arconai.txt</page>
</regex>
<regex>
<name>Address2</name>
<expres><![CDATA["a"="([^"]*)]]></expres>
<page>https://raw.githubusercontent.com/Magic-Dust/MagicDust/master/arconai.txt</page>
</regex>
<regex>
<name>Address3</name>
<expres><![CDATA["c"="([^"]*)]]></expres>
<page>https://raw.githubusercontent.com/Magic-Dust/MagicDust/master/arconai.txt</page>
</regex>
</item>

<item>
<title>Better Call Saul</title>
<thumbnail>https://fanart.tv/fanart/tv/273181/seasonposter/better-call-saul-5b388e8d8e503.jpg</thumbnail>
<fanart>https://$doregex[Address]/logo.png</fanart>
<link>$doregex[makelist]</link>
<regex>
<name>makelist</name>
<listrepeat><![CDATA[
  <title>[makelist.param1]</title>
  <link>https://$doregex[Address2].$doregex[Address]/BetterCallSaul/[makelist.param1]</link>
  <thumbnail></thumbnail>
  <fanart>https://$doregex[Address]/logo.png</fanart>
]]></listrepeat>
<expres><![CDATA[<a href="(S[^"]*)">(.*?)<]]></expres>
<page>https://$doregex[Address2].$doregex[Address]/BetterCallSaul/</page>
</regex>
<regex>
<name>Address</name>
<expres><![CDATA["x"="([^"]*)]]></expres>
<page>https://raw.githubusercontent.com/Magic-Dust/MagicDust/master/arconai.txt</page>
</regex>
<regex>
<name>Address2</name>
<expres><![CDATA["a"="([^"]*)]]></expres>
<page>https://raw.githubusercontent.com/Magic-Dust/MagicDust/master/arconai.txt</page>
</regex>
<regex>
<name>Address3</name>
<expres><![CDATA["c"="([^"]*)]]></expres>
<page>https://raw.githubusercontent.com/Magic-Dust/MagicDust/master/arconai.txt</page>
</regex>
</item>

<item>
<title>Game of Thrones</title>
<thumbnail>https://oyster.ignimgs.com/wordpress/stg.ign.com/2017/09/1-1-720x992.png</thumbnail>
<fanart>https://$doregex[Address]/logo.png</fanart>
<link>$doregex[makelist]</link>
<regex>
<name>makelist</name>
<listrepeat><![CDATA[
  <title>[makelist.param1]</title>
  <link>https://$doregex[Address3].$doregex[Address]/GameofThrones/[makelist.param1]</link>
  <thumbnail></thumbnail>
  <fanart>https://$doregex[Address]/logo.png</fanart>
]]></listrepeat>
<expres><![CDATA[<a href="(S[^"]*)">(.*?)<]]></expres>
<page>https://$doregex[Address3].$doregex[Address]/GameofThrones/</page>
</regex>
<regex>
<name>Address</name>
<expres><![CDATA["x"="([^"]*)]]></expres>
<page>https://raw.githubusercontent.com/Magic-Dust/MagicDust/master/arconai.txt</page>
</regex>
<regex>
<name>Address2</name>
<expres><![CDATA["a"="([^"]*)]]></expres>
<page>https://raw.githubusercontent.com/Magic-Dust/MagicDust/master/arconai.txt</page>
</regex>
<regex>
<name>Address3</name>
<expres><![CDATA["c"="([^"]*)]]></expres>
<page>https://raw.githubusercontent.com/Magic-Dust/MagicDust/master/arconai.txt</page>
</regex>
</item>

<item>
<title>Greys Anatomy</title>
<thumbnail>https://fanart.tv/fanart/tv/73762/seasonposter/greys-anatomy-57e7acea50214.jpg</thumbnail>
<fanart>https://$doregex[Address]/logo.png</fanart>
<link>$doregex[makelist]</link>
<regex>
<name>makelist</name>
<listrepeat><![CDATA[
  <title>[makelist.param1]</title>
  <link>https://$doregex[Address2].$doregex[Address]/Greys/[makelist.param1]</link>
  <thumbnail></thumbnail>
  <fanart>https://$doregex[Address]/logo.png</fanart>
]]></listrepeat>
<expres><![CDATA[<a href="(S[^"]*)">(.*?)<]]></expres>
<page>https://$doregex[Address2].$doregex[Address]/Greys/</page>
</regex>
<regex>
<name>Address</name>
<expres><![CDATA["x"="([^"]*)]]></expres>
<page>https://raw.githubusercontent.com/Magic-Dust/MagicDust/master/arconai.txt</page>
</regex>
<regex>
<name>Address2</name>
<expres><![CDATA["a"="([^"]*)]]></expres>
<page>https://raw.githubusercontent.com/Magic-Dust/MagicDust/master/arconai.txt</page>
</regex>
<regex>
<name>Address3</name>
<expres><![CDATA["c"="([^"]*)]]></expres>
<page>https://raw.githubusercontent.com/Magic-Dust/MagicDust/master/arconai.txt</page>
</regex>
</item>

<item>
<title>House</title>
<thumbnail>https://upload.wikimedia.org/wikipedia/en/e/ee/House_S8_DVD.jpg</thumbnail>
<fanart>https://$doregex[Address]/logo.png</fanart>
<link>$doregex[makelist]</link>
<regex>
<name>makelist</name>
<listrepeat><![CDATA[
  <title>[makelist.param1]</title>
  <link>https://$doregex[Address2].$doregex[Address]/House/[makelist.param1]</link>
  <thumbnail></thumbnail>
  <fanart>https://$doregex[Address]/logo.png</fanart>
]]></listrepeat>
<expres><![CDATA[<a href="(S[^"]*)">(.*?)<]]></expres>
<page>https://$doregex[Address2].$doregex[Address]/House/</page>
</regex>
<regex>
<name>Address</name>
<expres><![CDATA["x"="([^"]*)]]></expres>
<page>https://raw.githubusercontent.com/Magic-Dust/MagicDust/master/arconai.txt</page>
</regex>
<regex>
<name>Address2</name>
<expres><![CDATA["a"="([^"]*)]]></expres>
<page>https://raw.githubusercontent.com/Magic-Dust/MagicDust/master/arconai.txt</page>
</regex>
<regex>
<name>Address3</name>
<expres><![CDATA["c"="([^"]*)]]></expres>
<page>https://raw.githubusercontent.com/Magic-Dust/MagicDust/master/arconai.txt</page>
</regex>
</item>

<item>
<title>How Its Made</title>
<thumbnail>https://image.tmdb.org/t/p/w500/SgYqbVqyxI7R16Shr7oT3MuOM0.jpg</thumbnail>
<fanart>https://$doregex[Address]/logo.png</fanart>
<link>$doregex[makelist]</link>
<regex>
<name>makelist</name>
<listrepeat><![CDATA[
  <title>[makelist.param1]</title>
  <link>https://$doregex[Address2].$doregex[Address]/HowItsMade/[makelist.param1]</link>
  <thumbnail></thumbnail>
  <fanart>https://$doregex[Address]/logo.png</fanart>
]]></listrepeat>
<expres><![CDATA[<a href="(S[^"]*)">(.*?)<]]></expres>
<page>https://$doregex[Address2].$doregex[Address]/HowItsMade/</page>
</regex>
<regex>
<name>Address</name>
<expres><![CDATA["x"="([^"]*)]]></expres>
<page>https://raw.githubusercontent.com/Magic-Dust/MagicDust/master/arconai.txt</page>
</regex>
<regex>
<name>Address2</name>
<expres><![CDATA["a"="([^"]*)]]></expres>
<page>https://raw.githubusercontent.com/Magic-Dust/MagicDust/master/arconai.txt</page>
</regex>
<regex>
<name>Address3</name>
<expres><![CDATA["c"="([^"]*)]]></expres>
<page>https://raw.githubusercontent.com/Magic-Dust/MagicDust/master/arconai.txt</page>
</regex>
</item>

<item>
<title>Jackass</title>
<thumbnail>http://www.coverbrowser.com/image/tv-series/818-1.jpg</thumbnail>
<fanart>https://$doregex[Address]/logo.png</fanart>
<link>$doregex[makelist]</link>
<regex>
<name>makelist</name>
<listrepeat><![CDATA[
  <title>[makelist.param1]</title>
  <link>https://$doregex[Address2].$doregex[Address]/Jackass/[makelist.param1]</link>
  <thumbnail></thumbnail>
  <fanart>https://$doregex[Address]/logo.png</fanart>
]]></listrepeat>
<expres><![CDATA[<a href="(S[^"]*)">(.*?)<]]></expres>
<page>https://$doregex[Address2].$doregex[Address]/Jackass/</page>
</regex>
<regex>
<name>Address</name>
<expres><![CDATA["x"="([^"]*)]]></expres>
<page>https://raw.githubusercontent.com/Magic-Dust/MagicDust/master/arconai.txt</page>
</regex>
<regex>
<name>Address2</name>
<expres><![CDATA["a"="([^"]*)]]></expres>
<page>https://raw.githubusercontent.com/Magic-Dust/MagicDust/master/arconai.txt</page>
</regex>
<regex>
<name>Address3</name>
<expres><![CDATA["c"="([^"]*)]]></expres>
<page>https://raw.githubusercontent.com/Magic-Dust/MagicDust/master/arconai.txt</page>
</regex>
</item>

<item>
<title>Key and Peele</title>
<thumbnail>https://fanart.tv/fanart/tv/255325/seasonposter/key--peele-551284ec56b65.jpg</thumbnail>
<fanart>https://$doregex[Address]/logo.png</fanart>
<link>$doregex[makelist]</link>
<regex>
<name>makelist</name>
<listrepeat><![CDATA[
  <title>[makelist.param1]</title>
  <link>https://$doregex[Address2].$doregex[Address]/KeyandPeele/[makelist.param1]</link>
  <thumbnail></thumbnail>
  <fanart>https://$doregex[Address]/logo.png</fanart>
]]></listrepeat>
<expres><![CDATA[<a href="(S[^"]*)">(.*?)<]]></expres>
<page>https://$doregex[Address2].$doregex[Address]/KeyandPeele/</page>
</regex>
<regex>
<name>Address</name>
<expres><![CDATA["x"="([^"]*)]]></expres>
<page>https://raw.githubusercontent.com/Magic-Dust/MagicDust/master/arconai.txt</page>
</regex>
<regex>
<name>Address2</name>
<expres><![CDATA["a"="([^"]*)]]></expres>
<page>https://raw.githubusercontent.com/Magic-Dust/MagicDust/master/arconai.txt</page>
</regex>
<regex>
<name>Address3</name>
<expres><![CDATA["c"="([^"]*)]]></expres>
<page>https://raw.githubusercontent.com/Magic-Dust/MagicDust/master/arconai.txt</page>
</regex>
</item>

<item>
<title>The Munsters</title>
<thumbnail>https://fanart.tv/fanart/tv/77280/seasonposter/the-munsters-545e1b64851bb.jpg</thumbnail>
<fanart>https://$doregex[Address]/logo.png</fanart>
<link>$doregex[makelist]</link>
<regex>
<name>makelist</name>
<listrepeat><![CDATA[
  <title>[makelist.param1]</title>
  <link>https://$doregex[Address2].$doregex[Address]/TheMunsters/[makelist.param1]</link>
  <thumbnail></thumbnail>
  <fanart>https://$doregex[Address]/logo.png</fanart>
]]></listrepeat>
<expres><![CDATA[<a href="(S[^"]*)">(.*?)<]]></expres>
<page>https://$doregex[Address2].$doregex[Address]/TheMunsters/</page>
</regex>
<regex>
<name>Address</name>
<expres><![CDATA["x"="([^"]*)]]></expres>
<page>https://raw.githubusercontent.com/Magic-Dust/MagicDust/master/arconai.txt</page>
</regex>
<regex>
<name>Address2</name>
<expres><![CDATA["a"="([^"]*)]]></expres>
<page>https://raw.githubusercontent.com/Magic-Dust/MagicDust/master/arconai.txt</page>
</regex>
<regex>
<name>Address3</name>
<expres><![CDATA["c"="([^"]*)]]></expres>
<page>https://raw.githubusercontent.com/Magic-Dust/MagicDust/master/arconai.txt</page>
</regex>
</item>

<item>
<title>Muppet Show</title>
<thumbnail>https://image.tmdb.org/t/p/w500/8zG2UPwZpJhqU9Csw4INYF2SP3I.jpg</thumbnail>
<fanart>https://$doregex[Address]/logo.png</fanart>
<link>$doregex[makelist]</link>
<regex>
<name>makelist</name>
<listrepeat><![CDATA[
  <title>[makelist.param1]</title>
  <link>$doregex[GetSubVideo]</link>
  <thumbnail></thumbnail>
  <fanart>https://$doregex[Address]/logo.png</fanart>
]]></listrepeat>
<expres><![CDATA[<a href="(S[^"]*)">(.*?)<]]></expres>
<page>https://$doregex[Address2].$doregex[Address]/MuppetShow/</page>
</regex>
<regex>
<name>GetSubVideo</name>
<listrepeat><![CDATA[
  <title>[GetSubVideo.param1]</title>
  <link>https://$doregex[Address2].$doregex[Address]/MuppetShow/[makelist.param2]/[GetSubVideo.param1]</link>
  <thumbnail></thumbnail>
  <fanart>https://$doregex[Address]/logo.png</fanart>
]]></listrepeat>
<expres><![CDATA[<a href="(S[^"]*)">(.*?)]]></expres>
<page>https://$doregex[Address2].$doregex[Address]/MuppetShow/[makelist.param2]</page>
</regex>
<regex>
<name>Address</name>
<expres><![CDATA["x"="([^"]*)]]></expres>
<page>https://raw.githubusercontent.com/Magic-Dust/MagicDust/master/arconai.txt</page>
</regex>
<regex>
<name>Address2</name>
<expres><![CDATA["a"="([^"]*)]]></expres>
<page>https://raw.githubusercontent.com/Magic-Dust/MagicDust/master/arconai.txt</page>
</regex>
<regex>
<name>Address3</name>
<expres><![CDATA["c"="([^"]*)]]></expres>
<page>https://raw.githubusercontent.com/Magic-Dust/MagicDust/master/arconai.txt</page>
</regex>
</item>

<item>
<title>My Name is Earl</title>
<thumbnail>https://image.tmdb.org/t/p/original/57shLTTkHvhLUhyP1t0lNZPoAxD.jpg</thumbnail>
<fanart>https://$doregex[Address]/logo.png</fanart>
<link>$doregex[makelist]</link>
<regex>
<name>makelist</name>
<listrepeat><![CDATA[
  <title>[makelist.param1]</title>
  <link>https://$doregex[Address2].$doregex[Address]/MyNameisEarl/[makelist.param1]</link>
  <thumbnail></thumbnail>
  <fanart>https://$doregex[Address]/logo.png</fanart>
]]></listrepeat>
<expres><![CDATA[<a href="(S[^"]*)">(.*?)<]]></expres>
<page>https://$doregex[Address2].$doregex[Address]/MyNameisEarl/</page>
</regex>
<regex>
<name>Address</name>
<expres><![CDATA["x"="([^"]*)]]></expres>
<page>https://raw.githubusercontent.com/Magic-Dust/MagicDust/master/arconai.txt</page>
</regex>
<regex>
<name>Address2</name>
<expres><![CDATA["a"="([^"]*)]]></expres>
<page>https://raw.githubusercontent.com/Magic-Dust/MagicDust/master/arconai.txt</page>
</regex>
<regex>
<name>Address3</name>
<expres><![CDATA["c"="([^"]*)]]></expres>
<page>https://raw.githubusercontent.com/Magic-Dust/MagicDust/master/arconai.txt</page>
</regex>
</item>

<item>
<title>The Office</title>
<thumbnail>https://image.tmdb.org/t/p/original/qWnJzyZhyy74gjpSjIXWmuk0ifX.jpg</thumbnail>
<fanart>https://$doregex[Address]/logo.png</fanart>
<link>$doregex[makelist]</link>
<regex>
<name>makelist</name>
<listrepeat><![CDATA[
  <title>[makelist.param1]</title>
  <link>$doregex[GetSubVideo]</link>
  <thumbnail></thumbnail>
  <fanart>https://$doregex[Address]/logo.png</fanart>
]]></listrepeat>
<expres><![CDATA[<a href="(S[^"]*)">(.*?)<]]></expres>
<page>https://$doregex[Address2].$doregex[Address]/Office/</page>
</regex>
<regex>
<name>GetSubVideo</name>
<listrepeat><![CDATA[
  <title>[GetSubVideo.param1]</title>
  <link>https://$doregex[Address2].$doregex[Address]/Office/[makelist.param2]/[GetSubVideo.param1]</link>
  <thumbnail></thumbnail>
  <fanart>https://$doregex[Address]/logo.png</fanart>
]]></listrepeat>
<expres><![CDATA[<a href="(S[^"]*)">(.*?)]]></expres>
<page>https://$doregex[Address2].$doregex[Address]/Office/[makelist.param2]</page>
</regex>
<regex>
<name>Address</name>
<expres><![CDATA["x"="([^"]*)]]></expres>
<page>https://raw.githubusercontent.com/Magic-Dust/MagicDust/master/arconai.txt</page>
</regex>
<regex>
<name>Address2</name>
<expres><![CDATA["a"="([^"]*)]]></expres>
<page>https://raw.githubusercontent.com/Magic-Dust/MagicDust/master/arconai.txt</page>
</regex>
<regex>
<name>Address3</name>
<expres><![CDATA["c"="([^"]*)]]></expres>
<page>https://raw.githubusercontent.com/Magic-Dust/MagicDust/master/arconai.txt</page>
</regex>
</item>

<item>
<title>Parks And Rec</title>
<thumbnail>https://image.tmdb.org/t/p/w500/17MBP8R6FWBUftLeipCY5RH8tjh.jpg</thumbnail>
<fanart>https://$doregex[Address]/logo.png</fanart>
<link>$doregex[makelist]</link>
<regex>
<name>makelist</name>
<listrepeat><![CDATA[
  <title>[makelist.param1]</title>
  <link>$doregex[GetSubVideo]</link>
  <thumbnail></thumbnail>
  <fanart>https://$doregex[Address]/logo.png</fanart>
]]></listrepeat>
<expres><![CDATA[<a href="(S[^"]*)">(.*?)<]]></expres>
<page>https://$doregex[Address2].$doregex[Address]/ParksAndRec/</page>
</regex>
<regex>
<name>GetSubVideo</name>
<listrepeat><![CDATA[
  <title>[GetSubVideo.param1]</title>
  <link>https://$doregex[Address2].$doregex[Address]/ParksAndRec/[makelist.param2]/[GetSubVideo.param1]</link>
  <thumbnail></thumbnail>
  <fanart>https://$doregex[Address]/logo.png</fanart>
]]></listrepeat>
<expres><![CDATA[<a href="(S[^"]*)">(.*?)]]></expres>
<page>https://$doregex[Address2].$doregex[Address]/ParksAndRec/[makelist.param2]</page>
</regex>
<regex>
<name>Address</name>
<expres><![CDATA["x"="([^"]*)]]></expres>
<page>https://raw.githubusercontent.com/Magic-Dust/MagicDust/master/arconai.txt</page>
</regex>
<regex>
<name>Address2</name>
<expres><![CDATA["a"="([^"]*)]]></expres>
<page>https://raw.githubusercontent.com/Magic-Dust/MagicDust/master/arconai.txt</page>
</regex>
<regex>
<name>Address3</name>
<expres><![CDATA["c"="([^"]*)]]></expres>
<page>https://raw.githubusercontent.com/Magic-Dust/MagicDust/master/arconai.txt</page>
</regex>
</item>

<item>
<title>Ren & Stimpy</title>
<thumbnail>https://m.media-amazon.com/images/M/MV5BODdmNDhkMzItMjdjNC00OGNkLWJjNzEtZGY1OTE1MWUzNGU5XkEyXkFqcGdeQXVyNTAyODkwOQ@@._V1_UY1200_CR106,0,630,1200_AL_.jpg</thumbnail>
<fanart>https://$doregex[Address]/logo.png</fanart>
<link>$doregex[makelist]</link>
<regex>
<name>makelist</name>
<listrepeat><![CDATA[
  <title>[makelist.param1]</title>
  <link>$doregex[GetSubVideo]</link>
  <thumbnail></thumbnail>
  <fanart>https://$doregex[Address]/logo.png</fanart>
]]></listrepeat>
<expres><![CDATA[<a href="(S[^"]*)">(.*?)<]]></expres>
<page>https://$doregex[Address2].$doregex[Address]/RenStimpy/</page>
</regex>
<regex>
<name>GetSubVideo</name>
<listrepeat><![CDATA[
  <title>[GetSubVideo.param1]</title>
  <link>https://$doregex[Address2].$doregex[Address]/RenStimpy/[makelist.param2]/[GetSubVideo.param1]</link>
  <thumbnail></thumbnail>
  <fanart>https://$doregex[Address]/logo.png</fanart>
]]></listrepeat>
<expres><![CDATA[<a href="(S[^"]*)">(.*?)]]></expres>
<page>https://$doregex[Address2].$doregex[Address]/RenStimpy/[makelist.param2]</page>
</regex>
<regex>
<name>Address</name>
<expres><![CDATA["x"="([^"]*)]]></expres>
<page>https://raw.githubusercontent.com/Magic-Dust/MagicDust/master/arconai.txt</page>
</regex>
<regex>
<name>Address2</name>
<expres><![CDATA["a"="([^"]*)]]></expres>
<page>https://raw.githubusercontent.com/Magic-Dust/MagicDust/master/arconai.txt</page>
</regex>
<regex>
<name>Address3</name>
<expres><![CDATA["c"="([^"]*)]]></expres>
<page>https://raw.githubusercontent.com/Magic-Dust/MagicDust/master/arconai.txt</page>
</regex>
</item>

<item>
<title>Reno 911 S7</title>
<thumbnail>https://fanart.tv/fanart/tv/72336/seasonposter/reno-911-546a38b968fa3.jpg</thumbnail>
<fanart>https://$doregex[Address]/logo.png</fanart>
<link>$doregex[makelist]</link>
<regex>
<name>makelist</name>
<listrepeat><![CDATA[
  <title>[makelist.param1]</title>
  <link>https://$doregex[Address3].$doregex[Address]/Reno911/[makelist.param1]</link>
  <thumbnail></thumbnail>
  <fanart>https://$doregex[Address]/logo.png</fanart>
]]></listrepeat>
<expres><![CDATA[<a href="(S[^"]*)">(.*?)<]]></expres>
<page>https://$doregex[Address3].$doregex[Address]/Reno911/</page>
</regex>
<regex>
<name>Address</name>
<expres><![CDATA["x"="([^"]*)]]></expres>
<page>https://raw.githubusercontent.com/Magic-Dust/MagicDust/master/arconai.txt</page>
</regex>
<regex>
<name>Address2</name>
<expres><![CDATA["a"="([^"]*)]]></expres>
<page>https://raw.githubusercontent.com/Magic-Dust/MagicDust/master/arconai.txt</page>
</regex>
<regex>
<name>Address3</name>
<expres><![CDATA["c"="([^"]*)]]></expres>
<page>https://raw.githubusercontent.com/Magic-Dust/MagicDust/master/arconai.txt</page>
</regex>
</item>

<item>
<title>Reno 911 S1-6</title>
<thumbnail>https://fanart.tv/fanart/tv/72336/seasonposter/reno-911-546a38b968fa3.jpg</thumbnail>
<fanart>https://$doregex[Address]/logo.png</fanart>
<link>$doregex[makelist]</link>
<regex>
<name>makelist</name>
<listrepeat><![CDATA[
  <title>[makelist.param1]</title>
  <link>https://$doregex[Address2].$doregex[Address]/reno/[makelist.param1]</link>
  <thumbnail></thumbnail>
  <fanart>https://$doregex[Address]/logo.png</fanart>
]]></listrepeat>
<expres><![CDATA[<a href="(S[^"]*)">(.*?)<]]></expres>
<page>https://$doregex[Address2].$doregex[Address]/reno/</page>
</regex>
<regex>
<name>Address</name>
<expres><![CDATA["x"="([^"]*)]]></expres>
<page>https://raw.githubusercontent.com/Magic-Dust/MagicDust/master/arconai.txt</page>
</regex>
<regex>
<name>Address2</name>
<expres><![CDATA["a"="([^"]*)]]></expres>
<page>https://raw.githubusercontent.com/Magic-Dust/MagicDust/master/arconai.txt</page>
</regex>
<regex>
<name>Address3</name>
<expres><![CDATA["c"="([^"]*)]]></expres>
<page>https://raw.githubusercontent.com/Magic-Dust/MagicDust/master/arconai.txt</page>
</regex>
</item>

<item>
<title>Silicon Valley</title>
<thumbnail>https://images-na.ssl-images-amazon.com/images/M/MV5BMTgwNTUzNzIxM15BMl5BanBnXkFtZTgwMzQ1NTk2ODE@._V1_UY1200_CR90,0,630,1200_AL_.jpg</thumbnail>
<fanart>https://$doregex[Address]/logo.png</fanart>
<link>$doregex[makelist]</link>
<regex>
<name>makelist</name>
<listrepeat><![CDATA[
  <title>[makelist.param1]</title>
  <link>https://$doregex[Address2].$doregex[Address]/SiliconValley/[makelist.param1]</link>
  <thumbnail></thumbnail>
  <fanart>https://$doregex[Address]/logo.png</fanart>
]]></listrepeat>
<expres><![CDATA[<a href="(S[^"]*)">(.*?)<]]></expres>
<page>https://$doregex[Address2].$doregex[Address]/SiliconValley/</page>
</regex>
<regex>
<name>Address</name>
<expres><![CDATA["x"="([^"]*)]]></expres>
<page>https://raw.githubusercontent.com/Magic-Dust/MagicDust/master/arconai.txt</page>
</regex>
<regex>
<name>Address2</name>
<expres><![CDATA["a"="([^"]*)]]></expres>
<page>https://raw.githubusercontent.com/Magic-Dust/MagicDust/master/arconai.txt</page>
</regex>
<regex>
<name>Address3</name>
<expres><![CDATA["c"="([^"]*)]]></expres>
<page>https://raw.githubusercontent.com/Magic-Dust/MagicDust/master/arconai.txt</page>
</regex>
</item>

<item>
<title>Sopranos</title>
<thumbnail>https://image.tmdb.org/t/p/original/u7dlARwP2zsqHaMNL5HtHhaEPea.jpg</thumbnail>
<fanart>https://$doregex[Address]/logo.png</fanart>
<link>$doregex[makelist]</link>
<regex>
<name>makelist</name>
<listrepeat><![CDATA[
  <title>[makelist.param1]</title>
  <link>https://$doregex[Address2].$doregex[Address]/Sopranos/[makelist.param1]</link>
  <thumbnail></thumbnail>
  <fanart>https://$doregex[Address]/logo.png</fanart>
]]></listrepeat>
<expres><![CDATA[<a href="(S[^"]*)">(.*?)<]]></expres>
<page>https://$doregex[Address2].$doregex[Address]/Sopranos/</page>
</regex>
<regex>
<name>Address</name>
<expres><![CDATA["x"="([^"]*)]]></expres>
<page>https://raw.githubusercontent.com/Magic-Dust/MagicDust/master/arconai.txt</page>
</regex>
<regex>
<name>Address2</name>
<expres><![CDATA["a"="([^"]*)]]></expres>
<page>https://raw.githubusercontent.com/Magic-Dust/MagicDust/master/arconai.txt</page>
</regex>
<regex>
<name>Address3</name>
<expres><![CDATA["c"="([^"]*)]]></expres>
<page>https://raw.githubusercontent.com/Magic-Dust/MagicDust/master/arconai.txt</page>
</regex>
</item>

<item>
<title>Stranger Things</title>
<thumbnail>https://image.tmdb.org/t/p/original/kpZHlOFAQitAj8f9gGhKBaIYWfJ.jpg</thumbnail>
<fanart>https://$doregex[Address]/logo.png</fanart>
<link>$doregex[makelist]</link>
<regex>
<name>makelist</name>
<listrepeat><![CDATA[
  <title>[makelist.param1]</title>
  <link>https://$doregex[Address2].$doregex[Address]/StrangerThings/[makelist.param1]</link>
  <thumbnail></thumbnail>
  <fanart>https://$doregex[Address]/logo.png</fanart>
]]></listrepeat>
<expres><![CDATA[<a href="(S[^"]*)">(.*?)<]]></expres>
<page>https://$doregex[Address2].$doregex[Address]/StrangerThings/</page>
</regex>
<regex>
<name>Address</name>
<expres><![CDATA["x"="([^"]*)]]></expres>
<page>https://raw.githubusercontent.com/Magic-Dust/MagicDust/master/arconai.txt</page>
</regex>
<regex>
<name>Address2</name>
<expres><![CDATA["a"="([^"]*)]]></expres>
<page>https://raw.githubusercontent.com/Magic-Dust/MagicDust/master/arconai.txt</page>
</regex>
<regex>
<name>Address3</name>
<expres><![CDATA["c"="([^"]*)]]></expres>
<page>https://raw.githubusercontent.com/Magic-Dust/MagicDust/master/arconai.txt</page>
</regex>
</item>

<item>
<title>That 70s Show</title>
<thumbnail>https://m.media-amazon.com/images/M/MV5BN2RkZGE0MjAtZGVkOS00MzVhLTg0OWItZTc4OGRjOTQ1ZTM4XkEyXkFqcGdeQXVyNTA4NzY1MzY@._V1_.jpg</thumbnail>
<fanart>https://$doregex[Address]/logo.png</fanart>
<link>$doregex[makelist]</link>
<regex>
<name>makelist</name>
<listrepeat><![CDATA[
  <title>[makelist.param1]</title>
  <link>https://$doregex[Address2].$doregex[Address]/That70sShow/[makelist.param1]</link>
  <thumbnail></thumbnail>
  <fanart>https://$doregex[Address]/logo.png</fanart>
]]></listrepeat>
<expres><![CDATA[<a href="(S[^"]*)">(.*?)<]]></expres>
<page>https://$doregex[Address2].$doregex[Address]/That70sShow/</page>
</regex>
<regex>
<name>Address</name>
<expres><![CDATA["x"="([^"]*)]]></expres>
<page>https://raw.githubusercontent.com/Magic-Dust/MagicDust/master/arconai.txt</page>
</regex>
<regex>
<name>Address2</name>
<expres><![CDATA["a"="([^"]*)]]></expres>
<page>https://raw.githubusercontent.com/Magic-Dust/MagicDust/master/arconai.txt</page>
</regex>
<regex>
<name>Address3</name>
<expres><![CDATA["c"="([^"]*)]]></expres>
<page>https://raw.githubusercontent.com/Magic-Dust/MagicDust/master/arconai.txt</page>
</regex>
</item>

<item>
<title>Vikings</title>
<thumbnail>https://image.tmdb.org/t/p/original/p04ZgfQMi71zC1W0rbQvJv6kwy0.jpg</thumbnail>
<fanart>https://$doregex[Address]/logo.png</fanart>
<link>$doregex[makelist]</link>
<regex>
<name>makelist</name>
<listrepeat><![CDATA[
  <title>[makelist.param1]</title>
  <link>https://$doregex[Address3].$doregex[Address]/Vikings/[makelist.param1]</link>
  <thumbnail></thumbnail>
  <fanart>https://$doregex[Address]/logo.png</fanart>
]]></listrepeat>
<expres><![CDATA[<a href="(S[^"]*)">(.*?)<]]></expres>
<page>https://$doregex[Address3].$doregex[Address]/Vikings/</page>
</regex>
<regex>
<name>Address</name>
<expres><![CDATA["x"="([^"]*)]]></expres>
<page>https://raw.githubusercontent.com/Magic-Dust/MagicDust/master/arconai.txt</page>
</regex>
<regex>
<name>Address2</name>
<expres><![CDATA["a"="([^"]*)]]></expres>
<page>https://raw.githubusercontent.com/Magic-Dust/MagicDust/master/arconai.txt</page>
</regex>
<regex>
<name>Address3</name>
<expres><![CDATA["c"="([^"]*)]]></expres>
<page>https://raw.githubusercontent.com/Magic-Dust/MagicDust/master/arconai.txt</page>
</regex>
</item>

<item>
<title>Weeds</title>
<thumbnail>https://fanart.tv/fanart/tv/74845/tvposter/weeds-522504ee69687.jpg</thumbnail>
<fanart>https://$doregex[Address]/logo.png</fanart>
<link>$doregex[makelist]</link>
<regex>
<name>makelist</name>
<listrepeat><![CDATA[
  <title>[makelist.param1]</title>
  <link>https://$doregex[Address3].$doregex[Address]/Weeds/[makelist.param1]</link>
  <thumbnail></thumbnail>
  <fanart>https://$doregex[Address]/logo.png</fanart>
]]></listrepeat>
<expres><![CDATA[<a href="(S[^"]*)">(.*?)<]]></expres>
<page>https://$doregex[Address3].$doregex[Address]/Weeds/</page>
</regex>
<regex>
<name>Address</name>
<expres><![CDATA["x"="([^"]*)]]></expres>
<page>https://raw.githubusercontent.com/Magic-Dust/MagicDust/master/arconai.txt</page>
</regex>
<regex>
<name>Address2</name>
<expres><![CDATA["a"="([^"]*)]]></expres>
<page>https://raw.githubusercontent.com/Magic-Dust/MagicDust/master/arconai.txt</page>
</regex>
<regex>
<name>Address3</name>
<expres><![CDATA["c"="([^"]*)]]></expres>
<page>https://raw.githubusercontent.com/Magic-Dust/MagicDust/master/arconai.txt</page>
</regex>
</item>

<item>
<title>XFiles</title>
<thumbnail>https://image.tmdb.org/t/p/original/2l6y5EvECIztuJ5NmGnL43nLqYQ.jpg</thumbnail>
<fanart>https://$doregex[Address]/logo.png</fanart>
<link>$doregex[makelist]</link>
<regex>
<name>makelist</name>
<listrepeat><![CDATA[
  <title>[makelist.param1]</title>
  <link>https://$doregex[Address2].$doregex[Address]/XFiles/[makelist.param1]</link>
  <thumbnail></thumbnail>
  <fanart>https://$doregex[Address]/logo.png</fanart>
]]></listrepeat>
<expres><![CDATA[<a href="(S[^"]*)">(.*?)<]]></expres>
<page>https://$doregex[Address2].$doregex[Address]/XFiles/</page>
</regex>
<regex>
<name>Address</name>
<expres><![CDATA["x"="([^"]*)]]></expres>
<page>https://raw.githubusercontent.com/Magic-Dust/MagicDust/master/arconai.txt</page>
</regex>
<regex>
<name>Address2</name>
<expres><![CDATA["a"="([^"]*)]]></expres>
<page>https://raw.githubusercontent.com/Magic-Dust/MagicDust/master/arconai.txt</page>
</regex>
<regex>
<name>Address3</name>
<expres><![CDATA["c"="([^"]*)]]></expres>
<page>https://raw.githubusercontent.com/Magic-Dust/MagicDust/master/arconai.txt</page>
</regex>
</item>