<item>
<title>Agent Clockwork Orange</title>
<thumbnail>https://fanart.tv/fanart/movies/185/movieposter/a-clockwork-orange-5597548f2879e.jpg</thumbnail>
<fanart>https://$doregex[Address]/logo.png</fanart>
<link>https://$doregex[Address2].$doregex[Address]/Movies/A.Clockwork.Orange.1971.mp4</link>
<regex>
<name>Address</name>
<expres><![CDATA["x"="([^"]*)]]></expres>
<page>https://raw.githubusercontent.com/Magic-Dust/MagicDust/master/arconai.txt</page>
</regex>
<regex>
<name>Address2</name>
<expres><![CDATA["a"="([^"]*)]]></expres>
<page>https://raw.githubusercontent.com/Magic-Dust/MagicDust/master/arconai.txt</page>
</regex>
<regex>
<name>Address3</name>
<expres><![CDATA["c"="([^"]*)]]></expres>
<page>https://raw.githubusercontent.com/Magic-Dust/MagicDust/master/arconai.txt</page>
</regex>
</item>

<item>
<title>Back to the Future</title>
<thumbnail>https://fanart.tv/fanart/movies/105/movieposter/back-to-the-future-52c1c24d75ca9.jpg</thumbnail>
<fanart>https://$doregex[Address]/logo.png</fanart>
<multilink>
<link>https://$doregex[Address2].$doregex[Address]/Movies/BTTF.mp4$$lsname=Back to the Future</link>
<link>https://$doregex[Address2].$doregex[Address]/Movies/BTTF2.mp4$$lsname=Back to the Future 2</link>
<link>https://$doregex[Address2].$doregex[Address]/Movies/BTTF3.mp4$$lsname=Back to the Future 3</link>
<multilink>
<regex>
<name>Address</name>
<expres><![CDATA["x"="([^"]*)]]></expres>
<page>https://raw.githubusercontent.com/Magic-Dust/MagicDust/master/arconai.txt</page>
</regex>
<regex>
<name>Address2</name>
<expres><![CDATA["a"="([^"]*)]]></expres>
<page>https://raw.githubusercontent.com/Magic-Dust/MagicDust/master/arconai.txt</page>
</regex>
<regex>
<name>Address3</name>
<expres><![CDATA["c"="([^"]*)]]></expres>
<page>https://raw.githubusercontent.com/Magic-Dust/MagicDust/master/arconai.txt</page>
</regex>
</item>

<item>
<title>A Time to Kill</title>
<thumbnail>https://fanart.tv/fanart/movies/1645/movieposter/a-time-to-kill-5695b0cf338c6.jpg</thumbnail>
<fanart>https://$doregex[Address]/logo.png</fanart>
<link>https://$doregex[Address2].$doregex[Address]/Movies/A.Time.to.Kill.1996.mp4</link>
<regex>
<name>Address</name>
<expres><![CDATA["x"="([^"]*)]]></expres>
<page>https://raw.githubusercontent.com/Magic-Dust/MagicDust/master/arconai.txt</page>
</regex>
<regex>
<name>Address2</name>
<expres><![CDATA["a"="([^"]*)]]></expres>
<page>https://raw.githubusercontent.com/Magic-Dust/MagicDust/master/arconai.txt</page>
</regex>
<regex>
<name>Address3</name>
<expres><![CDATA["c"="([^"]*)]]></expres>
<page>https://raw.githubusercontent.com/Magic-Dust/MagicDust/master/arconai.txt</page>
</regex>
</item>

<item>
<title>Batman</title>
<thumbnail>https://fanart.tv/fanart/movies/268/movieposter/batman-5346ed8a23c7f.jpg</thumbnail>
<fanart>https://$doregex[Address]/logo.png</fanart>
<multilink>
<link>https://$doregex[Address2].$doregex[Address]/Movies/Batman.mp4$$lsname=Batman</link>
<link>https://$doregex[Address2].$doregex[Address]/Movies/BatmanReturns.mp4$$lsname=Batman Returns</link>
<link>https://$doregex[Address2].$doregex[Address]/Movies/Joker.2019.mp4$$lsname=Joker</link>
<multilink>
<regex>
<name>Address</name>
<expres><![CDATA["x"="([^"]*)]]></expres>
<page>https://raw.githubusercontent.com/Magic-Dust/MagicDust/master/arconai.txt</page>
</regex>
<regex>
<name>Address2</name>
<expres><![CDATA["a"="([^"]*)]]></expres>
<page>https://raw.githubusercontent.com/Magic-Dust/MagicDust/master/arconai.txt</page>
</regex>
<regex>
<name>Address3</name>
<expres><![CDATA["c"="([^"]*)]]></expres>
<page>https://raw.githubusercontent.com/Magic-Dust/MagicDust/master/arconai.txt</page>
</regex>
</item>

<item>
<title>Birds Of Prey</title>
<thumbnail>https://specials-images.forbesimg.com/imageserve/5d810c3f22254b0008e0a81d/960x0.jpg?fit=scale</thumbnail>
<fanart>https://$doregex[Address]/logo.png</fanart>
<link>https://$doregex[Address3].$doregex[Address]/Movies/BirdsOfPrey%282020%29.mp4</link>
<regex>
<name>Address</name>
<expres><![CDATA["x"="([^"]*)]]></expres>
<page>https://raw.githubusercontent.com/Magic-Dust/MagicDust/master/arconai.txt</page>
</regex>
<regex>
<name>Address2</name>
<expres><![CDATA["a"="([^"]*)]]></expres>
<page>https://raw.githubusercontent.com/Magic-Dust/MagicDust/master/arconai.txt</page>
</regex>
<regex>
<name>Address3</name>
<expres><![CDATA["c"="([^"]*)]]></expres>
<page>https://raw.githubusercontent.com/Magic-Dust/MagicDust/master/arconai.txt</page>
</regex>
</item>

<item>
<title>Cast Away</title>
<thumbnail>https://fanart.tv/fanart/movies/8358/movieposter/cast-away-5325f6c02c1b4.jpg</thumbnail>
<fanart>https://$doregex[Address]/logo.png</fanart>
<link>https://$doregex[Address2].$doregex[Address]/Movies/Cast.Away.2000.mp4</link>
<regex>
<name>Address</name>
<expres><![CDATA["x"="([^"]*)]]></expres>
<page>https://raw.githubusercontent.com/Magic-Dust/MagicDust/master/arconai.txt</page>
</regex>
<regex>
<name>Address2</name>
<expres><![CDATA["a"="([^"]*)]]></expres>
<page>https://raw.githubusercontent.com/Magic-Dust/MagicDust/master/arconai.txt</page>
</regex>
<regex>
<name>Address3</name>
<expres><![CDATA["c"="([^"]*)]]></expres>
<page>https://raw.githubusercontent.com/Magic-Dust/MagicDust/master/arconai.txt</page>
</regex>
</item>

<item>
<title>Dazed and Confused</title>
<thumbnail>https://img.reelgood.com/content/movie/7c7660c2-98e3-470d-8bdd-4914ccb74a11/poster-780.jpg</thumbnail>
<fanart>https://$doregex[Address]/logo.png</fanart>
<link>https://$doregex[Address2].$doregex[Address]/Movies/Dazed.and.Confused.1993.mp4</link>
<regex>
<name>Address</name>
<expres><![CDATA["x"="([^"]*)]]></expres>
<page>https://raw.githubusercontent.com/Magic-Dust/MagicDust/master/arconai.txt</page>
</regex>
<regex>
<name>Address2</name>
<expres><![CDATA["a"="([^"]*)]]></expres>
<page>https://raw.githubusercontent.com/Magic-Dust/MagicDust/master/arconai.txt</page>
</regex>
<regex>
<name>Address3</name>
<expres><![CDATA["c"="([^"]*)]]></expres>
<page>https://raw.githubusercontent.com/Magic-Dust/MagicDust/master/arconai.txt</page>
</regex>
</item>

<item>
<title>Ferris Buellers Day Off</title>
<thumbnail>https://fanart.tv/fanart/movies/9377/movieposter/ferris-buellers-day-off-53efe2df8cf0e.jpg</thumbnail>
<fanart>https://$doregex[Address]/logo.png</fanart>
<link>https://$doregex[Address2].$doregex[Address]/Movies/Ferris.Buellers.Day.Off.1986.mp4</link>
<regex>
<name>Address</name>
<expres><![CDATA["x"="([^"]*)]]></expres>
<page>https://raw.githubusercontent.com/Magic-Dust/MagicDust/master/arconai.txt</page>
</regex>
<regex>
<name>Address2</name>
<expres><![CDATA["a"="([^"]*)]]></expres>
<page>https://raw.githubusercontent.com/Magic-Dust/MagicDust/master/arconai.txt</page>
</regex>
<regex>
<name>Address3</name>
<expres><![CDATA["c"="([^"]*)]]></expres>
<page>https://raw.githubusercontent.com/Magic-Dust/MagicDust/master/arconai.txt</page>
</regex>
</item>

<item>
<title>Fight Club</title>
<thumbnail>https://fanart.tv/fanart/movies/550/movieposter/fight-club-554d292eebda8.jpg</thumbnail>
<fanart>https://$doregex[Address]/logo.png</fanart>
<link>https://$doregex[Address2].$doregex[Address]/Movies/Fight.Club.10th.Anniversary.Edition.1999.mp4</link>
<regex>
<name>Address</name>
<expres><![CDATA["x"="([^"]*)]]></expres>
<page>https://raw.githubusercontent.com/Magic-Dust/MagicDust/master/arconai.txt</page>
</regex>
<regex>
<name>Address2</name>
<expres><![CDATA["a"="([^"]*)]]></expres>
<page>https://raw.githubusercontent.com/Magic-Dust/MagicDust/master/arconai.txt</page>
</regex>
<regex>
<name>Address3</name>
<expres><![CDATA["c"="([^"]*)]]></expres>
<page>https://raw.githubusercontent.com/Magic-Dust/MagicDust/master/arconai.txt</page>
</regex>
</item>

<item>
<title>Forrest Gump</title>
<thumbnail>https://image.tmdb.org/t/p/original/8aBHdTp6MZ7RRE45maIYrEPo6IJ.jpg</thumbnail>
<fanart>https://$doregex[Address]/logo.png</fanart>
<link>https://$doregex[Address2].$doregex[Address]/Movies/Forrest%20Gump%20%281994%29.mp4</link>
<regex>
<name>Address</name>
<expres><![CDATA["x"="([^"]*)]]></expres>
<page>https://raw.githubusercontent.com/Magic-Dust/MagicDust/master/arconai.txt</page>
</regex>
<regex>
<name>Address2</name>
<expres><![CDATA["a"="([^"]*)]]></expres>
<page>https://raw.githubusercontent.com/Magic-Dust/MagicDust/master/arconai.txt</page>
</regex>
<regex>
<name>Address3</name>
<expres><![CDATA["c"="([^"]*)]]></expres>
<page>https://raw.githubusercontent.com/Magic-Dust/MagicDust/master/arconai.txt</page>
</regex>
</item>

<item>
<title>Ghostbusters</title>
<thumbnail>https://fanart.tv/fanart/movies/620/movieposter/ghostbusters-5dfcdb589ac07.jpg</thumbnail>
<fanart>https://$doregex[Address]/logo.png</fanart>
<link>https://$doregex[Address2].$doregex[Address]/Movies/Ghostbusters.mp4</link>
<regex>
<name>Address</name>
<expres><![CDATA["x"="([^"]*)]]></expres>
<page>https://raw.githubusercontent.com/Magic-Dust/MagicDust/master/arconai.txt</page>
</regex>
<regex>
<name>Address2</name>
<expres><![CDATA["a"="([^"]*)]]></expres>
<page>https://raw.githubusercontent.com/Magic-Dust/MagicDust/master/arconai.txt</page>
</regex>
<regex>
<name>Address3</name>
<expres><![CDATA["c"="([^"]*)]]></expres>
<page>https://raw.githubusercontent.com/Magic-Dust/MagicDust/master/arconai.txt</page>
</regex>
</item>

<item>
<title>Godzilla</title>
<thumbnail>https://www.newdvdreleasedates.com/images/posters/large/godzilla-king-of-the-monsters-2019-13.jpg</thumbnail>
<fanart>https://$doregex[Address]/logo.png</fanart>
<link>https://$doregex[Address2].$doregex[Address]/Movies/Godzilla%20King%20Of%20The%20Monsters%202019.mp4</link>
<regex>
<name>Address</name>
<expres><![CDATA["x"="([^"]*)]]></expres>
<page>https://raw.githubusercontent.com/Magic-Dust/MagicDust/master/arconai.txt</page>
</regex>
<regex>
<name>Address2</name>
<expres><![CDATA["a"="([^"]*)]]></expres>
<page>https://raw.githubusercontent.com/Magic-Dust/MagicDust/master/arconai.txt</page>
</regex>
<regex>
<name>Address3</name>
<expres><![CDATA["c"="([^"]*)]]></expres>
<page>https://raw.githubusercontent.com/Magic-Dust/MagicDust/master/arconai.txt</page>
</regex>
</item>

<item>
<title>Inception</title>
<thumbnail>https://upload.wikimedia.org/wikipedia/en/2/2e/Inception_(2010)_theatrical_poster.jpg</thumbnail>
<fanart>https://$doregex[Address]/logo.png</fanart>
<link>https://$doregex[Address3].$doregex[Address]/Movies/Inception2010.mp4</link>
<regex>
<name>Address</name>
<expres><![CDATA["x"="([^"]*)]]></expres>
<page>https://raw.githubusercontent.com/Magic-Dust/MagicDust/master/arconai.txt</page>
</regex>
<regex>
<name>Address2</name>
<expres><![CDATA["a"="([^"]*)]]></expres>
<page>https://raw.githubusercontent.com/Magic-Dust/MagicDust/master/arconai.txt</page>
</regex>
<regex>
<name>Address3</name>
<expres><![CDATA["c"="([^"]*)]]></expres>
<page>https://raw.githubusercontent.com/Magic-Dust/MagicDust/master/arconai.txt</page>
</regex>
</item>

<item>
<title>Incredibles</title>
<thumbnail>https://fanart.tv/fanart/movies/9806/movieposter/the-incredibles-5707f9611ed47.jpg</thumbnail>
<fanart>https://$doregex[Address]/logo.png</fanart>
<multilink>
<link>https://$doregex[Address2].$doregex[Address]/Movies/Incredibles.mp4$$lsname=Incredibles</link>
<link>https://$doregex[Address2].$doregex[Address]/Movies/Incredibles2.2018.mp4$$lsname=Incredibles 2</link>
<multilink>
<regex>
<name>Address</name>
<expres><![CDATA["x"="([^"]*)]]></expres>
<page>https://raw.githubusercontent.com/Magic-Dust/MagicDust/master/arconai.txt</page>
</regex>
<regex>
<name>Address2</name>
<expres><![CDATA["a"="([^"]*)]]></expres>
<page>https://raw.githubusercontent.com/Magic-Dust/MagicDust/master/arconai.txt</page>
</regex>
<regex>
<name>Address3</name>
<expres><![CDATA["c"="([^"]*)]]></expres>
<page>https://raw.githubusercontent.com/Magic-Dust/MagicDust/master/arconai.txt</page>
</regex>
</item>

<item>
<title>Indiana Jones</title>
<thumbnail>https://image.tmdb.org/t/p/original/u4SIcYL7HccPuYkxu65zkm7YCf2.jpg</thumbnail>
<fanart>https://$doregex[Address]/logo.png</fanart>
<multilink>
<link>https://$doregex[Address2].$doregex[Address]/Movies/Raiders.mp4$$lsname=Raiders of the Lost Arc</link>
<link>https://$doregex[Address2].$doregex[Address]/Movies/LastCrusade.mp4$$lsname=Last Crusade</link>
<multilink>
<regex>
<name>Address</name>
<expres><![CDATA["x"="([^"]*)]]></expres>
<page>https://raw.githubusercontent.com/Magic-Dust/MagicDust/master/arconai.txt</page>
</regex>
<regex>
<name>Address2</name>
<expres><![CDATA["a"="([^"]*)]]></expres>
<page>https://raw.githubusercontent.com/Magic-Dust/MagicDust/master/arconai.txt</page>
</regex>
<regex>
<name>Address3</name>
<expres><![CDATA["c"="([^"]*)]]></expres>
<page>https://raw.githubusercontent.com/Magic-Dust/MagicDust/master/arconai.txt</page>
</regex>
</item>

<item>
<title>Knives Out</title>
<thumbnail>https://fanart.tv/fanart/movies/546554/movieposter/knives-out-5e465fbad7643.jpg</thumbnail>
<fanart>https://$doregex[Address]/logo.png</fanart>
<link>https://$doregex[Address2].$doregex[Address]/Movies/Knives.Out.2019.mp4</link>
<regex>
<name>Address</name>
<expres><![CDATA["x"="([^"]*)]]></expres>
<page>https://raw.githubusercontent.com/Magic-Dust/MagicDust/master/arconai.txt</page>
</regex>
<regex>
<name>Address2</name>
<expres><![CDATA["a"="([^"]*)]]></expres>
<page>https://raw.githubusercontent.com/Magic-Dust/MagicDust/master/arconai.txt</page>
</regex>
<regex>
<name>Address3</name>
<expres><![CDATA["c"="([^"]*)]]></expres>
<page>https://raw.githubusercontent.com/Magic-Dust/MagicDust/master/arconai.txt</page>
</regex>
</item>

<item>
<title>Labyrinth</title>
<thumbnail>https://image.tmdb.org/t/p/original/wt70lcuAkLnnF2m9PadoaXm6ciS.jpg</thumbnail>
<fanart>https://$doregex[Address]/logo.png</fanart>
<link>https://$doregex[Address2].$doregex[Address]/taffy/Labyrinth.mp4</link>
<regex>
<name>Address</name>
<expres><![CDATA["x"="([^"]*)]]></expres>
<page>https://raw.githubusercontent.com/Magic-Dust/MagicDust/master/arconai.txt</page>
</regex>
<regex>
<name>Address2</name>
<expres><![CDATA["a"="([^"]*)]]></expres>
<page>https://raw.githubusercontent.com/Magic-Dust/MagicDust/master/arconai.txt</page>
</regex>
<regex>
<name>Address3</name>
<expres><![CDATA["c"="([^"]*)]]></expres>
<page>https://raw.githubusercontent.com/Magic-Dust/MagicDust/master/arconai.txt</page>
</regex>
</item>

<item>
<title>Lucky Number Slevin</title>
<thumbnail>https://fanart.tv/fanart/movies/186/movieposter/lucky-number-slevin-54664bbd56ca7.jpg</thumbnail>
<fanart>https://$doregex[Address]/logo.png</fanart>
<link>https://$doregex[Address2].$doregex[Address]/Movies/Lucky.Number.Slevin.2006.mp4</link>
<regex>
<name>Address</name>
<expres><![CDATA["x"="([^"]*)]]></expres>
<page>https://raw.githubusercontent.com/Magic-Dust/MagicDust/master/arconai.txt</page>
</regex>
<regex>
<name>Address2</name>
<expres><![CDATA["a"="([^"]*)]]></expres>
<page>https://raw.githubusercontent.com/Magic-Dust/MagicDust/master/arconai.txt</page>
</regex>
<regex>
<name>Address3</name>
<expres><![CDATA["c"="([^"]*)]]></expres>
<page>https://raw.githubusercontent.com/Magic-Dust/MagicDust/master/arconai.txt</page>
</regex>
</item>

<item>
<title>Mean Girls</title>
<thumbnail>https://fanart.tv/fanart/movies/10625/movieposter/mean-girls-52e2d512ebffa.jpg</thumbnail>
<fanart>https://$doregex[Address]/logo.png</fanart>
<link>https://$doregex[Address2].$doregex[Address]/Movies/Mean.Girls.2004.mp4</link>
<regex>
<name>Address</name>
<expres><![CDATA["x"="([^"]*)]]></expres>
<page>https://raw.githubusercontent.com/Magic-Dust/MagicDust/master/arconai.txt</page>
</regex>
<regex>
<name>Address2</name>
<expres><![CDATA["a"="([^"]*)]]></expres>
<page>https://raw.githubusercontent.com/Magic-Dust/MagicDust/master/arconai.txt</page>
</regex>
<regex>
<name>Address3</name>
<expres><![CDATA["c"="([^"]*)]]></expres>
<page>https://raw.githubusercontent.com/Magic-Dust/MagicDust/master/arconai.txt</page>
</regex>
</item>

<item>
<title>Monsters Inc</title>
<thumbnail>https://fanart.tv/fanart/movies/585/movieposter/monsters-inc-522249a8f0964.jpg</thumbnail>
<fanart>https://$doregex[Address]/logo.png</fanart>
<multilink>
<link>https://$doregex[Address2].$doregex[Address]/Movies/Monsters.Inc.2001.720p.BluRay.x264.YIFY.mp4$$lsname=Monsters Inc 2001</link>
<link>https://$doregex[Address2].$doregex[Address]/Movies/MonstersInc.mp4$$lsname=Monsters Inc 2</link>
<multilink>
<regex>
<name>Address</name>
<expres><![CDATA["x"="([^"]*)]]></expres>
<page>https://raw.githubusercontent.com/Magic-Dust/MagicDust/master/arconai.txt</page>
</regex>
<regex>
<name>Address2</name>
<expres><![CDATA["a"="([^"]*)]]></expres>
<page>https://raw.githubusercontent.com/Magic-Dust/MagicDust/master/arconai.txt</page>
</regex>
<regex>
<name>Address3</name>
<expres><![CDATA["c"="([^"]*)]]></expres>
<page>https://raw.githubusercontent.com/Magic-Dust/MagicDust/master/arconai.txt</page>
</regex>
</item>

<item>
<title>Napoleon Dynamite</title>
<thumbnail>https://img.moviesrankings.com/t/p/w1280/6Iv6Uwa2SBLN0dSGM00rdrwN4MJ.jpg</thumbnail>
<fanart>https://$doregex[Address]/logo.png</fanart>
<link>https://$doregex[Address2].$doregex[Address]/Movies/Napoleon.Dynamite.2004.mp4</link>
<regex>
<name>Address</name>
<expres><![CDATA["x"="([^"]*)]]></expres>
<page>https://raw.githubusercontent.com/Magic-Dust/MagicDust/master/arconai.txt</page>
</regex>
<regex>
<name>Address2</name>
<expres><![CDATA["a"="([^"]*)]]></expres>
<page>https://raw.githubusercontent.com/Magic-Dust/MagicDust/master/arconai.txt</page>
</regex>
<regex>
<name>Address3</name>
<expres><![CDATA["c"="([^"]*)]]></expres>
<page>https://raw.githubusercontent.com/Magic-Dust/MagicDust/master/arconai.txt</page>
</regex>
</item>

<item>
<title>Office Space</title>
<thumbnail>https://upload.wikimedia.org/wikipedia/en/8/8e/Office_space_poster.jpg</thumbnail>
<fanart>https://$doregex[Address]/logo.png</fanart>
<link>https://$doregex[Address2].$doregex[Address]/Movies/Office%20Space%201999.mp4</link>
<regex>
<name>Address</name>
<expres><![CDATA["x"="([^"]*)]]></expres>
<page>https://raw.githubusercontent.com/Magic-Dust/MagicDust/master/arconai.txt</page>
</regex>
<regex>
<name>Address2</name>
<expres><![CDATA["a"="([^"]*)]]></expres>
<page>https://raw.githubusercontent.com/Magic-Dust/MagicDust/master/arconai.txt</page>
</regex>
<regex>
<name>Address3</name>
<expres><![CDATA["c"="([^"]*)]]></expres>
<page>https://raw.githubusercontent.com/Magic-Dust/MagicDust/master/arconai.txt</page>
</regex>
</item>

<item>
<title>School Of Rock</title>
<thumbnail>https://fanart.tv/fanart/movies/1584/movieposter/school-of-rock-53f7a862c918b.jpg</thumbnail>
<fanart>https://$doregex[Address]/logo.png</fanart>
<link>https://$doregex[Address2].$doregex[Address]/Movies/SchoolOfRock.mp4</link>
<regex>
<name>Address</name>
<expres><![CDATA["x"="([^"]*)]]></expres>
<page>https://raw.githubusercontent.com/Magic-Dust/MagicDust/master/arconai.txt</page>
</regex>
<regex>
<name>Address2</name>
<expres><![CDATA["a"="([^"]*)]]></expres>
<page>https://raw.githubusercontent.com/Magic-Dust/MagicDust/master/arconai.txt</page>
</regex>
<regex>
<name>Address3</name>
<expres><![CDATA["c"="([^"]*)]]></expres>
<page>https://raw.githubusercontent.com/Magic-Dust/MagicDust/master/arconai.txt</page>
</regex>
</item>

<item>
<title>The Irishman</title>
<thumbnail>https://image.tmdb.org/t/p/original/9WvxIbI1unFhTBaQjV9PfqV87K3.jpg</thumbnail>
<fanart>https://$doregex[Address]/logo.png</fanart>
<link>https://$doregex[Address2].$doregex[Address]/Movies/The.Irishman.2019.mp4</link>
<regex>
<name>Address</name>
<expres><![CDATA["x"="([^"]*)]]></expres>
<page>https://raw.githubusercontent.com/Magic-Dust/MagicDust/master/arconai.txt</page>
</regex>
<regex>
<name>Address2</name>
<expres><![CDATA["a"="([^"]*)]]></expres>
<page>https://raw.githubusercontent.com/Magic-Dust/MagicDust/master/arconai.txt</page>
</regex>
<regex>
<name>Address3</name>
<expres><![CDATA["c"="([^"]*)]]></expres>
<page>https://raw.githubusercontent.com/Magic-Dust/MagicDust/master/arconai.txt</page>
</regex>
</item>

<item>
<title>The Shining</title>
<thumbnail>https://fanart.tv/fanart/movies/694/movieposter/the-shining-55eed8ff3d6ef.jpg</thumbnail>
<fanart>https://$doregex[Address]/logo.png</fanart>
<link>https://$doregex[Address2].$doregex[Address]/Movies/The.Shining.1980.mp4</link>
<regex>
<name>Address</name>
<expres><![CDATA["x"="([^"]*)]]></expres>
<page>https://raw.githubusercontent.com/Magic-Dust/MagicDust/master/arconai.txt</page>
</regex>
<regex>
<name>Address2</name>
<expres><![CDATA["a"="([^"]*)]]></expres>
<page>https://raw.githubusercontent.com/Magic-Dust/MagicDust/master/arconai.txt</page>
</regex>
<regex>
<name>Address3</name>
<expres><![CDATA["c"="([^"]*)]]></expres>
<page>https://raw.githubusercontent.com/Magic-Dust/MagicDust/master/arconai.txt</page>
</regex>
</item>

<item>
<title>The Fifth Element</title>
<thumbnail>https://fanart.tv/fanart/movies/18/movieposter/the-fifth-element-5232a3cad1ade.jpg</thumbnail>
<fanart>https://$doregex[Address]/logo.png</fanart>
<link>https://$doregex[Address2].$doregex[Address]/Movies/TheFifthElement.mp4</link>
<regex>
<name>Address</name>
<expres><![CDATA["x"="([^"]*)]]></expres>
<page>https://raw.githubusercontent.com/Magic-Dust/MagicDust/master/arconai.txt</page>
</regex>
<regex>
<name>Address2</name>
<expres><![CDATA["a"="([^"]*)]]></expres>
<page>https://raw.githubusercontent.com/Magic-Dust/MagicDust/master/arconai.txt</page>
</regex>
<regex>
<name>Address3</name>
<expres><![CDATA["c"="([^"]*)]]></expres>
<page>https://raw.githubusercontent.com/Magic-Dust/MagicDust/master/arconai.txt</page>
</regex>
</item>

<item>
<title>The Lost Boys</title>
<thumbnail>https://ia.media-imdb.com/images/M/MV5BMWEzNmUxZTMtZjY0My00OGNmLWIyNDctODM2YzZjM2YwZWEwXkEyXkFqcGdeQXVyMTQxNzMzNDI@._V1_UY1200_CR95,0,630,1200_AL_.jpg</thumbnail>
<fanart>https://$doregex[Address]/logo.png</fanart>
<link>https://$doregex[Address3].$doregex[Address]/Movies/TheLostBoys1987.mp4</link>
<regex>
<name>Address</name>
<expres><![CDATA["x"="([^"]*)]]></expres>
<page>https://raw.githubusercontent.com/Magic-Dust/MagicDust/master/arconai.txt</page>
</regex>
<regex>
<name>Address2</name>
<expres><![CDATA["a"="([^"]*)]]></expres>
<page>https://raw.githubusercontent.com/Magic-Dust/MagicDust/master/arconai.txt</page>
</regex>
<regex>
<name>Address3</name>
<expres><![CDATA["c"="([^"]*)]]></expres>
<page>https://raw.githubusercontent.com/Magic-Dust/MagicDust/master/arconai.txt</page>
</regex>
</item>

<item>
<title>The Princess Bride</title>
<thumbnail>https://film.org/wp-content/uploads/2018/03/ThePrincessBride-web_original.jpg</thumbnail>
<fanart>https://$doregex[Address]/logo.png</fanart>
<link>https://$doregex[Address3].$doregex[Address]/Movies/ThePrincessBride1987.mp4</link>
<regex>
<name>Address</name>
<expres><![CDATA["x"="([^"]*)]]></expres>
<page>https://raw.githubusercontent.com/Magic-Dust/MagicDust/master/arconai.txt</page>
</regex>
<regex>
<name>Address2</name>
<expres><![CDATA["a"="([^"]*)]]></expres>
<page>https://raw.githubusercontent.com/Magic-Dust/MagicDust/master/arconai.txt</page>
</regex>
<regex>
<name>Address3</name>
<expres><![CDATA["c"="([^"]*)]]></expres>
<page>https://raw.githubusercontent.com/Magic-Dust/MagicDust/master/arconai.txt</page>
</regex>
</item>

<item>
<title>Troy</title>
<thumbnail>https://static.tvtropes.org/pmwiki/pub/images/TROY.jpg</thumbnail>
<fanart>https://$doregex[Address]/logo.png</fanart>
<link>https://$doregex[Address3].$doregex[Address]/Movies/Troy2004.mp4</link>
<regex>
<name>Address</name>
<expres><![CDATA["x"="([^"]*)]]></expres>
<page>https://raw.githubusercontent.com/Magic-Dust/MagicDust/master/arconai.txt</page>
</regex>
<regex>
<name>Address2</name>
<expres><![CDATA["a"="([^"]*)]]></expres>
<page>https://raw.githubusercontent.com/Magic-Dust/MagicDust/master/arconai.txt</page>
</regex>
<regex>
<name>Address3</name>
<expres><![CDATA["c"="([^"]*)]]></expres>
<page>https://raw.githubusercontent.com/Magic-Dust/MagicDust/master/arconai.txt</page>
</regex>
</item>

<item>
<title>Waiting</title>
<thumbnail>http://content9.flixster.com/movie/11/17/77/11177767_800.jpg</thumbnail>
<fanart>https://$doregex[Address]/logo.png</fanart>
<link>https://$doregex[Address2].$doregex[Address]/Movies/Waiting.2005.mp4</link>
<regex>
<name>Address</name>
<expres><![CDATA["x"="([^"]*)]]></expres>
<page>https://raw.githubusercontent.com/Magic-Dust/MagicDust/master/arconai.txt</page>
</regex>
<regex>
<name>Address2</name>
<expres><![CDATA["a"="([^"]*)]]></expres>
<page>https://raw.githubusercontent.com/Magic-Dust/MagicDust/master/arconai.txt</page>
</regex>
<regex>
<name>Address3</name>
<expres><![CDATA["c"="([^"]*)]]></expres>
<page>https://raw.githubusercontent.com/Magic-Dust/MagicDust/master/arconai.txt</page>
</regex>
</item>

<item>
<title>Walk Hard The Dewey Cox Story</title>
<thumbnail>https://image.tmdb.org/t/p/original/yfzNTre4BrEPw9UOpZky12N5nln.jpg</thumbnail>
<fanart>https://$doregex[Address]/logo.png</fanart>
<link>https://$doregex[Address2].$doregex[Address]/Movies/Walk.Hard.The.Dewey.Cox.Story.2007.mp4</link>
<regex>
<name>Address</name>
<expres><![CDATA["x"="([^"]*)]]></expres>
<page>https://raw.githubusercontent.com/Magic-Dust/MagicDust/master/arconai.txt</page>
</regex>
<regex>
<name>Address2</name>
<expres><![CDATA["a"="([^"]*)]]></expres>
<page>https://raw.githubusercontent.com/Magic-Dust/MagicDust/master/arconai.txt</page>
</regex>
<regex>
<name>Address3</name>
<expres><![CDATA["c"="([^"]*)]]></expres>
<page>https://raw.githubusercontent.com/Magic-Dust/MagicDust/master/arconai.txt</page>
</regex>
</item>

<item>
<title>Zoolander</title>
<thumbnail>https://fanart.tv/fanart/movies/9398/movieposter/zoolander-556b6ef0404f4.jpg</thumbnail>
<fanart>https://$doregex[Address]/logo.png</fanart>
<link>https://$doregex[Address2].$doregex[Address]/Movies/Zoolander.2001.mp4</link>
<regex>
<name>Address</name>
<expres><![CDATA["x"="([^"]*)]]></expres>
<page>https://raw.githubusercontent.com/Magic-Dust/MagicDust/master/arconai.txt</page>
</regex>
<regex>
<name>Address2</name>
<expres><![CDATA["a"="([^"]*)]]></expres>
<page>https://raw.githubusercontent.com/Magic-Dust/MagicDust/master/arconai.txt</page>
</regex>
<regex>
<name>Address3</name>
<expres><![CDATA["c"="([^"]*)]]></expres>
<page>https://raw.githubusercontent.com/Magic-Dust/MagicDust/master/arconai.txt</page>
</regex>
</item>