<item>
<title>Rumble[COLOR gold] News[/COLOR]</title>
<thumbnail>https://rumble.com/i/favicon.png</thumbnail>
<fanart>https://rochemamabolo.files.wordpress.com/2016/10/kens-vault-logo-breaking-news-640x356.jpg</fanart>
<link>$doregex[makelist]</link>
<regex>
<name>makelist</name>
<listrepeat><![CDATA[
  <title>[COLOR gold]https://rumble.com[makelist.param1][/COLOR]</title>
  <link>https://sp.[makelist.param4]2[makelist.param6].caa.1.mp4</link>
  <thumbnail>[makelist.param3][makelist.param4][makelist.param5][makelist.param6][makelist.param7]</thumbnail>
  <fanart>[makelist.param3][makelist.param4][makelist.param5][makelist.param6][makelist.param7]</fanart>
]]></listrepeat>
  <expres><![CDATA[video-item--title>([^<]*)<[^-*]*[^=]*=([^>]*)[^-*]*[^=]*=([^.]*.)([^\/]*\/[^\/]*\/)([^\/]*)(\/[^.*]*)([^ *]*)]]></expres>
  <page>https://rumble.com/category/news</page>
  <referer>https://rumble.com/</referer>
  <agent>Mozilla/5.0 (Linux; Android 6.0; Nexus 5 Build/MRA58N) AppleWebKit/537.36 (KHTML, like Gecko) Chrome/88.0.4324.96 Mobile Safari/537.36 Edg/88.0.705.50</agent>
</regex>
</item>

<item>
<title>Rumble[COLOR gold] Battle-leaderboard[/COLOR]</title>
<thumbnail>https://upload.wikimedia.org/wikipedia/commons/thumb/0/0a/Rumble_logo.svg/1024px-Rumble_logo.svg.png</thumbnail>
<fanart>https://guyanachronicle.com/wp-content/uploads/2015/12/trend.jpg</fanart>
<link>$doregex[makelist]</link>
<regex>
<name>makelist</name>
<listrepeat><![CDATA[
  <title>[COLOR gold]https://rumble.com[makelist.param1][/COLOR]</title>
  <link>https://sp.[makelist.param4]2[makelist.param6].caa.1.mp4</link>
  <thumbnail>[makelist.param3][makelist.param4][makelist.param5][makelist.param6][makelist.param7]</thumbnail>
  <fanart>[makelist.param3][makelist.param4][makelist.param5][makelist.param6][makelist.param7]</fanart>
]]></listrepeat>
  <expres><![CDATA[video-item--title>([^<]*)<[^-*]*[^=]*=([^>]*)[^-*]*[^=]*=[^=]*=([^.]*.)([^\/]*\/[^\/]*\/)([^\/]*)(\/[^.*]*)([^ *]*)]]></expres>
  <page>https://rumble.com/battle-leaderboard</page>
  <referer>https://rumble.com/</referer>
  <agent>Mozilla/5.0 (Linux; Android 6.0; Nexus 5 Build/MRA58N) AppleWebKit/537.36 (KHTML, like Gecko) Chrome/88.0.4324.96 Mobile Safari/537.36 Edg/88.0.705.50</agent>
</regex>
</item>

<item>
<title>Rumble[COLOR gold] AFV[/COLOR]</title>
<thumbnail>https://i.rmbl.ws/z0/b/1/s/b/b1sba.asF-AFV-pkrij4.jpg</thumbnail>
<fanart>http://images.wikia.com/gameshows/images/c/c0/America%27s_Funniest_Home_Videos_Logo_2004_AFV.jpg</fanart>
<link>$doregex[makelist]</link>
<regex>
<name>makelist</name>
<listrepeat><![CDATA[
  <title>[COLOR gold]https://rumble.com[makelist.param1][/COLOR]</title>
  <link>https://sp.[makelist.param4]2[makelist.param6].caa.1.mp4</link>
  <thumbnail>[makelist.param3][makelist.param4][makelist.param5][makelist.param6][makelist.param7]</thumbnail>
  <fanart>[makelist.param3][makelist.param4][makelist.param5][makelist.param6][makelist.param7]</fanart>
]]></listrepeat>
  <expres><![CDATA[video-item--title>([^<]*)<[^-*]*[^=]*=([^>]*)[^-*]*[^=]*=([^.]*.)([^\/]*\/[^\/]*\/)([^\/]*)(\/[^.*]*)([^ *]*)]]></expres>
  <page>https://rumble.com/user/AFV</page>
  <referer>https://rumble.com/</referer>
  <agent>Mozilla/5.0 (Linux; Android 6.0; Nexus 5 Build/MRA58N) AppleWebKit/537.36 (KHTML, like Gecko) Chrome/88.0.4324.96 Mobile Safari/537.36 Edg/88.0.705.50</agent>
</regex>
</item>

<item>
<title>Rumble[COLOR gold] Bongino[/COLOR]</title>
<thumbnail>https://i.rmbl.ws/z8/U/K/d/b/UKdba.baa-Bongino-qgs0w4.jpg</thumbnail>
<fanart>https://i.rmbl.ws/z8/U/K/d/b/UKdba.caa-Bongino-qgs0w8.jpg</fanart>
<link>$doregex[makelist]</link>
<regex>
<name>makelist</name>
<listrepeat><![CDATA[
  <title>[COLOR gold]https://rumble.com[makelist.param1][/COLOR]</title>
  <link>https://sp.[makelist.param4]2[makelist.param6].caa.1.mp4</link>
  <thumbnail>[makelist.param3][makelist.param4][makelist.param5][makelist.param6][makelist.param7]</thumbnail>
  <fanart>[makelist.param3][makelist.param4][makelist.param5][makelist.param6][makelist.param7]</fanart>
]]></listrepeat>
  <expres><![CDATA[video-item--title>([^<]*)<[^-*]*[^=]*=([^>]*)[^-*]*[^=]*=([^.]*.)([^\/]*\/[^\/]*\/)([^\/]*)(\/[^.*]*)([^ *]*)]]></expres>
  <page>https://rumble.com/c/Bongino</page>
  <referer>https://rumble.com/</referer>
  <agent>Mozilla/5.0 (Linux; Android 6.0; Nexus 5 Build/MRA58N) AppleWebKit/537.36 (KHTML, like Gecko) Chrome/88.0.4324.96 Mobile Safari/537.36 Edg/88.0.705.50</agent>
</regex>
</item>

<item>
<title>Rumble[COLOR gold] CharlieKirk[/COLOR]</title>
<thumbnail>https://i.rmbl.ws/z8/P/b/n/b/Pbnba.baa-CharlieKirk-qjls28.jpg</thumbnail>
<fanart>https://i.rmbl.ws/z8/P/b/n/b/Pbnba.caa-CharlieKirk-qjls2b.jpg</fanart>
<link>$doregex[makelist]</link>
<regex>
<name>makelist</name>
<listrepeat><![CDATA[
  <title>[COLOR gold]https://rumble.com[makelist.param1][/COLOR]</title>
  <link>https://sp.[makelist.param4]2[makelist.param6].caa.1.mp4</link>
  <thumbnail>[makelist.param3][makelist.param4][makelist.param5][makelist.param6][makelist.param7]</thumbnail>
  <fanart>[makelist.param3][makelist.param4][makelist.param5][makelist.param6][makelist.param7]</fanart>
]]></listrepeat>
  <expres><![CDATA[video-item--title>([^<]*)<[^-*]*[^=]*=([^>]*)[^-*]*[^=]*=([^.]*.)([^\/]*\/[^\/]*\/)([^\/]*)(\/[^.*]*)([^ *]*)]]></expres>
  <page>https://rumble.com/c/CharlieKirk</page>
  <referer>https://rumble.com/</referer>
  <agent>Mozilla/5.0 (Linux; Android 6.0; Nexus 5 Build/MRA58N) AppleWebKit/537.36 (KHTML, like Gecko) Chrome/88.0.4324.96 Mobile Safari/537.36 Edg/88.0.705.50</agent>
</regex>
</item>

<item>
<title>Rumble[COLOR gold] DiamondandSilk[/COLOR]</title>
<thumbnail>https://i.rmbl.ws/z8/h/z/f/b/hzfba.baa-DiamondandSilk-qh10tb.png</thumbnail>
<fanart>https://i.rmbl.ws/z8/h/z/f/b/hzfba.caa-DiamondandSilk-qmw4np.png</fanart>
<link>$doregex[makelist]</link>
<regex>
<name>makelist</name>
<listrepeat><![CDATA[
  <title>[COLOR gold]https://rumble.com[makelist.param1][/COLOR]</title>
  <link>https://sp.[makelist.param4]2[makelist.param6].caa.1.mp4</link>
  <thumbnail>[makelist.param3][makelist.param4][makelist.param5][makelist.param6][makelist.param7]</thumbnail>
  <fanart>[makelist.param3][makelist.param4][makelist.param5][makelist.param6][makelist.param7]</fanart>
]]></listrepeat>
  <expres><![CDATA[video-item--title>([^<]*)<[^-*]*[^=]*=([^>]*)[^-*]*[^=]*=([^.]*.)([^\/]*\/[^\/]*\/)([^\/]*)(\/[^.*]*)([^ *]*)]]></expres>
  <page>https://rumble.com/c/DiamondandSilk</page>
  <referer>https://rumble.com/</referer>
  <agent>Mozilla/5.0 (Linux; Android 6.0; Nexus 5 Build/MRA58N) AppleWebKit/537.36 (KHTML, like Gecko) Chrome/88.0.4324.96 Mobile Safari/537.36 Edg/88.0.705.50</agent>
</regex>
</item>

<item>
<title>Rumble[COLOR gold] DineshDsouza[/COLOR]</title>
<thumbnail>https://i.rmbl.ws/z8/x/G/g/b/xGgba.baa-DineshDsouza-qhjg9j.jpg</thumbnail>
<fanart>https://i.rmbl.ws/z8/x/G/g/b/xGgba.caa-DineshDsouza-qhjg9m.jpg</fanart>
<link>$doregex[makelist]</link>
<regex>
<name>makelist</name>
<listrepeat><![CDATA[
  <title>[COLOR gold]https://rumble.com[makelist.param1][/COLOR]</title>
  <link>https://sp.[makelist.param4]2[makelist.param6].caa.1.mp4</link>
  <thumbnail>[makelist.param3][makelist.param4][makelist.param5][makelist.param6][makelist.param7]</thumbnail>
  <fanart>[makelist.param3][makelist.param4][makelist.param5][makelist.param6][makelist.param7]</fanart>
]]></listrepeat>
  <expres><![CDATA[video-item--title>([^<]*)<[^-*]*[^=]*=([^>]*)[^-*]*[^=]*=([^.]*.)([^\/]*\/[^\/]*\/)([^\/]*)(\/[^.*]*)([^ *]*)]]></expres>
  <page>https://rumble.com/c/DineshDsouza</page>
  <referer>https://rumble.com/</referer>
  <agent>Mozilla/5.0 (Linux; Android 6.0; Nexus 5 Build/MRA58N) AppleWebKit/537.36 (KHTML, like Gecko) Chrome/88.0.4324.96 Mobile Safari/537.36 Edg/88.0.705.50</agent>
</regex>
</item>

<item>
<title>Rumble[COLOR gold] Reuters[/COLOR]</title>
<thumbnail>https://i.rmbl.ws/z8/v/F/a/a/vFaaa.baa.1-Reuters-ndg69d.jpg</thumbnail>
<fanart>https://i.rmbl.ws/z8/v/F/a/a/vFaaa.baa.1-Reuters-ndg69d.jpg</fanart>
<link>$doregex[makelist]</link>
<regex>
<name>makelist</name>
<listrepeat><![CDATA[
  <title>[COLOR gold]https://rumble.com[makelist.param1][/COLOR]</title>
  <link>https://sp.[makelist.param4]2[makelist.param6].caa.1.mp4</link>
  <thumbnail>[makelist.param3][makelist.param4][makelist.param5][makelist.param6][makelist.param7]</thumbnail>
  <fanart>[makelist.param3][makelist.param4][makelist.param5][makelist.param6][makelist.param7]</fanart>
]]></listrepeat>
  <expres><![CDATA[video-item--title>([^<]*)<[^-*]*[^=]*=([^>]*)[^-*]*[^=]*=([^.]*.)([^\/]*\/[^\/]*\/)([^\/]*)(\/[^.*]*)([^ *]*)]]></expres>
  <page>https://rumble.com/c/Reuters</page>
  <referer>https://rumble.com/</referer>
  <agent>Mozilla/5.0 (Linux; Android 6.0; Nexus 5 Build/MRA58N) AppleWebKit/537.36 (KHTML, like Gecko) Chrome/88.0.4324.96 Mobile Safari/537.36 Edg/88.0.705.50</agent>
</regex>
</item>

<item>
<title>Rumble[COLOR gold] NewsmaxTV[/COLOR]</title>
<thumbnail>https://i.rmbl.ws/z8/1/u/n/b/1unba.baa-NewsmaxTV-qlckqh.jpg</thumbnail>
<fanart>https://i.rmbl.ws/z8/1/u/n/b/1unba.caa-NewsmaxTV-qlcplr.jpg</fanart>
<link>$doregex[makelist]</link>
<regex>
<name>makelist</name>
<listrepeat><![CDATA[
  <title>[COLOR gold]https://rumble.com[makelist.param1][/COLOR]</title>
  <link>https://sp.[makelist.param4]2[makelist.param6].caa.1.mp4</link>
  <thumbnail>[makelist.param3][makelist.param4][makelist.param5][makelist.param6][makelist.param7]</thumbnail>
  <fanart>[makelist.param3][makelist.param4][makelist.param5][makelist.param6][makelist.param7]</fanart>
]]></listrepeat>
  <expres><![CDATA[video-item--title>([^<]*)<[^-*]*[^=]*=([^>]*)[^-*]*[^=]*=([^.]*.)([^\/]*\/[^\/]*\/)([^\/]*)(\/[^.*]*)([^ *]*)]]></expres>
  <page>https://rumble.com/c/NewsmaxTV</page>
  <referer>https://rumble.com/</referer>
  <agent>Mozilla/5.0 (Linux; Android 6.0; Nexus 5 Build/MRA58N) AppleWebKit/537.36 (KHTML, like Gecko) Chrome/88.0.4324.96 Mobile Safari/537.36 Edg/88.0.705.50</agent>
</regex>
</item>

<item>
<title>Rumble[COLOR gold] OANN[/COLOR]</title>
<thumbnail>https://i.rmbl.ws/z8/H/1/l/b/H1lba.baa-OANN-qkqh8q.jpg</thumbnail>
<fanart>https://i.rmbl.ws/z8/H/1/l/b/H1lba.caa-OANN-qkqh8x.jpg</fanart>
<link>$doregex[makelist]</link>
<regex>
<name>makelist</name>
<listrepeat><![CDATA[
  <title>[COLOR gold]https://rumble.com[makelist.param1][/COLOR]</title>
  <link>https://sp.[makelist.param4]2[makelist.param6].caa.1.mp4</link>
  <thumbnail>[makelist.param3][makelist.param4][makelist.param5][makelist.param6][makelist.param7]</thumbnail>
  <fanart>[makelist.param3][makelist.param4][makelist.param5][makelist.param6][makelist.param7]</fanart>
]]></listrepeat>
  <expres><![CDATA[video-item--title>([^<]*)<[^-*]*[^=]*=([^>]*)[^-*]*[^=]*=([^.]*.)([^\/]*\/[^\/]*\/)([^\/]*)(\/[^.*]*)([^ *]*)]]></expres>
  <page>https://rumble.com/c/OANN</page>
  <referer>https://rumble.com/</referer>
  <agent>Mozilla/5.0 (Linux; Android 6.0; Nexus 5 Build/MRA58N) AppleWebKit/537.36 (KHTML, like Gecko) Chrome/88.0.4324.96 Mobile Safari/537.36 Edg/88.0.705.50</agent>
</regex>
</item>

<item>
<title>Rumble[COLOR gold] Viral[/COLOR]</title>
<thumbnail>https://th.bing.com/th/id/OIP.GGJJBwf9sWNwVOg3atKWKgHaHa?w=197&h=197&c=7&o=5&dpr=1.17&pid=1.7</thumbnail>
<fanart>https://ripmediagroup.com/wp-content/uploads/2016/10/Some-Viral-Videos-You-Need-to-Know1-1.jpg</fanart>
<link>$doregex[makelist]</link>
<regex>
<name>makelist</name>
<listrepeat><![CDATA[
  <title>[COLOR gold]https://rumble.com[makelist.param1][/COLOR]</title>
  <link>https://sp.[makelist.param4]2[makelist.param6].caa.1.mp4</link>
  <thumbnail>[makelist.param3][makelist.param4][makelist.param5][makelist.param6][makelist.param7]</thumbnail>
  <fanart>[makelist.param3][makelist.param4][makelist.param5][makelist.param6][makelist.param7]</fanart>
]]></listrepeat>
  <expres><![CDATA[video-item--title>([^<]*)<[^-*]*[^=]*=([^>]*)[^-*]*[^=]*=([^.]*.)([^\/]*\/[^\/]*\/)([^\/]*)(\/[^.*]*)([^ *]*)]]></expres>
  <page>https://rumble.com/category/viral</page>
  <referer>https://rumble.com/</referer>
  <agent>Mozilla/5.0 (Linux; Android 6.0; Nexus 5 Build/MRA58N) AppleWebKit/537.36 (KHTML, like Gecko) Chrome/88.0.4324.96 Mobile Safari/537.36 Edg/88.0.705.50</agent>
</regex>
</item>