<item>
<title>FXN1</title>
<link>plugin://plugin.video.tvone111/play/MTI1Mg==w/play.pvr$$LSPlayOnlyOne$$$$lsname=Redbox</link>
<link>plugin://plugin.video.tvone11/play/5/149/play.pvr$$lsname=Swiftstreamz HD</link>
<link>plugin://script.module.7of9-swiftstreamz2/play/5/149/play.pvr$$lsname=Swiftstreamz SD</link>
<link>plugin://script.module.7of9-worldtv/play/119/play.pvr$$lsname=WorldTV</link>
<link>plugin://script.module.tt/play/119/play.pvr$$lsname=TVtap</link>
<link>plugin://plugin.video.temptv/?action=sports24Play&amp;url=http%3a%2f%2fsports24.club%2ftv%2fv%3fid%3dfoxnews$$lsname=Sports24</link>
</item>

<item>
<title>FXN2</title>
<link>plugin://plugin.video.tvone111/play/MTI1Mg==w/play.pvr$$lsname=Redbox</link>
<link>plugin://plugin.video.tvone11/play/5/149/play.pvr$$lsname=Swiftstreamz HD</link>
<link>plugin://script.module.7of9-swiftstreamz2/play/5/149/play.pvr$$lsname=Swiftstreamz SD</link>
<link>plugin://script.module.7of9-worldtv/play/119/play.pvr$$lsname=WorldTV</link>
<link>plugin://script.module.tt/play/119/play.pvr$$lsname=TVtap</link>
<link>plugin://plugin.video.temptv/?action=sports24Play&amp;url=http%3a%2f%2fsports24.club%2ftv%2fv%3fid%3dfoxnews$$lsname=Sports24</link>
</item>

<item>
<title>FXN3</title>
<link>plugin://plugin.video.tvone11/play/5/149/play.pvr</link>
</item>

<item>
<title>FXN4</title>
<link>plugin://plugin.video.tvone11/play/5/149/play.pvr</link>
</item>
