<item>
<title>Crackstreams</title>
<link>$doregex[makelist]</link>
<regex>
<name>makelist</name>
<listrepeat><![CDATA[
  <title>[COLOR gold][makelist.param2][/COLOR]</title>
  <link>$doregex[makelist2]</link>
]]></listrepeat>
<expres><![CDATA[#$pyFunction
import re
def GetLSProData(page_data,Cookie_Jar,m):
  return re.findall('href="/(.*?)">([^\s]+)',re.findall('"nav navbar-nav">(?s)(.*?)</ul',page_data)[0])
]]></expres>
<page>http://crackstreams.net/</page>
</regex>
<regex>
<name>makelist2</name>
<listrepeat><![CDATA[
  <title>[COLOR gold][makelist2.param3][/COLOR]</title>
  <link>$doregex[getUrl]</link>
  <thumbnail>http://crackstreams.net/[makelist2.param2]</thumbnail>
]]></listrepeat>
<expres><![CDATA[#$pyFunction
import re
def GetLSProData(page_data,Cookie_Jar,m):
  return re.findall('(?s)href=[\'"]([^\'"]+).+?(imag[^\'"]+).+?media-heading.>([^<]+)',re.findall('Schedule</h1>(?s)(.*?)(?:"text-center|<h2)',page_data)[0])
]]></expres>
<page>http://crackstreams.net/[makelist.param1]</page>
<referer>http://crackstreams.net/</referer>
</regex>
<regex>
<name>getUrl</name>
<expres><![CDATA[#$pyFunction
import re,requests
def GetLSProData(page_data,Cookie_Jar,m):
  return re.findall('player[\w\W]*?(?:source|src|file):\s*[\'"]([^\'"]+)',page_data)[0]+'|user-agent=ipad&origin=http://crackstreams.net&referer=[makelist2.param1]'
]]></expres>
<page>[makelist2.param1]</page>
<referer>http://crackstreams.net/live/[makelist.param1]</referer>
</regex>
</item>

<item>
<title>http://www.crackstreams.net/live/ch1.php</title>
<link>$doregex[getUrl]</link>
<regex>
<name>getUrl</name>
<expres><![CDATA[#$pyFunction
import re,requests
def GetLSProData(page_data,Cookie_Jar,m):
  return re.findall('player[\w\W]*?(?:source|src|file):\s*[\'"]([^\'"]+)',page_data)[0]+'|user-agent=ipad&origin=http://crackstreams.net&referer=http://crackstreams.net/embed/ch1.php'
]]></expres>
<page>http://crackstreams.net/embed/ch1.php</page>
<referer>http://www.crackstreams.net/live/ch1.php</referer>
</regex>
</item>

<item>
<title>crackstreams boxing</title>
<thumbnail></thumbnail>
<fanart></fanart>
<link>$doregex[getUrl]</link>
<regex>
<name>getUrl</name>
<expres><![CDATA[#$pyFunction
import re,requests
def GetLSProData(page_data,Cookie_Jar,m):
    link=re.findall('<iframe.+?src="([^"]+)',page_data)[0]
    source=requests.get(link,headers={'user-agent':'Mozilla/5.0','referer':'http://crackstreams.com/boxing-streams/watch-dazn-ortiz-jr-vs-vargas/','accept':'*/*'}).content
    return re.findall('(?s)source:\s"([^"]*)',source)[0]
]]></expres>
<page>http://crackstreams.com/boxing-streams/watch-dazn-ortiz-jr-vs-vargas/</page>
</regex>
</item>