<item>
<title>NYRA</title>
<thumbnail>http://integratedstaffingcorp.com/wp-content/uploads/2018/01/NYRA-238x300.png</thumbnail>
<fanart>https://github.com/Magic-Dust/MagicDust/raw/master/fanart.jpg</fanart>
<link>$doregex[getUrl]</link>
<regex>
<name>getUrl</name>
<expres><![CDATA[#$pyFunction
import re,urllib2,resolveurl
def GetLSProData(page_data,Cookie_Jar,m):#streamwatcher2013
  source=urllib2.urlopen('https://www.youtube.com/c/thenyra/featured').read()
  return resolveurl.resolve('https://www.youtube.com//watch?v='+re.findall('"watchEndpoint":{"videoId":"([^"]+)[^{]*{[^{]*{[^:]*:[^:]*:"LIVE',source)[0])
]]></expres>
<page>https://www.youtube.com/c/thenyra/featured</page>
</regex>
<thumbnail>https://payliance.com/portals/0/images/logos/logo-nyra-circle.png</thumbnail>
<fanart>https://github.com/Magic-Dust/MagicDust/raw/master/fanart.jpg</fanart>
</item>
