<item>
<title>MYRTLE WMBF 7 Day</title>
<thumbnail>https://upload.wikimedia.org/wikipedia/en/thumb/3/34/WMBF-TV_News_logo.svg/225px-WMBF-TV_News_logo.svg.png</thumbnail>
<fanart>https://webpubcontent.raycommedia.com/wmbf/weather/7DAY_BEACH_FORECAST.JPG</fanart>
<link>$doregex[Nothing]</link>
<regex>
<name>Nothing</name>
<NOTPlayable>True</NOTPlayable>
</regex>
</item>

<item>
<title>MYRTLE WMBF Waves</title>
<thumbnail>https://upload.wikimedia.org/wikipedia/en/thumb/3/34/WMBF-TV_News_logo.svg/225px-WMBF-TV_News_logo.svg.png</thumbnail>
<fanart>https://webpubcontent.raycommedia.com/wmbf/weather/waves.jpg</fanart>
<link>$doregex[Nothing]</link>
<regex>
<name>Nothing</name>
<NOTPlayable>True</NOTPlayable>
</regex>
</item>

<item>
<title>MYRTLE WPDE Beach</title>
<thumbnail>https://upload.wikimedia.org/wikipedia/en/thumb/0/09/WPDE15.png/220px-WPDE15.png</thumbnail>
<fanart>https://wpde.com/resources/ftptransfer/wpde/maps/BeachAndSurfForecast.jpg</fanart>
<link>$doregex[Nothing]</link>
<regex>
<name>Nothing</name>
<NOTPlayable>True</NOTPlayable>
</regex>
</item>

<item>
<title>MYRTLE WPDE 10 Day Forecast</title>
<thumbnail>https://upload.wikimedia.org/wikipedia/en/thumb/0/09/WPDE15.png/220px-WPDE15.png</thumbnail>
<fanart>https://wpde.com/resources/ftptransfer/wpde/maps/GrandStrand7DayForecast.jpg</fanart>
<link>$doregex[Nothing]</link>
<regex>
<name>Nothing</name>
<NOTPlayable>True</NOTPlayable>
</regex>
</item>

<item>
<title>MYRTLE Boating</title>
<thumbnail>https://upload.wikimedia.org/wikipedia/en/thumb/0/09/WPDE15.png/220px-WPDE15.png</thumbnail>
<fanart>https://wpde.com/resources/ftptransfer/wpde/maps/BoatingForecast.jpg</fanart>
<link>$doregex[Nothing]</link>
<regex>
<name>Nothing</name>
<NOTPlayable>True</NOTPlayable>
</regex>
</item>

<item>
<title>ALBANY WRGB Current</title>
<thumbnail>http://static.boomtowncdn.com/wp-content/blogs.dir/161/files/2016/10/WRGB_CBS_6_News.svg_.png/thumbnail>
<fanart>https://cbs6albany.com/resources/ftptransfer/wrgb/maps/Web_Albany_Currents.jpg</fanart>
<link>$doregex[Nothing]</link>
<regex>
<name>Nothing</name>
<NOTPlayable>True</NOTPlayable>
</regex>
</item>

<item>
<title>ALBANY WRGB Local</title>
<thumbnail>http://static.boomtowncdn.com/wp-content/blogs.dir/161/files/2016/10/WRGB_CBS_6_News.svg_.png/thumbnail>
<fanart>https://cbs6albany.com/resources/ftptransfer/wrgb/maps/web_local_temps.jpg</fanart>
<link>$doregex[Nothing]</link>
<regex>
<name>Nothing</name>
<NOTPlayable>True</NOTPlayable>
</regex>
</item>

<item>
<title>ALBANY WRGB 7 Day</title>
<thumbnail>http://static.boomtowncdn.com/wp-content/blogs.dir/161/files/2016/10/WRGB_CBS_6_News.svg_.png/thumbnail>
<fanart>https://cbs6albany.com/resources/ftptransfer/wrgb/maps/7Day_Forecast.jpg</fanart>
<link>$doregex[Nothing]</link>
<regex>
<name>Nothing</name>
<NOTPlayable>True</NOTPlayable>
</regex>
</item>

<item>
<title>ALBANY WTEN 7 Day</title>
<thumbnail>https://i0.wp.com/www.news10.com/wp-content/uploads/sites/64/2019/08/WTEN-10-LOGO.png</thumbnail>
<fanart>https://media.news10.com/nxs-wtentv-media-us-east-1/weather/baronwebscheduler/WEB_7-DAY_FORECAST.jpg</fanart>
<link>$doregex[Nothing]</link>
<regex>
<name>Nothing</name>
<NOTPlayable>True</NOTPlayable>
</regex>
</item>

<item>
<title>ALBANY WTEN Current</title>
<thumbnail>https://i0.wp.com/www.news10.com/wp-content/uploads/sites/64/2019/08/WTEN-10-LOGO.png</thumbnail>
<fanart>https://media.news10.com/nxs-wtentv-media-us-east-1/weather/baronwebscheduler/WEB_DMA_Current_Temps.jpg</fanart>
<link>$doregex[Nothing]</link>
<regex>
<name>Nothing</name>
<NOTPlayable>True</NOTPlayable>
</regex>
</item>