<item>
<title>NFL</title>
<link>$doregex[makelist]</link>
<thumbnail>http://2.bp.blogspot.com/-NFFnhJPlg74/UEbswL9AmMI/AAAAAAAAEYw/3aQAG9gDGqs/s1600/NFL+Logo+08.png</thumbnail>
<fanart>https://github.com/Magic-Dust/MagicDust/raw/master/fanart.jpg</fanart>
<regex>
<name>makelist</name>
<listrepeat><![CDATA[
<title>[COLOR orange][makelist.param2][/COLOR] -[makelist.param3]</title>
<link>$doregex[gameurl]</link>
<thumbnail>https://s22908.pcdn.co/stream-sports/wp-content/uploads/sites/3/2016/08/ncaa-football-280x280.png</thumbnail>
<fanart>https://github.com/Magic-Dust/MagicDust/raw/master/fanart.jpg</fanart>
]]></listrepeat>
<expres><![CDATA[<a href='([^']*)[^<]*<[^<]*<[^<]*<[^<]*<[^<]*<[^<]*[^>]*>([^<]*)[^>]*>[^>]*>([^<]*)]]></expres>
<page>$doregex[homecookie]</page>
</regex>
<regex>
<name>hoster</name>
<expres><![CDATA[<iframe.*?src="([^"]*)]]></expres>
<page>[makelist.param1]</page>
</regex>
<regex>
<name>gameurl</name>
<expres><![CDATA[source: "([^"]*)]]></expres>
<page>[makelist.param1]/$doregex[hoster]</page>
</regex>
<regex>
<name>homecookie</name>
<expres>$pyFunction:sucuri_cookie.createCookie('http://crackstreams.net/nfl-streams/',Cookie_Jar,'Mozilla/5.0 (Windows NT 10.0) AppleWebKit/537.36 (KHTML, like Gecko) Chrome/64.0.3282.140 Safari/537.36 Edge/18.17763')</expres>
<page></page>
</regex>
</item>

<item>
<title>NBA</title>
<link>$doregex[makelist]</link>
<thumbnail>https://www.iphonelife.com/sites/iphonelife.com/files/NBA-Logo.png</thumbnail>
<fanart>https://github.com/Magic-Dust/MagicDust/raw/master/fanart.jpg</fanart>
<regex>
<name>makelist</name>
<listrepeat><![CDATA[
<title>[COLOR orange][makelist.param2][/COLOR] -[makelist.param3]</title>
<link>$doregex[gameurl]</link>
<thumbnail>https://www.iphonelife.com/sites/iphonelife.com/files/NBA-Logo.png</thumbnail>
<fanart>https://github.com/Magic-Dust/MagicDust/raw/master/fanart.jpg</fanart>
]]></listrepeat>
<expres><![CDATA[<a href='([^']*)[^<]*<[^<]*<[^<]*<[^<]*<[^<]*<[^<]*[^>]*>([^<]*)[^>]*>[^>]*>([^<]*)]]></expres>
<page>$doregex[homecookie]</page>
</regex>
<regex>
<name>hoster</name>
<expres><![CDATA[<iframe.*?src="([^"]*)]]></expres>
<page>[makelist.param1]</page>
</regex>
<regex>
<name>gameurl</name>
<expres><![CDATA[source: "([^"]*)]]></expres>
<page>[makelist.param1]/$doregex[hoster]</page>
</regex>
<regex>
<name>homecookie</name>
<expres>$pyFunction:sucuri_cookie.createCookie('http://crackstreams.net/nbastreams/',Cookie_Jar,'Mozilla/5.0 (Windows NT 10.0) AppleWebKit/537.36 (KHTML, like Gecko) Chrome/64.0.3282.140 Safari/537.36 Edge/18.17763')</expres>
<page></page>
</regex>
</item>

<item>
<title>NCAA Football</title>
<link>$doregex[makelist]</link>
<thumbnail>https://s22908.pcdn.co/stream-sports/wp-content/uploads/sites/3/2016/08/ncaa-football-280x280.png</thumbnail>
<fanart>https://github.com/Magic-Dust/MagicDust/raw/master/fanart.jpg</fanart>
<regex>
<name>makelist</name>
<listrepeat><![CDATA[
<title>[COLOR orange][makelist.param2][/COLOR] -[makelist.param3]</title>
<link>$doregex[gameurl]</link>
<thumbnail>https://s22908.pcdn.co/stream-sports/wp-content/uploads/sites/3/2016/08/ncaa-football-280x280.png</thumbnail>
<fanart>https://github.com/Magic-Dust/MagicDust/raw/master/fanart.jpg</fanart>
]]></listrepeat>
<expres><![CDATA[<a href='([^']*)[^<]*<[^<]*<[^<]*<[^<]*<[^<]*<[^<]*[^>]*>([^<]*)[^>]*>[^>]*>([^<]*)]]></expres>
<page>$doregex[homecookie]</page>
</regex>
<regex>
<name>hoster</name>
<expres><![CDATA[<iframe.*?src="([^"]*)]]></expres>
<page>[makelist.param1]</page>
</regex>
<regex>
<name>gameurl</name>
<expres><![CDATA[source: "([^"]*)]]></expres>
<page>[makelist.param1]/$doregex[hoster]</page>
</regex>
<regex>
<name>homecookie</name>
<expres>$pyFunction:sucuri_cookie.createCookie('http://crackstreams.net/cfbstreams/',Cookie_Jar,'Mozilla/5.0 (Windows NT 10.0) AppleWebKit/537.36 (KHTML, like Gecko) Chrome/64.0.3282.140 Safari/537.36 Edge/18.17763')</expres>
<page></page>
</regex>
</item>

<item>
<title>MMA\UFC</title>
<link>$doregex[makelist]</link>
<thumbnail>http://clipart-library.com/image_gallery/590620.png</thumbnail>
<fanart>https://github.com/Magic-Dust/MagicDust/raw/master/fanart.jpg</fanart>
<regex>
<name>makelist</name>
<listrepeat><![CDATA[
<title>[COLOR orange][makelist.param2][/COLOR] -[makelist.param3]</title>
<link>$doregex[gameurl]</link>
<thumbnail>http://clipart-library.com/image_gallery/590620.png</thumbnail>
<fanart>https://github.com/Magic-Dust/MagicDust/raw/master/fanart.jpg</fanart>
]]></listrepeat>
<expres><![CDATA[<a href='([^']*)[^<]*<[^<]*<[^<]*<[^<]*<[^<]*<[^<]*[^>]*>([^<]*)[^>]*>[^>]*>([^<]*)]]></expres>
<page>$doregex[homecookie]</page>
</regex>
<regex>
<name>hoster</name>
<expres><![CDATA[<iframe.*?src="([^"]*)]]></expres>
<page>[makelist.param1]</page>
</regex>
<regex>
<name>gameurl</name>
<expres><![CDATA[source: "([^"]*)]]></expres>
<page>[makelist.param1]/$doregex[hoster]</page>
</regex>
<regex>
<name>homecookie</name>
<expres>$pyFunction:sucuri_cookie.createCookie('http://crackstreams.net/mmastreams/',Cookie_Jar,'Mozilla/5.0 (Windows NT 10.0) AppleWebKit/537.36 (KHTML, like Gecko) Chrome/64.0.3282.140 Safari/537.36 Edge/18.17763')</expres>
<page></page>
</regex>
</item>

<item>
<title>Boxing</title>
<link>$doregex[makelist]</link>
<thumbnail>http://www.pngall.com/wp-content/uploads/2016/05/Boxing-Gloves-PNG-HD.png</thumbnail>
<fanart>https://github.com/Magic-Dust/MagicDust/raw/master/fanart.jpg</fanart>
<regex>
<name>makelist</name>
<listrepeat><![CDATA[
<title>[COLOR orange][makelist.param2][/COLOR] -[makelist.param3]</title>
<link>$doregex[gameurl]</link>
<thumbnail>http://www.pngall.com/wp-content/uploads/2016/05/Boxing-Gloves-PNG-HD.png</thumbnail>
<fanart>https://github.com/Magic-Dust/MagicDust/raw/master/fanart.jpg</fanart>
]]></listrepeat>
<expres><![CDATA[<a href='([^']*)[^<]*<[^<]*<[^<]*<[^<]*<[^<]*<[^<]*[^>]*>([^<]*)[^>]*>[^>]*>([^<]*)]]></expres>
<page>$doregex[homecookie]</page>
</regex>
<regex>
<name>hoster</name>
<expres><![CDATA[<iframe.*?src="([^"]*)]]></expres>
<page>[makelist.param1]</page>
</regex>
+-<regex>
<name>gameurl</name>
<expres><![CDATA[source: "([^"]*)]]></expres>
<page>[makelist.param1]/$doregex[hoster]</page>
</regex>
<regex>
<name>homecookie</name>
<expres>$pyFunction:sucuri_cookie.createCookie('http://crackstreams.net/boxingstreams/',Cookie_Jar,'Mozilla/5.0 (Windows NT 10.0) AppleWebKit/537.36 (KHTML, like Gecko) Chrome/64.0.3282.140 Safari/537.36 Edge/18.17763')</expres>
<page></page>
</regex>
</item>

<item>
<title>http://www.crackstreams.net/live/ch1.php</title>
<link>$doregex[getUrl]</link>
<regex>
<name>getUrl</name>
<expres><![CDATA[#$pyFunction
import re,requests
def GetLSProData(page_data,Cookie_Jar,m):
  return re.findall('player[\w\W]*?(?:source|src|file):\s*[\'"]([^\'"]+)',page_data)[0]+'|user-agent=ipad&origin=http://crackstreams.net&referer=http://crackstreams.net/embed/ch1.php'
]]></expres>
<page>http://crackstreams.net/embed/ch1.php</page>
<referer>http://www.crackstreams.net/live/ch1.php</referer>
</regex>
</item>
