<item>
<title>Hidden Movie A Season Folder</title>
<thumbnail>https://$doregex[Address]/logo.png</thumbnail>
<fanart>https://$doregex[Address]/logo.png</fanart>
<link>$doregex[makelist]</link>
<regex>
<name>makelist</name>
<listrepeat><![CDATA[
  <title>[makelist.param1]</title>
  <link>$doregex[GetVideo]</link>
  <thumbnail></thumbnail>
]]></listrepeat>
<expres><![CDATA[<a href="([^\/]*)\/">([^<]*)]]></expres>
<page>https://$doregex[Address2].$doregex[Address]/</page>
</regex>
<regex>
<name>GetVideo</name>
<listrepeat><![CDATA[
  <title>[GetVideo.param1]</title>
  <link>$pyFunction: 'https://$doregex[Address2].$doregex[Address]/[makelist.param2]/[GetVideo.param1]' if '.mp4' in '$doregex[GetVideo.param1]' else '$doregex[GetSubVideo]'</link>
  <thumbnail></thumbnail>
]]></listrepeat>
<expres><![CDATA[<a href="(S[^"]*)">(.*?)<]]></expres>
<page>https://$doregex[Address2].$doregex[Address]/[makelist.param2]</page>
</regex>
<regex>
<name>GetSubVideo</name>
<listrepeat><![CDATA[
  <title>[GetSubVideo.param1]</title>
  <link>https://$doregex[Address2].$doregex[Address]/[makelist.param2]/[GetVideo.param1]/[GetSubVideo.param1]</link>
  <thumbnail></thumbnail>
]]></listrepeat>
<expres><![CDATA[<a href="(S[^"]*)">(.*?)]]></expres>
<page>https://$doregex[Address2].$doregex[Address]/[makelist.param2]/[GetVideo.param1]</page>
</regex>
<regex>
<name>Address</name>
<expres><![CDATA[(.*xyz)]]></expres>
<page>https://raw.githubusercontent.com/Magic-Dust/MagicDust/master/arconai.txt</page>
</regex>
<regex>
<name>Address2</name>
<expres><![CDATA["a"="([^"]*)]]></expres>
<page>https://raw.githubusercontent.com/Magic-Dust/MagicDust/master/arconai.txt</page>
</regex>
<regex>
<name>Address3</name>
<expres><![CDATA["c"="([^"]*)]]></expres>
<page>https://raw.githubusercontent.com/Magic-Dust/MagicDust/master/arconai.txt</page>
</regex>
</item>

<item>
<title>Hidden Movie B Season Folder</title>
<thumbnail>https://$doregex[Address]/logo.png</thumbnail>
<fanart>https://$doregex[Address]/logo.png</fanart>
<link>$doregex[makelist]</link>
<regex>
<name>makelist</name>
<listrepeat><![CDATA[
  <title>[makelist.param1]</title>
  <link>$doregex[GetVideo]</link>
  <thumbnail></thumbnail>
  <fanart>https://$doregex[Address]/logo.png</fanart>
]]></listrepeat>
<expres><![CDATA[<a href="([^\/]*)\/">([^<]*)]]></expres>
<page>https://$doregex[Address3].$doregex[Address]/</page>
</regex>
<regex>
<name>GetVideo</name>
<listrepeat><![CDATA[
  <title>[GetVideo.param1]</title>
  <link>$pyFunction: 'https://$doregex[Address3].$doregex[Address]/[makelist.param2]/[GetVideo.param1]' if '.mp4' in '$doregex[GetVideo.param1]' else '$doregex[GetSubVideo]'</link>
  <thumbnail></thumbnail>
]]></listrepeat>
<expres><![CDATA[<a href="(S[^"]*)">(.*?)<]]></expres>
<page>https://$doregex[Address3].$doregex[Address]/[makelist.param2]</page>
</regex>
<regex>
<name>GetSubVideo</name>
<listrepeat><![CDATA[
  <title>[GetSubVideo.param1]</title>
  <link>https://$doregex[Address3].$doregex[Address]/[makelist.param2]/[GetVideo.param1]/[GetSubVideo.param1]</link>
  <thumbnail></thumbnail>
  <fanart>https://$doregex[Address]/logo.png</fanart>
]]></listrepeat>
<expres><![CDATA[<a href="(S[^"]*)">(.*?)]]></expres>
<page>https://$doregex[Address3].$doregex[Address]/[makelist.param2]/[GetVideo.param1]</page>
</regex>
<regex>
<name>Address</name>
<expres><![CDATA[(.*xyz)]]></expres>
<page>https://raw.githubusercontent.com/Magic-Dust/MagicDust/master/arconai.txt</page>
</regex>
<regex>
<name>Address2</name>
<expres><![CDATA["a"="([^"]*)]]></expres>
<page>https://raw.githubusercontent.com/Magic-Dust/MagicDust/master/arconai.txt</page>
</regex>
<regex>
<name>Address3</name>
<expres><![CDATA["c"="([^"]*)]]></expres>
<page>https://raw.githubusercontent.com/Magic-Dust/MagicDust/master/arconai.txt</page>
</regex>
</item>

<item>
<title>Hidden Movie A Direct</title>
<thumbnail>https://$doregex[Address]/logo.png</thumbnail>
<fanart>https://$doregex[Address]/logo.png</fanart>
<link>$doregex[makelist]</link>
<regex>
<name>makelist</name>
<listrepeat><![CDATA[
  <title>[makelist.param1]</title>
  <link>$doregex[GetVideo]</link>
  <thumbnail></thumbnail>
]]></listrepeat>
<expres><![CDATA[<a href="([^\/]*)\/">([^<]*)]]></expres>
<page>https://$doregex[Address2].$doregex[Address]/</page>
</regex>
<regex>
<name>GetVideo</name>
<listrepeat><![CDATA[
  <title>[GetVideo.param1]</title>
  <link>https://$doregex[Address2].$doregex[Address]/[makelist.param2]/[GetVideo.param1]</link>
  <thumbnail></thumbnail>
]]></listrepeat>
<expres><![CDATA[<a href="(S[^"]*)">(.*?)<]]></expres>
<page>https://$doregex[Address2].$doregex[Address]/[makelist.param2]</page>
</regex>
<regex>
<name>Address</name>
<expres><![CDATA[(.*xyz)]]></expres>
<page>https://raw.githubusercontent.com/Magic-Dust/MagicDust/master/arconai.txt</page>
</regex>
<regex>
<name>Address2</name>
<expres><![CDATA["a"="([^"]*)]]></expres>
<page>https://raw.githubusercontent.com/Magic-Dust/MagicDust/master/arconai.txt</page>
</regex>
<regex>
<name>Address3</name>
<expres><![CDATA["c"="([^"]*)]]></expres>
<page>https://raw.githubusercontent.com/Magic-Dust/MagicDust/master/arconai.txt</page>
</regex>
</item>

<item>
<title>Hidden Movie B Direct</title>
<thumbnail>https://$doregex[Address]/logo.png</thumbnail>
<fanart>https://$doregex[Address]/logo.png</fanart>
<link>$doregex[makelist]</link>
<regex>
<name>makelist</name>
<listrepeat><![CDATA[
  <title>[makelist.param1]</title>
  <link>$doregex[GetVideo]</link>
  <thumbnail></thumbnail>
  <fanart>https://$doregex[Address]/logo.png</fanart>
]]></listrepeat>
<expres><![CDATA[<a href="([^\/]*)\/">([^<]*)]]></expres>
<page>https://$doregex[Address3].$doregex[Address]/</page>
</regex>
<regex>
<name>GetVideo</name>
<listrepeat><![CDATA[
  <title>[GetVideo.param1]</title>
  <link>https://$doregex[Address3].$doregex[Address]/[makelist.param2]/[GetVideo.param1]</link>
  <thumbnail></thumbnail>
]]></listrepeat>
<expres><![CDATA[<a href="(S[^"]*)">(.*?)<]]></expres>
<page>https://$doregex[Address3].$doregex[Address]/[makelist.param2]</page>
</regex>
<regex>
<name>Address</name>
<expres><![CDATA[(.*xyz)]]></expres>
<page>https://raw.githubusercontent.com/Magic-Dust/MagicDust/master/arconai.txt</page>
</regex>
<regex>
<name>Address2</name>
<expres><![CDATA["a"="([^"]*)]]></expres>
<page>https://raw.githubusercontent.com/Magic-Dust/MagicDust/master/arconai.txt</page>
</regex>
<regex>
<name>Address3</name>
<expres><![CDATA["c"="([^"]*)]]></expres>
<page>https://raw.githubusercontent.com/Magic-Dust/MagicDust/master/arconai.txt</page>
</regex>
</item>
