<?xml version="1.0" encoding="UTF-8"?>
<items>

<item>
<title>ABC</title>
<thumbnail></thumbnail>
<link>$doregex[getUrl]|user-agent=ipad&amp;referer=https://www.eplayer.to/</link>
<regex>
<name>getUrl</name>
<expres><![CDATA[Clappr.Player[\w\W]+?(?:source|src|file):\s*[\'"]([^\'"]+)]]></expres>
<page>https://www.eplayer.to/poscitech.php?live=51</page>
<referer>https://poscitech.club/tv/ch116.php</referer>
</regex>
</item>

<item>
<title>CBS</title>
<thumbnail></thumbnail>
<link>$doregex[getUrl]|user-agent=ipad&amp;referer=https://www.eplayer.to/</link>
<regex>
<name>getUrl</name>
<expres><![CDATA[Clappr.Player[\w\W]+?(?:source|src|file):\s*[\'"]([^\'"]+)]]></expres>
<page>https://www.eplayer.to/poscitech.php?live=52</page>
<referer>https://poscitech.club/tv/ch116.php</referer>
</regex>
</item>

<item>
<title>NBC</title>
<thumbnail></thumbnail>
<link>$doregex[getUrl]|user-agent=ipad&amp;referer=https://www.eplayer.to/</link>
<regex>
<name>getUrl</name>
<expres><![CDATA[Clappr.Player[\w\W]+?(?:source|src|file):\s*[\'"]([^\'"]+)]]></expres>
<page>https://www.eplayer.to/poscitech.php?live=53</page>
<referer>https://poscitech.club/tv/ch116.php</referer>
</regex>
</item>

<item>
<title>FOX</title>
<thumbnail></thumbnail>
<link>$doregex[getUrl]|user-agent=ipad&amp;referer=https://www.eplayer.to/</link>
<regex>
<name>getUrl</name>
<expres><![CDATA[Clappr.Player[\w\W]+?(?:source|src|file):\s*[\'"]([^\'"]+)]]></expres>
<page>https://www.eplayer.to/poscitech.php?live=54</page>
<referer>https://poscitech.club/tv/ch116.php</referer>
</regex>
</item>

<item>
<title>TNT</title>
<thumbnail></thumbnail>
<link>$doregex[getUrl]|user-agent=ipad&amp;referer=https://www.eplayer.to/</link>
<regex>
<name>getUrl</name>
<expres><![CDATA[Clappr.Player[\w\W]+?(?:source|src|file):\s*[\'"]([^\'"]+)]]></expres>
<page>https://www.eplayer.to/poscitech.php?live=56</page>
<referer>https://poscitech.club/tv/ch116.php</referer>
</regex>
</item>

<item>
<title>ESPN</title>
<thumbnail></thumbnail>
<link>$doregex[getUrl]|user-agent=ipad&amp;referer=https://www.eplayer.to/</link>
<regex>
<name>getUrl</name>
<expres><![CDATA[Clappr.Player[\w\W]+?(?:source|src|file):\s*[\'"]([^\'"]+)]]></expres>
<page>https://www.eplayer.to/poscitech.php?live=37</page>
<referer>https://poscitech.club/tv/ch116.php</referer>
</regex>
</item>

<item>
<title>ESPN2</title>
<thumbnail></thumbnail>
<link>$doregex[getUrl]|user-agent=ipad&amp;referer=https://www.eplayer.to/</link>
<regex>
<name>getUrl</name>
<expres><![CDATA[Clappr.Player[\w\W]+?(?:source|src|file):\s*[\'"]([^\'"]+)]]></expres>
<page>https://www.eplayer.to/poscitech.php?live=45</page>
<referer>https://poscitech.club/tv/ch116.php</referer>
</regex>
</item>

<item>
<title>NBCSN</title>
<thumbnail></thumbnail>
<link>$doregex[getUrl]|user-agent=ipad&amp;referer=https://www.eplayer.to/</link>
<regex>
<name>getUrl</name>
<expres><![CDATA[Clappr.Player[\w\W]+?(?:source|src|file):\s*[\'"]([^\'"]+)]]></expres>
<page>https://www.eplayer.to/poscitech.php?live=43</page>
<referer>https://poscitech.club/tv/ch116.php</referer>
</regex>
</item>

<item>
<title>FS1</title>
<thumbnail></thumbnail>
<link>$doregex[getUrl]|user-agent=ipad&amp;referer=https://www.eplayer.to/</link>
<regex>
<name>getUrl</name>
<expres><![CDATA[Clappr.Player[\w\W]+?(?:source|src|file):\s*[\'"]([^\'"]+)]]></expres>
<page>https://www.eplayer.to/poscitech.php?live=39</page>
<referer>https://poscitech.club/tv/ch116.php</referer>
</regex>
</item>

<item>
<title>TSN 1</title>
<thumbnail></thumbnail>
<link>$doregex[getUrl]|user-agent=ipad&amp;referer=https://www.eplayer.to/</link>
<regex>
<name>getUrl</name>
<expres><![CDATA[Clappr.Player[\w\W]+?(?:source|src|file):\s*[\'"]([^\'"]+)]]></expres>
<page>https://www.eplayer.to/poscitech.php?live=111</page>
<referer>https://poscitech.club/tv/ch116.php</referer>
</regex>
</item>

<item>
<title>TSN 2</title>
<thumbnail></thumbnail>
<link>$doregex[getUrl]|user-agent=ipad&amp;referer=https://www.eplayer.to/</link>
<regex>
<name>getUrl</name>
<expres><![CDATA[Clappr.Player[\w\W]+?(?:source|src|file):\s*[\'"]([^\'"]+)]]></expres>
<page>https://www.eplayer.to/poscitech.php?live=112</page>
<referer>https://poscitech.club/tv/ch116.php</referer>
</regex>
</item>

<item>
<title>TSN3</title>
<thumbnail></thumbnail>
<link>$doregex[getUrl]|user-agent=ipad&amp;referer=https://www.eplayer.to/</link>
<regex>
<name>getUrl</name>
<expres><![CDATA[Clappr.Player[\w\W]+?(?:source|src|file):\s*[\'"]([^\'"]+)]]></expres>
<page>https://www.eplayer.to/poscitech.php?live=113</page>
<referer>https://poscitech.club/tv/ch116.php</referer>
</regex>
</item>

<item>
<title>TSN4</title>
<thumbnail></thumbnail>
<link>$doregex[getUrl]|user-agent=ipad&amp;referer=https://www.eplayer.to/</link>
<regex>
<name>getUrl</name>
<expres><![CDATA[Clappr.Player[\w\W]+?(?:source|src|file):\s*[\'"]([^\'"]+)]]></expres>
<page>https://www.eplayer.to/poscitech.php?live=114</page>
<referer>https://poscitech.club/tv/ch116.php</referer>
</regex>
</item>

<item>
<title>TSN5</title>
<thumbnail></thumbnail>
<link>$doregex[getUrl]|user-agent=ipad&amp;referer=https://www.eplayer.to/</link>
<regex>
<name>getUrl</name>
<expres><![CDATA[Clappr.Player[\w\W]+?(?:source|src|file):\s*[\'"]([^\'"]+)]]></expres>
<page>https://www.eplayer.to/poscitech.php?live=115</page>
<referer>https://poscitech.club/tv/ch116.php</referer>
</regex>
</item>

<item>
<title>BT Sport 1</title>
<thumbnail></thumbnail>
<link>$doregex[getUrl]|user-agent=ipad&amp;referer=https://www.eplayer.to/</link>
<regex>
<name>getUrl</name>
<expres><![CDATA[Clappr.Player[\w\W]+?(?:source|src|file):\s*[\'"]([^\'"]+)]]></expres>
<page>https://www.eplayer.to/poscitech.php?live=31</page>
<referer>https://poscitech.club/tv/ch116.php</referer>
</regex>
</item>

<item>
<title>BT Sport 2</title>
<thumbnail></thumbnail>
<link>$doregex[getUrl]|user-agent=ipad&amp;referer=https://www.eplayer.to/</link>
<regex>
<name>getUrl</name>
<expres><![CDATA[Clappr.Player[\w\W]+?(?:source|src|file):\s*[\'"]([^\'"]+)]]></expres>
<page>https://www.eplayer.to/poscitech.php?live=32</page>
<referer>https://poscitech.club/tv/ch116.php</referer>
</regex>
</item>

<item>
<title>BT Sport 3</title>
<thumbnail></thumbnail>
<link>$doregex[getUrl]|user-agent=ipad&amp;referer=https://www.eplayer.to/</link>
<regex>
<name>getUrl</name>
<expres><![CDATA[Clappr.Player[\w\W]+?(?:source|src|file):\s*[\'"]([^\'"]+)]]></expres>
<page>https://www.eplayer.to/poscitech.php?live=33</page>
<referer>https://poscitech.club/tv/ch116.php</referer>
</regex>
</item>

<item>
<title>BT Sport ESPN</title>
<thumbnail></thumbnail>
<link>$doregex[getUrl]|user-agent=ipad&amp;referer=https://www.eplayer.to/</link>
<regex>
<name>getUrl</name>
<expres><![CDATA[Clappr.Player[\w\W]+?(?:source|src|file):\s*[\'"]([^\'"]+)]]></expres>
<page>https://www.eplayer.to/poscitech.php?live=34</page>
<referer>https://poscitech.club/tv/ch116.php</referer>
</regex>
</item>

<item>
<title>Sky Sports 1 Football</title>
<thumbnail></thumbnail>
<link>$doregex[getUrl]|user-agent=ipad&amp;referer=https://www.eplayer.to/</link>
<regex>
<name>getUrl</name>
<expres><![CDATA[Clappr.Player[\w\W]+?(?:source|src|file):\s*[\'"]([^\'"]+)]]></expres>
<page>https://www.eplayer.to/poscitech.php?live=35</page>
<referer>https://poscitech.club/tv/ch116.php</referer>
</regex>
</item>

<item>
<title>Sky Sports Main Event</title>
<thumbnail></thumbnail>
<link>$doregex[getUrl]|user-agent=ipad&amp;referer=https://www.eplayer.to/</link>
<regex>
<name>getUrl</name>
<expres><![CDATA[Clappr.Player[\w\W]+?(?:source|src|file):\s*[\'"]([^\'"]+)]]></expres>
<page>https://www.eplayer.to/poscitech.php?live=38</page>
<referer>https://poscitech.club/tv/ch116.php</referer>
</regex>
</item>

<item>
<title>Sky Sports Action</title>
<thumbnail></thumbnail>
<link>$doregex[getUrl]|user-agent=ipad&amp;referer=https://www.eplayer.to/</link>
<regex>
<name>getUrl</name>
<expres><![CDATA[Clappr.Player[\w\W]+?(?:source|src|file):\s*[\'"]([^\'"]+)]]></expres>
<page>https://www.eplayer.to/poscitech.php?live=37</page>
<referer>https://poscitech.club/tv/ch116.php</referer>
</regex>
</item>

<item>
<title>Sky Sports Arena</title>
<thumbnail></thumbnail>
<link>$doregex[getUrl]|user-agent=ipad&amp;referer=https://www.eplayer.to/</link>
<regex>
<name>getUrl</name>
<expres><![CDATA[Clappr.Player[\w\W]+?(?:source|src|file):\s*[\'"]([^\'"]+)]]></expres>
<page>https://www.eplayer.to/poscitech.php?live=36</page>
<referer>https://poscitech.club/tv/ch116.php</referer>
</regex>
</item>

<item>
<title>Sky Sports F1</title>
<thumbnail></thumbnail>
<link>$doregex[getUrl]|user-agent=ipad&amp;referer=https://www.eplayer.to/</link>
<regex>
<name>getUrl</name>
<expres><![CDATA[Clappr.Player[\w\W]+?(?:source|src|file):\s*[\'"]([^\'"]+)]]></expres>
<page>https://www.eplayer.to/poscitech.php?live=60</page>
<referer>https://poscitech.club/tv/ch116.php</referer>
</regex>
</item>

<item>
<title>Sky Sports Golf</title>
<thumbnail></thumbnail>
<link>$doregex[getUrl]|user-agent=ipad&amp;referer=https://www.eplayer.to/</link>
<regex>
<name>getUrl</name>
<expres><![CDATA[Clappr.Player[\w\W]+?(?:source|src|file):\s*[\'"]([^\'"]+)]]></expres>
<page>https://www.eplayer.to/poscitech.php?live=70</page>
<referer>https://poscitech.club/tv/ch116.php</referer>
</regex>
</item>

<item>
<title>Sky Sports Cricket</title>
<thumbnail></thumbnail>
<link>$doregex[getUrl]|user-agent=ipad&amp;referer=https://www.eplayer.to/</link>
<regex>
<name>getUrl</name>
<expres><![CDATA[Clappr.Player[\w\W]+?(?:source|src|file):\s*[\'"]([^\'"]+)]]></expres>
<page>https://www.eplayer.to/poscitech.php?live=65</page>
<referer>https://poscitech.club/tv/ch116.php</referer>
</regex>
</item>

<item>
<title>Sky Sports News</title>
<thumbnail></thumbnail>
<link>$doregex[getUrl]|user-agent=ipad&amp;referer=https://www.eplayer.to/</link>
<regex>
<name>getUrl</name>
<expres><![CDATA[Clappr.Player[\w\W]+?(?:source|src|file):\s*[\'"]([^\'"]+)]]></expres>
<page>https://www.eplayer.to/poscitech.php?live=130</page>
<referer>https://poscitech.club/tv/ch116.php</referer>
</regex>
</item>

<item>
<title>Euro Sport 1</title>
<thumbnail></thumbnail>
<link>$doregex[getUrl]|user-agent=ipad&amp;referer=https://www.eplayer.to/</link>
<regex>
<name>getUrl</name>
<expres><![CDATA[Clappr.Player[\w\W]+?(?:source|src|file):\s*[\'"]([^\'"]+)]]></expres>
<page>https://www.eplayer.to/poscitech.php?live=41</page>
<referer>https://poscitech.club/tv/ch116.php</referer>
</regex>
</item>

<item>
<title>Euro Sport 2</title>
<thumbnail></thumbnail>
<link>$doregex[getUrl]|user-agent=ipad&amp;referer=https://www.eplayer.to/</link>
<regex>
<name>getUrl</name>
<expres><![CDATA[Clappr.Player[\w\W]+?(?:source|src|file):\s*[\'"]([^\'"]+)]]></expres>
<page>https://www.eplayer.to/poscitech.php?live=42</page>
<referer>https://poscitech.club/tv/ch116.php</referer>
</regex>
</item>

<item>
<title>Vivid Red</title>
<thumbnail></thumbnail>
<link>$doregex[getUrl]|user-agent=ipad&amp;referer=https://www.eplayer.to/</link>
<regex>
<name>getUrl</name>
<expres><![CDATA[Clappr.Player[\w\W]+?(?:source|src|file):\s*[\'"]([^\'"]+)]]></expres>
<page>https://www.eplayer.to/poscitech.php?live=193</page>
<referer>https://poscitech.club/tv/ch116.php</referer>
</regex>
</item>

<item>
<title>ALBA XXX</title>
<thumbnail></thumbnail>
<link>$doregex[getUrl]|user-agent=ipad&amp;referer=https://www.eplayer.to/</link>
<regex>
<name>getUrl</name>
<expres><![CDATA[Clappr.Player[\w\W]+?(?:source|src|file):\s*[\'"]([^\'"]+)]]></expres>
<page>https://www.eplayer.to/poscitech.php?live=195</page>
<referer>https://poscitech.club/tv/ch116.php</referer>
</regex>
</item>

<item>
<title>Teen Fidelity</title>
<thumbnail></thumbnail>
<link>$doregex[getUrl]|user-agent=ipad&amp;referer=https://www.eplayer.to/</link>
<regex>
<name>getUrl</name>
<expres><![CDATA[Clappr.Player[\w\W]+?(?:source|src|file):\s*[\'"]([^\'"]+)]]></expres>
<page>https://www.eplayer.to/poscitech.php?live=196</page>
<referer>https://poscitech.club/tv/ch116.php</referer>
</regex>
</item>

<item>
<title>Reality Kings</title>
<thumbnail></thumbnail>
<link>$doregex[getUrl]|user-agent=ipad&amp;referer=https://www.eplayer.to/</link>
<regex>
<name>getUrl</name>
<expres><![CDATA[Clappr.Player[\w\W]+?(?:source|src|file):\s*[\'"]([^\'"]+)]]></expres>
<page>https://www.eplayer.to/poscitech.php?live=197</page>
<referer>https://poscitech.club/tv/ch116.php</referer>
</regex>
</item>

<item>
<title>Dorcel TV</title>
<thumbnail></thumbnail>
<link>$doregex[getUrl]|user-agent=ipad&amp;referer=https://www.eplayer.to/</link>
<regex>
<name>getUrl</name>
<expres><![CDATA[Clappr.Player[\w\W]+?(?:source|src|file):\s*[\'"]([^\'"]+)]]></expres>
<page>https://www.eplayer.to/poscitech.php?live=198</page>
<referer>https://poscitech.club/tv/ch116.php</referer>
</regex>
</item>

<item>
<title>Hustler TV</title>
<thumbnail></thumbnail>
<link>$doregex[getUrl]|user-agent=ipad&amp;referer=https://www.eplayer.to/</link>
<regex>
<name>getUrl</name>
<expres><![CDATA[Clappr.Player[\w\W]+?(?:source|src|file):\s*[\'"]([^\'"]+)]]></expres>
<page>https://www.eplayer.to/poscitech.php?live=198</page>
<referer>https://poscitech.club/tv/ch116.php</referer>
</regex>
</item>

<item>
<title>Redlight TV</title>
<thumbnail></thumbnail>
<link>$doregex[getUrl]|user-agent=ipad&amp;referer=https://www.eplayer.to/</link>
<regex>
<name>getUrl</name>
<expres><![CDATA[Clappr.Player[\w\W]+?(?:source|src|file):\s*[\'"]([^\'"]+)]]></expres>
<page>https://www.eplayer.to/poscitech.php?live=200</page>
<referer>https://poscitech.club/tv/ch116.php</referer>
</regex>
</item>

</items>