<?xml version="1.0" encoding="UTF-8"?>
<items>
<item>
<title>All Stations by State/City</title>
<thumbnail>https://storybench.org/wp-content/uploads/2017/07/TVnews-map-e1499435104310.png</thumbnail>
<fanart>https://github.com/Magic-Dust/MagicDust/raw/master/fanart.jpg</fanart>
<link>$doregex[makelist]</link>
<regex>
<name>makelist</name>
<listrepeat><![CDATA[
    <title>[COLOR=FF00FFFF][makelist.param4]-[makelist.param5][/COLOR] : [makelist.param2]</title>
    <thumbnail>[makelist.param3]</thumbnail>
    <fanart>[makelist.param3]</fanart>
    <link>$doregex[makelist2]</link>
]]></listrepeat>
<expres><![CDATA[{"id":([^,]*),"name":"([^"]*)","icon":"([^"]*).+?state":"([^"]*)","city":"([^"]*)"]]></expres>
<page>https://www.newson.us/byLocation?term=North%20Carolina</page>
</regex>
<regex>
<name>makelist2</name>
<listrepeat><![CDATA[
    <title>[makelist2.param1]</title>
    <thumbnail>[makelist2.param3]</thumbnail>
    <fanart>[makelist2.param3]</fanart>
    <link>[makelist2.param2]</link>
]]></listrepeat>
<expres><![CDATA["name":"([^"]*)","description".+?streamUrl":"([^"]*)","thumbnailUrl":"([^"]*)]]></expres>
<page>https://www.newson.us/stationDetails/[makelist.param1]</page>
</regex>
</item>
<item>
<title>Albany WNYT News13</title>
<thumbnail>https://www.livenewsworld.com/wp-content/uploads/2018/09/WNYT-NewsChannel-13.jpg</thumbnail>
<fanart>https://github.com/Magic-Dust/MagicDust/raw/master/fanart.jpg</fanart>
<link>$doregex[makelist]</link>
<regex>
<name>makelist</name>
<listrepeat><![CDATA[
    <title>[makelist.param1]</title>
    <thumbnail>[makelist.param3]</thumbnail>
    <fanart>[makelist.param3]</fanart>
    <link>[makelist.param2]</link>
]]></listrepeat>
<expres><![CDATA["name":"([^"]*)","description".+?streamUrl":"([^"]*)","thumbnailUrl":"([^"]*)]]></expres>
<page>https://www.newson.us/stationDetails/131</page>
</regex>
</item>
<item>
<title>Albany WRGB News6</title>
<thumbnail>https://news.vistaprint.com/wp-content/uploads/2020/02/wrgb-cbs6-albany-logo.png</thumbnail>
<fanart>https://github.com/Magic-Dust/MagicDust/raw/master/fanart.jpg</fanart>
<link>$doregex[makelist]</link>
<regex>
<name>makelist</name>
<listrepeat><![CDATA[
    <title>[makelist.param1]</title>
    <thumbnail>[makelist.param3]</thumbnail>
    <fanart>[makelist.param3]</fanart>
    <link>[makelist.param2]</link>
]]></listrepeat>
<expres><![CDATA["name":"([^"]*)","description".+?streamUrl":"([^"]*)","thumbnailUrl":"([^"]*)]]></expres>
<page>https://www.newson.us/stationDetails/172</page>
</regex>
</item>
<item>
<title>Myrtle WMBF NBC32</title>
<thumbnail>https://static-newson.akamaized.net/icons/v3/raycom/WMBF.png</thumbnail>
<fanart>https://github.com/Magic-Dust/MagicDust/raw/master/fanart.jpg</fanart>
<link>$doregex[makelist]</link>
<regex>
<name>makelist</name>
<listrepeat><![CDATA[
    <title>[makelist.param1]</title>
    <thumbnail>[makelist.param3]</thumbnail>
    <fanart>[makelist.param3]</fanart>
    <link>[makelist.param2]</link>
]]></listrepeat>
<expres><![CDATA["name":"([^"]*)","description".+?streamUrl":"([^"]*)","thumbnailUrl":"([^"]*)]]></expres>
<page>https://www.newson.us/stationDetails/80</page>
</regex>
</item>
<item>
<title>Myrtle WPDE ABC15</title>
<thumbnail>https://static-newson.akamaized.net/icons/v3/sinclair/WPDE.png</thumbnail>
<fanart>https://github.com/Magic-Dust/MagicDust/raw/master/fanart.jpg</fanart>
<link>$doregex[makelist]</link>
<regex>
<name>makelist</name>
<listrepeat><![CDATA[
    <title>[makelist.param1]</title>
    <thumbnail>[makelist.param3]</thumbnail>
    <fanart>[makelist.param3]</fanart>
    <link>[makelist.param2]</link>
]]></listrepeat>
<expres><![CDATA["name":"([^"]*)","description".+?streamUrl":"([^"]*)","thumbnailUrl":"([^"]*)]]></expres>
<page>https://www.newson.us/stationDetails/194</page>
</regex>
</item>
<item>
<title>Raleigh WXII NBC12</title>
<thumbnail>https://static-newson.akamaized.net/icons/v3/hearst/WXII.png</thumbnail>
<fanart>https://github.com/Magic-Dust/MagicDust/raw/master/fanart.jpg</fanart>
<link>$doregex[makelist]</link>
<regex>
<name>makelist</name>
<listrepeat><![CDATA[
    <title>[makelist.param1]</title>
    <thumbnail>[makelist.param3]</thumbnail>
    <fanart>[makelist.param3]</fanart>
    <link>[makelist.param2]</link>
]]></listrepeat>
<expres><![CDATA["name":"([^"]*)","description".+?streamUrl":"([^"]*)","thumbnailUrl":"([^"]*)]]></expres>
<page>https://www.newson.us/stationDetails/29</page>
</regex>
</item>
<item>
<title>Raleigh WFMY CBS2</title>
<thumbnail>https://static-newson.akamaized.net/icons/v3/tegna/WFMY.png</thumbnail>
<fanart>https://github.com/Magic-Dust/MagicDust/raw/master/fanart.jpg</fanart>
<link>$doregex[makelist]</link>
<regex>
<name>makelist</name>
<listrepeat><![CDATA[
    <title>[makelist.param1]</title>
    <thumbnail>[makelist.param3]</thumbnail>
    <fanart>[makelist.param3]</fanart>
    <link>[makelist.param2]</link>
]]></listrepeat>
<expres><![CDATA["name":"([^"]*)","description".+?streamUrl":"([^"]*)","thumbnailUrl":"([^"]*)]]></expres>
<page>https://www.newson.us/stationDetails/248</page>
</regex>
</item>
<item>
<title>Charleston WCSC CBS5</title>
<thumbnail>https://static-newson.akamaized.net/icons/v3/raycom/WCSC.png</thumbnail>
<fanart>https://github.com/Magic-Dust/MagicDust/raw/master/fanart.jpg</fanart>
<link>$doregex[makelist]</link>
<regex>
<name>makelist</name>
<listrepeat><![CDATA[
    <title>[makelist.param1]</title>
    <thumbnail>[makelist.param3]</thumbnail>
    <fanart>[makelist.param3]</fanart>
    <link>[makelist.param2]</link>
]]></listrepeat>
<expres><![CDATA["name":"([^"]*)","description".+?streamUrl":"([^"]*)","thumbnailUrl":"([^"]*)]]></expres>
<page>https://www.newson.us/stationDetails/72</page>
</regex>
</item>
<item>
<title>Charleston WCIV ABC4</title>
<thumbnail>https://static-newson.akamaized.net/icons/v3/sinclair/WCIV.png</thumbnail>
<fanart>https://github.com/Magic-Dust/MagicDust/raw/master/fanart.jpg</fanart>
<link>$doregex[makelist]</link>
<regex>
<name>makelist</name>
<listrepeat><![CDATA[
    <title>[makelist.param1]</title>
    <thumbnail>[makelist.param3]</thumbnail>
    <fanart>[makelist.param3]</fanart>
    <link>[makelist.param2]</link>
]]></listrepeat>
<expres><![CDATA["name":"([^"]*)","description".+?streamUrl":"([^"]*)","thumbnailUrl":"([^"]*)]]></expres>
<page>https://www.newson.us/stationDetails/285</page>
</regex>
</item>
<item>
<title>Wilmington WECT NBC6</title>
<thumbnail>https://static-newson.akamaized.net/icons/v3/raycom/WECT.png</thumbnail>
<fanart>https://github.com/Magic-Dust/MagicDust/raw/master/fanart.jpg</fanart>
<link>$doregex[makelist]</link>
<regex>
<name>makelist</name>
<listrepeat><![CDATA[
    <title>[makelist.param1]</title>
    <thumbnail>[makelist.param3]</thumbnail>
    <fanart>[makelist.param3]</fanart>
    <link>[makelist.param2]</link>
]]></listrepeat>
<expres><![CDATA["name":"([^"]*)","description".+?streamUrl":"([^"]*)","thumbnailUrl":"([^"]*)]]></expres>
<page>https://www.newson.us/stationDetails/74</page>
</regex>
</item>
<item>
<title>Lynchburg WSLS NBC10</title>
<thumbnail>https://static-newson.akamaized.net/icons/v3/graham/WSLS.png</thumbnail>
<fanart>https://github.com/Magic-Dust/MagicDust/raw/master/fanart.jpg</fanart>
<link>$doregex[makelist]</link>
<regex>
<name>makelist</name>
<listrepeat><![CDATA[
    <title>[makelist.param1]</title>
    <thumbnail>[makelist.param3]</thumbnail>
    <fanart>[makelist.param3]</fanart>
    <link>[makelist.param2]</link>
]]></listrepeat>
<expres><![CDATA["name":"([^"]*)","description".+?streamUrl":"([^"]*)","thumbnailUrl":"([^"]*)]]></expres>
<page>https://www.newson.us/stationDetails/118</page>
</regex>
</item>
</items>