<?xml version="1.0" encoding="UTF-8"?>
<items>

<item>
<title>Rumble[COLOR gold] Search[/COLOR]</title>
<thumbnail>https://cdn0.iconfinder.com/data/icons/ecommerce-ui-solid-64/64/search_find_zoom_magnify-512.png</thumbnail>
<fanart>https://upload.wikimedia.org/wikipedia/commons/thumb/0/0a/Rumble_logo.svg/1024px-Rumble_logo.svg.png</fanart>
<link>$doregex[makelist]</link>
<regex>
<name>makelist</name>
<listrepeat><![CDATA[
  <title>[COLOR gold][makelist.param4][/COLOR]</title>
  <link>https://sp.rmbl.ws/s8/2[makelist.param2].caa.mp4|Referer=https://rumble.com[makelist.param1]</link>
  <thumbnail>https://sp.rmbl.ws/s8/1[makelist.param2][makelist.param3]</thumbnail>
  <fanart>https://sp.rmbl.ws/s8/1[makelist.param2][makelist.param3]</fanart>
]]></listrepeat>
  <expres><![CDATA[a class=video-item--a href=([^>]+)[^=]+[^=]+.[^=]+.[^=]*.https:\/\/sp.rmbl.ws\/s8\/.([^.]+)(.*.?.jpg)[^"]+.([^"]+)]]></expres>
  <page>https://rumble.com/search/video?q=$doregex[Search]</page>
  <referer>https://rumble.com/</referer>
  <agent>Mozilla/5.0 (Linux; Android 6.0; Nexus 5 Build/MRA58N) AppleWebKit/537.36 (KHTML, like Gecko) Chrome/114.0.0.0 Mobile Safari/537.36 Edg/114.0.1823.67</agent>
</regex>
<regex>
<name>Search</name>
<expres><![CDATA[#$pyFunction
def GetLSProData(page_data,Cookie_Jar,m):
  import xbmcgui
  dialog = xbmcgui.Dialog()
  d = dialog.input('Search for:', type=xbmcgui.INPUT_ALPHANUM).replace(' ','%20')
  return d
]]></expres>
<page></page>
</regex>
</item>

<item>
<title>[COLOR gold]Trump[/COLOR]</title>
<thumbnail>https://sp.rmbl.ws/z8/l/u/L/b/luLba.baa-DonaldTrump-qlgbi8-2.jpg</thumbnail>
<fanart>https://sp.rmbl.ws/z8/l/u/L/b/luLba.caa-DonaldTrump-qvba5l.jpeg</fanart>
<link>$doregex[makelist]</link>
<regex>
<name>makelist</name>
<listrepeat><![CDATA[
  <title>[COLOR gold][makelist.param4][/COLOR]</title>
  <link>https://sp.rmbl.ws/s8/2[makelist.param2].caa.mp4|Referer=https://rumble.com[makelist.param1]</link>
  <thumbnail>https://sp.rmbl.ws/s8/1[makelist.param2][makelist.param3]</thumbnail>
  <fanart>https://sp.rmbl.ws/s8/1[makelist.param2][makelist.param3]</fanart>
]]></listrepeat>
  <expres><![CDATA[a class=video-item--a href=([^>]+)[^=]+[^=]+.[^=]+.[^=]*.https:\/\/sp.rmbl.ws\/s8\/.([^.]+)(.*.?.jpg)[^"]+.([^"]+)]]></expres>
  <page>https://rumble.com/c/DonaldTrump</page>
  <referer>https://rumble.com</referer>
  <agent>Mozilla/5.0 (Linux; Android 6.0; Nexus 5 Build/MRA58N) AppleWebKit/537.36 (KHTML, like Gecko) Chrome/114.0.0.0 Mobile Safari/537.36 Edg/114.0.1823.67</agent>
</regex>
</item>

<item>
<title>[COLOR gold]Megyn Kelly[/COLOR]</title>
<thumbnail>https://sp.rmbl.ws/z8/f/u/d/f/fudfa.baa.1-MegynKelly-r836kn.jpeg</thumbnail>
<fanart>https://sp.rmbl.ws/z8/f/u/d/f/fudfa.caa-MegynKelly-r83g1o.jpeg</fanart>
<link>$doregex[makelist]</link>
<regex>
<name>makelist</name>
<listrepeat><![CDATA[
  <title>[COLOR gold][makelist.param4][/COLOR]</title>
  <link>https://sp.rmbl.ws/s8/2[makelist.param2].caa.mp4|Referer=https://rumble.com[makelist.param1]</link>
  <thumbnail>https://sp.rmbl.ws/s8/1[makelist.param2][makelist.param3]</thumbnail>
  <fanart>https://sp.rmbl.ws/s8/1[makelist.param2][makelist.param3]</fanart>
]]></listrepeat>
  <expres><![CDATA[a class=video-item--a href=([^>]+)[^=]+[^=]+.[^=]+.[^=]*.https:\/\/sp.rmbl.ws\/s8\/.([^.]+)(.*.?.jpg)[^"]+.([^"]+)]]></expres>
  <page>https://rumble.com/c/MegynKelly</page>
  <referer>https://rumble.com</referer>
  <agent>Mozilla/5.0 (Linux; Android 6.0; Nexus 5 Build/MRA58N) AppleWebKit/537.36 (KHTML, like Gecko) Chrome/114.0.0.0 Mobile Safari/537.36 Edg/114.0.1823.67</agent>
</regex>
</item>

<item>
<title>[COLOR gold]Russell Brand[/COLOR]</title>
<thumbnail>https://sp.rmbl.ws/z8/1/B/t/e/1Btea.baa.2-russellbrand-ro7ow2.png</thumbnail>
<fanart>https://sp.rmbl.ws/z8/1/B/t/e/1Btea.caa.h-russellbrand-rvru3f.png</fanart>
<link>$doregex[makelist]</link>
<regex>
<name>makelist</name>
<listrepeat><![CDATA[
  <title>[COLOR gold][makelist.param4][/COLOR]</title>
  <link>https://sp.rmbl.ws/s8/2[makelist.param2].caa.mp4|Referer=https://rumble.com[makelist.param1]</link>
  <thumbnail>https://sp.rmbl.ws/s8/1[makelist.param2][makelist.param3]</thumbnail>
  <fanart>https://sp.rmbl.ws/s8/1[makelist.param2][makelist.param3]</fanart>
]]></listrepeat>
  <expres><![CDATA[a class=video-item--a href=([^>]+)[^=]+[^=]+.[^=]+.[^=]*.https:\/\/sp.rmbl.ws\/s8\/.([^.]+)(.*.?.jpg)[^"]+.([^"]+)]]></expres>
  <page>https://rumble.com/c/russellbrand</page>
  <referer>https://rumble.com</referer>
  <agent>Mozilla/5.0 (Linux; Android 6.0; Nexus 5 Build/MRA58N) AppleWebKit/537.36 (KHTML, like Gecko) Chrome/114.0.0.0 Mobile Safari/537.36 Edg/114.0.1823.67</agent>
</regex>
</item>

<item>
<title>[COLOR gold]il Donaldo Trumpo[/COLOR]</title>
<thumbnail>https://sp.rmbl.ws/z8/Y/K/8/d/YK8da.baa-ilDonaldoTrumpo-qxnjgy.jpeg</thumbnail>
<fanart>https://sp.rmbl.ws/z8/Y/K/8/d/YK8da.caa-ilDonaldoTrumpo-rw7wjh.jpeg</fanart>
<link>$doregex[makelist]</link>
<regex>
<name>makelist</name>
<listrepeat><![CDATA[
  <title>[COLOR gold][makelist.param4][/COLOR]</title>
  <link>https://sp.rmbl.ws/s8/2[makelist.param2].caa.mp4|Referer=https://rumble.com[makelist.param1]</link>
  <thumbnail>https://sp.rmbl.ws/s8/1[makelist.param2][makelist.param3]</thumbnail>
  <fanart>https://sp.rmbl.ws/s8/1[makelist.param2][makelist.param3]</fanart>
]]></listrepeat>
  <expres><![CDATA[a class=video-item--a href=([^>]+)[^=]+[^=]+.[^=]+.[^=]*.https:\/\/sp.rmbl.ws\/s8\/.([^.]+)(.*.?.jpg)[^"]+.([^"]+)]]></expres>
  <page>https://rumble.com/c/ilDonaldoTrumpo</page>
  <referer>https://rumble.com</referer>
  <agent>Mozilla/5.0 (Linux; Android 6.0; Nexus 5 Build/MRA58N) AppleWebKit/537.36 (KHTML, like Gecko) Chrome/114.0.0.0 Mobile Safari/537.36 Edg/114.0.1823.67</agent>
</regex>
</item>

<item>
<title>[COLOR gold]Dinesh Dsouza[/COLOR]</title>
<thumbnail>https://sp.rmbl.ws/z8/x/G/g/b/xGgba.baa-DineshDsouza-rrttmr.jpeg</thumbnail>
<fanart>https://sp.rmbl.ws/z8/x/G/g/b/xGgba.caa-DineshDsouza-rrttms.jpeg</fanart>
<link>$doregex[makelist]</link>
<regex>
<name>makelist</name>
<listrepeat><![CDATA[
  <title>[COLOR gold][makelist.param4][/COLOR]</title>
  <link>https://sp.rmbl.ws/s8/2[makelist.param2].caa.mp4|Referer=https://rumble.com[makelist.param1]</link>
  <thumbnail>https://sp.rmbl.ws/s8/1[makelist.param2][makelist.param3]</thumbnail>
  <fanart>https://sp.rmbl.ws/s8/1[makelist.param2][makelist.param3]</fanart>
]]></listrepeat>
  <expres><![CDATA[a class=video-item--a href=([^>]+)[^=]+[^=]+.[^=]+.[^=]*.https:\/\/sp.rmbl.ws\/s8\/.([^.]+)(.*.?.jpg)[^"]+.([^"]+)]]></expres>
  <page>https://rumble.com/c/DineshDsouza</page>
  <referer>https://rumble.com</referer>
  <agent>Mozilla/5.0 (Linux; Android 6.0; Nexus 5 Build/MRA58N) AppleWebKit/537.36 (KHTML, like Gecko) Chrome/114.0.0.0 Mobile Safari/537.36 Edg/114.0.1823.67</agent>
</regex>
</item>

<item>
<title>[COLOR gold]Trish Regan[/COLOR]</title>
<thumbnail>https://sp.rmbl.ws/z8/f/e/u/b/feuba.baa.1-TrishRegan-rjv9fw.jpeg</thumbnail>
<fanart>https://sp.rmbl.ws/z8/f/e/u/b/feuba.caa.2-TrishRegan-rjv9lm.jpeg</fanart>
<link>$doregex[makelist]</link>
<regex>
<name>makelist</name>
<listrepeat><![CDATA[
  <title>[COLOR gold][makelist.param4][/COLOR]</title>
  <link>https://sp.rmbl.ws/s8/2[makelist.param2].caa.mp4|Referer=https://rumble.com[makelist.param1]</link>
  <thumbnail>https://sp.rmbl.ws/s8/1[makelist.param2][makelist.param3]</thumbnail>
  <fanart>https://sp.rmbl.ws/s8/1[makelist.param2][makelist.param3]</fanart>
]]></listrepeat>
  <expres><![CDATA[a class=video-item--a href=([^>]+)[^=]+[^=]+.[^=]+.[^=]*.https:\/\/sp.rmbl.ws\/s8\/.([^.]+)(.*.?.jpg)[^"]+.([^"]+)]]></expres>
  <page>https://rumble.com/c/TrishReganShow</page>
  <referer>https://rumble.com</referer>
  <agent>Mozilla/5.0 (Linux; Android 6.0; Nexus 5 Build/MRA58N) AppleWebKit/537.36 (KHTML, like Gecko) Chrome/114.0.0.0 Mobile Safari/537.36 Edg/114.0.1823.67</agent>
</regex>
</item>

<item>
<title>[COLOR gold]In The Litter Box[/COLOR]</title>
<thumbnail>https://sp.rmbl.ws/z8/e/Y/a/f/eYafa.baa.1-InTheLitterBox-r5mxhf.jpeg</thumbnail>
<fanart>https://sp.rmbl.ws/z8/e/Y/a/f/eYafa.caa.1-InTheLitterBox-r5mxf3.jpeg</fanart>
<link>$doregex[makelist]</link>
<regex>
<name>makelist</name>
<listrepeat><![CDATA[
  <title>[COLOR gold][makelist.param4][/COLOR]</title>
  <link>$doregex[getUrl]|Referer=https://rumble.com[makelist.param1]</link>
  <thumbnail>https://sp.rmbl.ws/s8/1[makelist.param2][makelist.param3]</thumbnail>
  <fanart>https://sp.rmbl.ws/s8/1[makelist.param2][makelist.param3]</fanart>
]]></listrepeat>
  <expres><![CDATA[a class=video-item--a href=([^>]+)[^=]+[^=]+.[^=]+.[^=]*.https:\/\/sp.rmbl.ws\/s8\/.([^.]+)(.*.?.jpg)[^"]+.([^"]+)]]></expres>
  <page>https://rumble.com/c/InTheLitterBox</page>
  <referer>https://rumble.com</referer>
  <agent>Mozilla/5.0 (Linux; Android 6.0; Nexus 5 Build/MRA58N) AppleWebKit/537.36 (KHTML, like Gecko) Chrome/114.0.0.0 Mobile Safari/537.36 Edg/114.0.1823.67</agent>
</regex>
<regex>
<name>getUrl</name>
<expres>$pyFunction: 'https://rumble.com/live-hls-dvr/$doregex[livefeed]/playlist.m3u8' if not '$doregex[livefeed]'=='' else 'https://sp.rmbl.ws/s8/2[makelist.param2].caa.mp4'</expres>
<page></page>
</regex>
<regex>
<name>livefeed</name>
<expres><![CDATA[url=https%3A%2F%2Frumble.com%2Fembed%2Fv([^%]+)]]></expres>
<page>https://rumble.com[makelist.param1]</page>
</regex>
</item>

<item>
<title>[COLOR gold]Lara Logan[/COLOR]</title>
<thumbnail>https://sp.rmbl.ws/z0/8/4/U/L/84ULd.asF-zuse4-rpb9al.jpeg</thumbnail>
<fanart>https://sp.rmbl.ws/z8/7/a/D/f/7aDfa.caa-LaraLogan-r7rvyf.jpeg</fanart>
<link>$doregex[makelist]</link>
<regex>
<name>makelist</name>
<listrepeat><![CDATA[
  <title>[COLOR gold][makelist.param4][/COLOR]</title>
  <link>https://sp.rmbl.ws/s8/2[makelist.param2].caa.mp4|Referer=https://rumble.com[makelist.param1]</link>
  <thumbnail>https://sp.rmbl.ws/s8/1[makelist.param2][makelist.param3]</thumbnail>
  <fanart>https://sp.rmbl.ws/s8/1[makelist.param2][makelist.param3]</fanart>
]]></listrepeat>
  <expres><![CDATA[a class=video-item--a href=([^>]+)[^=]+[^=]+.[^=]+.[^=]*.https:\/\/sp.rmbl.ws\/s8\/.([^.]+)(.*.?.jpg)[^"]+.([^"]+)]]></expres>
  <page>https://rumble.com/user/LaraJRumble</page>
  <referer>https://rumble.com</referer>
  <agent>Mozilla/5.0 (Linux; Android 6.0; Nexus 5 Build/MRA58N) AppleWebKit/537.36 (KHTML, like Gecko) Chrome/114.0.0.0 Mobile Safari/537.36 Edg/114.0.1823.67</agent>
</regex>
</item>

<item>
<title>[COLOR gold]Kash's Corner[/COLOR]</title>
<thumbnail>https://sp.rmbl.ws/z8/d/V/S/d/dVSda.baa-KashsCorner-qvwdjc.jpeg</thumbnail>
<fanart>https://sp.rmbl.ws/z8/d/V/S/d/dVSda.caa-KashsCorner-qvwdje.jpeg</fanart>
<link>$doregex[makelist]</link>
<regex>
<name>makelist</name>
<listrepeat><![CDATA[
  <title>[COLOR gold][makelist.param4][/COLOR]</title>
  <link>https://sp.rmbl.ws/s8/2[makelist.param2].caa.mp4|Referer=https://rumble.com[makelist.param1]</link>
  <thumbnail>https://sp.rmbl.ws/s8/1[makelist.param2][makelist.param3]</thumbnail>
  <fanart>https://sp.rmbl.ws/s8/1[makelist.param2][makelist.param3]</fanart>
]]></listrepeat>
  <expres><![CDATA[a class=video-item--a href=([^>]+)[^=]+[^=]+.[^=]+.[^=]*.https:\/\/sp.rmbl.ws\/s8\/.([^.]+)(.*.?.jpg)[^"]+.([^"]+)]]></expres>
  <page>https://rumble.com/c/KashsCorner</page>
  <referer>https://rumble.com</referer>
  <agent>Mozilla/5.0 (Linux; Android 6.0; Nexus 5 Build/MRA58N) AppleWebKit/537.36 (KHTML, like Gecko) Chrome/114.0.0.0 Mobile Safari/537.36 Edg/114.0.1823.67</agent>
</regex>
</item>

</items>