<?xml version="1.0" encoding="UTF-8"?>
<items>

<item>
<title>[B][COLOR cyan]DADDYLIVE[/COLOR][/B]Today Games</title>
<thumbnail></thumbnail>
<fanart>https://github.com/Magic-Dust/MagicDust/raw/master/fanart.jpg</fanart>
<link>$doregex[makelist]</link>
<regex>
<name>makelist</name>
<listrepeat><![CDATA[
<title>[COLOR cyan][B][makelist.param4][/B]- $doregex[getEST][makelist.param3] -[/COLOR] [COLOR green] [makelist.param6][/COLOR]</title>
<link>$doregex[getUrl]|user-agent=ipad&amp;referer=https://www.eplayer.to/</link>
<genre>[makelist.param1][makelist.param2][makelist.param3]</genre>
<description>[makelist.param6]</description>
<thumbnail></thumbnail>
]]></listrepeat>
<expres><![CDATA[<hr>(\d)(\d)([^ ]*) ([^<]*).*?href="[^-]*-([^.]*).*?opener">([^<]*)]]></expres>
<page>https://daddylive.me/index.php</page>
</regex>
<regex>
<name>getUrl</name>
<expres><![CDATA[Clappr.Player[\w\W]+?(?:source|src|file):\s*[\'"]([^\'"]+)]]></expres>
<page>https://www.eplayer.to/poscitech.php?live=[makelist.param5]</page>
<referer>https://poscitech.club/tv/ch116.php</referer>
</regex>
<regex>
<name>getEST</name>
<expres><![CDATA[#$pyFunction
def GetLSProData(page_data,Cookie_Jar,m):
    h1 = str([makelist.param1])
    h2 = str([makelist.param2])
    if h1 == "0":
      x = h2
    else:
      x = h1 + h2
    x = int(x)
    x = x + 7
    y = 12
    if x > 24 :
      x = x - y - y
    elif x > 12 :
      x = x - y
    return x
]]></expres>
<page></page>
</regex>
</item>
</items>