<?xml version="1.0" encoding="UTF-8"?>
<items>

<item>
<title>NYRA</title>
<thumbnail>http://integratedstaffingcorp.com/wp-content/uploads/2018/01/NYRA-238x300.png</thumbnail>
<fanart></fanart>
<urlsolve>https://www.youtube.com//watch?v=$doregex[getUrl]</urlsolve>
<regex>
<name>getUrl</name>
<expres>$pyFunction: '$doregex[featured]' if not '$doregex[featured]'=='' else '$doregex[video]' </expres>
<page></page>
</regex>
<regex>
<name>featured</name>
<expres><![CDATA[channelFeaturedContentRenderer":.*?videoId":"([^"]*)]]></expres>
<page>https://www.youtube.com/c/thenyra/featured</page>
</regex>
<regex>
<name>video</name>
<expres><![CDATA[channelVideoPlayerRenderer":.*?videoId":"([^"]*)]]></expres>
<page>https://www.youtube.com/c/thenyra/featured</page>
</regex>
</item>

<item>
<title>Canterbury Park</title>
<thumbnail>https://yt3.ggpht.com/ytc/AKedOLQozN6KnjaKLeGXbIVSbAwLB_EeJ2qHJRicJqiF=s88-c-k-c0x00ffffff-no-rj</thumbnail>
<fanart></fanart>
<urlsolve>https://www.youtube.com//watch?v=$doregex[getUrl]</urlsolve>
<regex>
<name>getUrl</name>
<expres>$pyFunction: '$doregex[featured]' if not '$doregex[featured]'=='' else '$doregex[video]' </expres>
<page></page>
</regex>
<regex>
<name>featured</name>
<expres><![CDATA[channelFeaturedContentRenderer":.*?videoId":"([^"]*)]]></expres>
<page>https://www.youtube.com/user/canterburypark/featured</page>
</regex>
<regex>
<name>video</name>
<expres><![CDATA[channelVideoPlayerRenderer":.*?videoId":"([^"]*)]]></expres>
<page>https://www.youtube.com/user/canterburypark/featured</page>
</regex>
</item>

<item>
<title>Dresden Raceway</title>
<thumbnail>https://yt3.ggpht.com/ytc/AAUvwniYxtKRALd1hgi328zS7dTK46ZcvHzZsXv4U4sN=s88-c-k-c0x00ffffff-no-rj</thumbnail>
<fanart></fanart>
<urlsolve>https://www.youtube.com//watch?v=$doregex[getUrl]</urlsolve>
<regex>
<name>getUrl</name>
<expres>$pyFunction: '$doregex[featured]' if not '$doregex[featured]'=='' else '$doregex[video]' </expres>
<page></page>
</regex>
<regex>
<name>featured</name>
<expres><![CDATA[channelFeaturedContentRenderer":.*?videoId":"([^"]*)]]></expres>
<page>https://www.youtube.com/channel/UCTQVDQzwt3jn1XHkOcKRqFA/featured</page>
</regex>
<regex>
<name>video</name>
<expres><![CDATA[channelVideoPlayerRenderer":.*?videoId":"([^"]*)]]></expres>
<page>https://www.youtube.com/channel/UCTQVDQzwt3jn1XHkOcKRqFA/featured</page>
</regex>
</item>

<item>
<title>Finger Lakes Racetrack</title>
<thumbnail>https://yt3.ggpht.com/ytc/AKedOLSNVuYc6lP2j9sirY-0Zlv1VLonf95kSaE1dIoO=s88-c-k-c0x00ffffff-no-rj</thumbnail>
<fanart></fanart>
<urlsolve>https://www.youtube.com//watch?v=$doregex[getUrl]</urlsolve>
<regex>
<name>getUrl</name>
<expres>$pyFunction: '$doregex[featured]' if not '$doregex[featured]'=='' else '$doregex[video]' </expres>
<page></page>
</regex>
<regex>
<name>featured</name>
<expres><![CDATA[channelFeaturedContentRenderer":.*?videoId":"([^"]*)]]></expres>
<page>https://www.youtube.com/c/FingerLakesRacetrack/featured</page>
</regex>
<regex>
<name>video</name>
<expres><![CDATA[channelVideoPlayerRenderer":.*?videoId":"([^"]*)]]></expres>
<page>https://www.youtube.com/c/FingerLakesRacetrack/featured</page>
</regex>
</item>

<item>
<title>Global Live Racing</title>
<thumbnail>https://yt3.ggpht.com/ytc/AKedOLT0rsQaaOoS5cMdU6eXzeQzzinpq6pwAmfrSGx6nA=s88-c-k-c0x00ffffff-no-rj</thumbnail>
<fanart></fanart>
<urlsolve>https://www.youtube.com//watch?v=$doregex[getUrl]</urlsolve>
<regex>
<name>getUrl</name>
<expres>$pyFunction: '$doregex[featured]' if not '$doregex[featured]'=='' else '$doregex[video]' </expres>
<page></page>
</regex>
<regex>
<name>featured</name>
<expres><![CDATA[channelFeaturedContentRenderer":.*?videoId":"([^"]*)]]></expres>
<page>https://www.youtube.com/c/HorseRacingGlobal</page>
</regex>
<regex>
<name>video</name>
<expres><![CDATA[channelVideoPlayerRenderer":.*?videoId":"([^"]*)]]></expres>
<page>https://www.youtube.com/c/HorseRacingGlobal</page>
</regex>
</item>

<item>
<title>Hipica TV</title>
<thumbnail>https://yt3.ggpht.com/PJeYBNpy8c6kvW_f_qU_oobUbKcfFIEOd8kYeKl0Cb4-QWLLvPs2y1V7sCFBmI3DXIvm58X0=s88-c-k-c0x00ffffff-no-rj</thumbnail>
<fanart></fanart>
<urlsolve>https://www.youtube.com//watch?v=$doregex[getUrl]</urlsolve>
<regex>
<name>getUrl</name>
<expres>$pyFunction: '$doregex[featured]' if not '$doregex[featured]'=='' else '$doregex[video]' </expres>
<page></page>
</regex>
<regex>
<name>featured</name>
<expres><![CDATA[channelFeaturedContentRenderer":.*?videoId":"([^"]*)]]></expres>
<page>https://www.youtube.com/c/HipicaTV/featured</page>
</regex>
<regex>
<name>video</name>
<expres><![CDATA[channelVideoPlayerRenderer":.*?videoId":"([^"]*)]]></expres>
<page>https://www.youtube.com/c/HipicaTV/featured</page>
</regex>
</item>

<item>
<title>Hipa dromo de Palermo</title>
<thumbnail>https://yt3.ggpht.com/ytc/AKedOLQQHl3MhkseW0wcFfwhTFRRP1bLeZ1K7BjgTBIZQQ=s88-c-k-c0x00ffffff-no-rj</thumbnail>
<fanart></fanart>
<urlsolve>https://www.youtube.com//watch?v=$doregex[getUrl]</urlsolve>
<regex>
<name>getUrl</name>
<expres>$pyFunction: '$doregex[featured]' if not '$doregex[featured]'=='' else '$doregex[video]' </expres>
<page></page>
</regex>
<regex>
<name>featured</name>
<expres><![CDATA[channelFeaturedContentRenderer":.*?videoId":"([^"]*)]]></expres>
<page>https://www.youtube.com/c/Hip%C3%B3dromoCamareroPR</page>
</regex>
<regex>
<name>video</name>
<expres><![CDATA[channelVideoPlayerRenderer":.*?videoId":"([^"]*)]]></expres>
<page>https://www.youtube.com/c/Hip%C3%B3dromoCamareroPR</page>
</regex>
</item>

<item>
<title>Inverness Raceway</title>
<thumbnail>https://yt3.ggpht.com/ytc/AAUvwnjLC0AtChkXH0-X6EZc1-Os4o16RhXZsDWPQg=s88-c-k-c0x00ffffff-no-rj</thumbnail>
<fanart></fanart>
<urlsolve>https://www.youtube.com//watch?v=$doregex[getUrl]</urlsolve>
<regex>
<name>getUrl</name>
<expres>$pyFunction: '$doregex[featured]' if not '$doregex[featured]'=='' else '$doregex[video]' </expres>
<page></page>
</regex>
<regex>
<name>featured</name>
<expres><![CDATA[channelFeaturedContentRenderer":.*?videoId":"([^"]*)]]></expres>
<page>https://www.youtube.com/channel/UC9v7to4W86Obfe2Ks4eMZcA/featured</page>
</regex>
<regex>
<name>video</name>
<expres><![CDATA[channelVideoPlayerRenderer":.*?videoId":"([^"]*)]]></expres>
<page>https://www.youtube.com/channel/UC9v7to4W86Obfe2Ks4eMZcA/featured</page>
</regex>
</item>

<item>
<title>JACK Thistledown</title>
<thumbnail>https://yt3.ggpht.com/ytc/AKedOLS_UhFbWJ2iOtzUEYtuDWh0sTo1D_zYWwTYMcFXAA=s88-c-k-c0x00ffffff-no-rj</thumbnail>
<fanart></fanart>
<urlsolve>https://www.youtube.com//watch?v=$doregex[getUrl]</urlsolve>
<regex>
<name>getUrl</name>
<expres>$pyFunction: '$doregex[featured]' if not '$doregex[featured]'=='' else '$doregex[video]' </expres>
<page></page>
</regex>
<regex>
<name>featured</name>
<expres><![CDATA[channelFeaturedContentRenderer":.*?videoId":"([^"]*)]]></expres>
<page>https://www.youtube.com/user/thistledownracino/featured</page>
</regex>
<regex>
<name>video</name>
<expres><![CDATA[channelVideoPlayerRenderer":.*?videoId":"([^"]*)]]></expres>
<page>https://www.youtube.com/user/thistledownracino/featured</page>
</regex>
</item>

<item>
<title>Macau Horse Racing</title>
<thumbnail>https://yt3.ggpht.com/ytc/AKedOLR7j-ixm5elZUehspz_36pwO-kHtIE3TEAW4-rv=s88-c-k-c0x00ffffff-no-rj</thumbnail>
<fanart></fanart>
<urlsolve>https://www.youtube.com//watch?v=$doregex[getUrl]</urlsolve>
<regex>
<name>getUrl</name>
<expres>$pyFunction: '$doregex[featured]' if not '$doregex[featured]'=='' else '$doregex[video]' </expres>
<page></page>
</regex>
<regex>
<name>featured</name>
<expres><![CDATA[channelFeaturedContentRenderer":.*?videoId":"([^"]*)]]></expres>
<page>https://www.youtube.com/channel/UCKbxXtVN48bnLmdBo7YxXXQ</page>
</regex>
<regex>
<name>video</name>
<expres><![CDATA[channelVideoPlayerRenderer":.*?videoId":"([^"]*)]]></expres>
<page>https://www.youtube.com/channel/UCKbxXtVN48bnLmdBo7YxXXQ</page>
</regex>
</item>

<item>
<title>Keeneland</title>
<thumbnail>https://yt3.ggpht.com/ytc/AKedOLShaBKIkekbITc2oGvIz_-QXr6nVy8qO0vTJB12=s88-c-k-c0x00ffffff-no-rj</thumbnail>
<fanart></fanart>
<urlsolve>https://www.youtube.com//watch?v=$doregex[getUrl]</urlsolve>
<regex>
<name>getUrl</name>
<expres>$pyFunction: '$doregex[featured]' if not '$doregex[featured]'=='' else '$doregex[video]' </expres>
<page></page>
</regex>
<regex>
<name>featured</name>
<expres><![CDATA[channelFeaturedContentRenderer":.*?videoId":"([^"]*)]]></expres>
<page>https://www.youtube.com/user/keenelandfan</page>
</regex>
<regex>
<name>video</name>
<expres><![CDATA[channelVideoPlayerRenderer":.*?videoId":"([^"]*)]]></expres>
<page>https://www.youtube.com/user/keenelandfan</page>
</regex>
</item>

<item>
<title>Santa Anita Park</title>
<thumbnail>https://yt3.ggpht.com/ytc/AKedOLSGkXQ-WfGGnnq11_vvOdoNxTsxKxc6HIUXUPgXGA=s88-c-k-c0x00ffffff-no-rj</thumbnail>
<fanart></fanart>
<urlsolve>https://www.youtube.com//watch?v=$doregex[getUrl]</urlsolve>
<regex>
<name>getUrl</name>
<expres>$pyFunction: '$doregex[featured]' if not '$doregex[featured]'=='' else '$doregex[video]' </expres>
<page></page>
</regex>
<regex>
<name>featured</name>
<expres><![CDATA[channelFeaturedContentRenderer":.*?videoId":"([^"]*)]]></expres>
<page>https://www.youtube.com/c/SantaAnitaParkLive</page>
</regex>
<regex>
<name>video</name>
<expres><![CDATA[channelVideoPlayerRenderer":.*?videoId":"([^"]*)]]></expres>
<page>https://www.youtube.com/c/SantaAnitaParkLive</page>
</regex>
</item>

<item>
<title>Gulfstream Park</title>
<thumbnail>https://yt3.ggpht.com/ytc/AKedOLR9X-fWw0KWtbWWPj0QjD7B4HwLlMSI4VbS0_3Dvw=s88-c-k-c0x00ffffff-no-rj</thumbnail>
<fanart></fanart>
<urlsolve>https://www.youtube.com//watch?v=$doregex[getUrl]</urlsolve>
<regex>
<name>getUrl</name>
<expres>$pyFunction: '$doregex[featured]' if not '$doregex[featured]'=='' else '$doregex[video]' </expres>
<page></page>
</regex>
<regex>
<name>featured</name>
<expres><![CDATA[channelFeaturedContentRenderer":.*?videoId":"([^"]*)]]></expres>
<page>https://www.youtube.com/user/GulfstreamParkRacing</page>
</regex>
<regex>
<name>video</name>
<expres><![CDATA[channelVideoPlayerRenderer":.*?videoId":"([^"]*)]]></expres>
<page>https://www.youtube.com/user/GulfstreamParkRacing</page>
</regex>
</item>

<item>
<title>MGM Northfield Park</title>
<thumbnail>https://yt3.ggpht.com/ytc/AKedOLR6Dlv0Im_fX1e6qlp1b_nLZAO3nTsGfvmlWyQF=s88-c-k-c0x00ffffff-no-rj</thumbnail>
<fanart></fanart>
<urlsolve>https://www.youtube.com//watch?v=$doregex[getUrl]</urlsolve>
<regex>
<name>getUrl</name>
<expres>$pyFunction: '$doregex[featured]' if not '$doregex[featured]'=='' else '$doregex[video]' </expres>
<page></page>
</regex>
<regex>
<name>featured</name>
<expres><![CDATA[channelFeaturedContentRenderer":.*?videoId":"([^"]*)]]></expres>
<page>https://www.youtube.com/channel/UCP0zN1Eq47UKZ3bIL6t_Ypg/featured</page>
</regex>
<regex>
<name>video</name>
<expres><![CDATA[channelVideoPlayerRenderer":.*?videoId":"([^"]*)]]></expres>
<page>https://www.youtube.com/channel/UCP0zN1Eq47UKZ3bIL6t_Ypg/featured</page>
</regex>
</item>

<item>
<title>Del Mar Racing</title>
<thumbnail>https://yt3.ggpht.com/azS77_o0r2h31A-eW1gvT0cJDKF-w_V-yxor1PIu0xOTnATFiHN4Wi2cVIDFCqA6ztJI156bwg=s88-c-k-c0x00ffffff-no-rj</thumbnail>
<fanart></fanart>
<urlsolve>https://www.youtube.com//watch?v=$doregex[getUrl]</urlsolve>
<regex>
<name>getUrl</name>
<expres>$pyFunction: '$doregex[featured]' if not '$doregex[featured]'=='' else '$doregex[video]' </expres>
<page></page>
</regex>
<regex>
<name>featured</name>
<expres><![CDATA[channelFeaturedContentRenderer":.*?videoId":"([^"]*)]]></expres>
<page>https://www.youtube.com/c/DelMarRacing</page>
</regex>
<regex>
<name>video</name>
<expres><![CDATA[channelVideoPlayerRenderer":.*?videoId":"([^"]*)]]></expres>
<page>https://www.youtube.com/c/DelMarRacing</page>
</regex>
</item>

<item>
<title>Americas Best Racing</title>
<thumbnail>https://yt3.ggpht.com/qshtbjBpAUdikJ8TiHyj5Vn8brOB-dtFQOLqQIwjxvgv2ZyDmbX4nNNlXKdDkM8culOFMg2Omg=s88-c-k-c0x00ffffff-no-rj</thumbnail>
<fanart></fanart>
<urlsolve>https://www.youtube.com//watch?v=$doregex[getUrl]</urlsolve>
<regex>
<name>getUrl</name>
<expres>$pyFunction: '$doregex[featured]' if not '$doregex[featured]'=='' else '$doregex[video]' </expres>
<page></page>
</regex>
<regex>
<name>featured</name>
<expres><![CDATA[channelFeaturedContentRenderer":.*?videoId":"([^"]*)]]></expres>
<page>https://www.youtube.com/c/AmericasBestRacing</page>
</regex>
<regex>
<name>video</name>
<expres><![CDATA[channelVideoPlayerRenderer":.*?videoId":"([^"]*)]]></expres>
<page>https://www.youtube.com/c/AmericasBestRacing</page>
</regex>
</item>

<item>
<title>Twinspires</title>
<thumbnail>https://yt3.ggpht.com/uyHoBLLIAP5vT0J6kuOp-QPW9AhxhHMc5ewFSdSXKtlqIOV7xqHbHA232UmVOkxZ5_ypuC0hxQ=s88-c-k-c0x00ffffff-no-rj</thumbnail>
<fanart></fanart>
<urlsolve>https://www.youtube.com//watch?v=$doregex[getUrl]</urlsolve>
<regex>
<name>getUrl</name>
<expres>$pyFunction: '$doregex[featured]' if not '$doregex[featured]'=='' else '$doregex[video]' </expres>
<page></page>
</regex>
<regex>
<name>featured</name>
<expres><![CDATA[channelFeaturedContentRenderer":.*?videoId":"([^"]*)]]></expres>
<page>https://www.youtube.com/user/twinspires</page>
</regex>
<regex>
<name>video</name>
<expres><![CDATA[channelVideoPlayerRenderer":.*?videoId":"([^"]*)]]></expres>
<page>https://www.youtube.com/user/twinspires</page>
</regex>
</item>

<item>
<title>Red Mile Racetrack</title>
<thumbnail>https://yt3.ggpht.com/ytc/AKedOLTAZvlfOryG2pM-Td5HX1oZRYWULAmm8Lq9dIFJdw=s88-c-k-c0x00ffffff-no-rj</thumbnail>
<fanart></fanart>
<urlsolve>https://www.youtube.com//watch?v=$doregex[getUrl]</urlsolve>
<regex>
<name>getUrl</name>
<expres>$pyFunction: '$doregex[featured]' if not '$doregex[featured]'=='' else '$doregex[video]' </expres>
<page></page>
</regex>
<regex>
<name>featured</name>
<expres><![CDATA[channelFeaturedContentRenderer":.*?videoId":"([^"]*)]]></expres>
<page>https://www.youtube.com/c/TheRedMileRacetrack</page>
</regex>
<regex>
<name>video</name>
<expres><![CDATA[channelVideoPlayerRenderer":.*?videoId":"([^"]*)]]></expres>
<page>https://www.youtube.com/c/TheRedMileRacetrack</page>
</regex>
</item>

</items>