<?xml version="1.0" encoding="UTF-8"?>
<items>

<item>
<title>ABC LIVE Digital</title>
<fanart></fanart>
<thumbnail></thumbnail>
<link>https://abcnews-streams.akamaized.net/hls/live/2023560/abcnews1/master.m3u8$$lsname=Live 1</link>
<link>https://abcnews-streams.akamaized.net/hls/live/2023561/abcnews2/master.m3u8$$lsname=Live 2</link>
<link>https://abcnews-streams.akamaized.net/hls/live/2023562/abcnews3/master.m3u8$$lsname=Live 3</link>
<link>https://abcnews-streams.akamaized.net/hls/live/2023563/abcnews4/master.m3u8$$lsname=Live 4</link>
<link>https://abcnews-streams.akamaized.net/hls/live/2023564/abcnews5/master.m3u8$$lsname=Live 5</link>
<link>https://abcnews-streams.akamaized.net/hls/live/2023565/abcnews6/master.m3u8$$lsname=Live 6</link>
</item>

<item>
<title>CBSN LIVE</title>
<fanart></fanart>
<thumbnail></thumbnail>
<link>https://cbsnewshd-lh.akamaihd.net/i/cbsnewsLivePlayer_1@196305/master.m3u8$$lsname=Live Event</link>
<link>https://dai.google.com/linear/hls/event/26FJK7wRSo6RhPsK70XS_w/master.m3u8$$lsname=Boston</link>
<link>https://dai.google.com/linear/hls/event/DWt8iR1YQ-OJQsxczu8KfQ/master.m3u8$$lsname=Chicago</link>
<link>https://dai.google.com/linear/hls/event/EUo67MWSRh6toPi0heJKnQ/master.m3u8$$lsname=Denver</link>
<link>https://dai.google.com/linear/hls/event/TxSbNMu4R5anKrjV02VOBg/master.m3u8$$lsname=LA</link>
<link>https://dai.google.com/linear/hls/event/rtcMlf4RTvOEkaudeany5w/master.m3u8$$lsname=New York</link>
<link>https://dai.google.com/linear/hls/event/Xu-ITJ2GTNGaxGn893mmWg/master.m3u8$$lsname=Philly</link>
</item>

<item>
<title>Bloomberg LIVE</title>
<fanart></fanart>
<thumbnail></thumbnail>
<link>https://liveproduseast.akamaized.net/btv/desktop/us_event.m3u8$$lsname=Live Event USA</link>
<link>https://www.bloomberg.com/media-manifest/streams/politics.m3u8$$lsname=Live Event US Politics</link>
<link>https://www.bloomberg.com/media-manifest/streams/eu-event.m3u8$$lsname=Live Event Europe</link>
<link>https://www.bloomberg.com/media-manifest/streams/phoenix-us.m3u8$$lsname=USA TV+</link>
<link>https://cdn-videos.akamaized.net/btv/desktop/akamai/europe/live/primary.m3u8$$lsname=Europe</link>
<link>https://www.bloomberg.com/media-manifest/streams/aus.m3u8$$lsname=Australia</link>
<link>https://bloomberg-quicktake-1.samsung.wurl.com/manifest/playlist.m3u8$$lsname=Quicktake</link>
<link>https://bloomberg-bloombergtv-1-es.samsung.wurl.com/manifest/playlist.m3u8$$lsname=Spain</link>
</item>

<item>
<title>NBCN LIVE</title>
<fanart></fanart>
<thumbnail></thumbnail>
<link>https://fox-foxnewsnow-vizio.amagi.tv/playlist.m3u8$$lsname=News Now</link>
<link>https://nbcnews-lh.akamaihd.net/i/nbc_live11@183427/master.m3u8$$lsname=Event 1</link>
<link>https://nbcnews-lh.akamaihd.net/i/nbc_live12@187393/master.m3u8$$lsname=Event 2</link>
<link>https://nbcnews-lh.akamaihd.net/i/nbc_live13@187394/master.m3u8$$lsname=Event 3</link>
<link>https://nbcnews-lh.akamaihd.net/i/nbc_live14@187395/master.m3u8$$lsname=Event 4</link>
<link>http://wmaqlive-f.akamaihd.net/i/wmaqa1_1@22923/master.m3u8$$lsname=Chicago</link>
<link>https://wrclive-f.akamaihd.net/i/wrcb1_1@46880/master.m3u8$$lsname=DC</link>
<link>http://media-hls-az1.wral.com/livehttporigin/_definst_/mp4:encoder25-high/chunklist.m3u8$$lsname=Raleigh</link>
</item>

<item>
<title>CNBC INT</title>
<fanart></fanart>
<thumbnail></thumbnail>
<link>https://hiplayer.hibridcdn.net/t/cnbcarabia-live.m3u8$$lsname=Arabia</link>
<link>https://live.cnbcindonesia.com/livecnbc/smil:cnbctv.smil/chunklist.m3u8$$lsname=Indonesia</link>
<link>https://cnbctv18-lh.akamaihd.net/i/cnbctv18_1@174868/index_5_av-p.m3u8$$lsname=India</link>
</item>

<item>
<title>CNN INT</title>
<fanart></fanart>
<thumbnail></thumbnail>
<link>https://cnn-cnninternational-1-de.samsung.wurl.com/manifest/playlist.m3u8$$lsname=International</link>
<link>https://streaming.cnnphilippines.com/live/myStream/chunklist_w1877522213.m3u8$$lsname=Philippines</link>
<link>https://mn-nl.mncdn.com/blutv_cnnturk/smil:cnnturk_sd.smil/chunklist_b2064000.m3u8$$lsname=Turkey</link>
</item>

<item>
<title>Fashion</title>
<fanart></fanart>
<link>https://fashiontv-fashiontv-2-es.samsung.wurl.com/manifest/playlist.m3u8$$lsname=Main</link>
<link>https://fashiontv-fashiontv-loriginal-fr.samsung.wurl.com/manifest/playlist.m3u8$$lsname=L'Original</link>
<link>https://fash1043.cloudycdn.services/slive/ftv_midnite_secrets_adaptive.smil/playlist.m3u8$$lsname=Midnight Secret</link>
<link>https://fash2043.cloudycdn.services/slive/ftv_ftv_gmt_-5_qko_43090_default_1225_hls.smil/playlist.m3u8$$lsname=NY</link>
<link>http://fash1043.cloudycdn.services/slive/ftv_paris_adaptive.smil/playlist.m3u8$$lsname=Paris</link>
<link>https://fash2043.cloudycdn.services/slive/ftv_ftv_asia_ada_xiv_42149_default_137_hls.smil/playlist.m3u8$$lsname=Asia</link>
</item>

<item>
<title>Fuel tv</title>
<fanart></fanart>
<thumbnail></thumbnail>
<link>https://fueltv-fueltv-1.samsung.wurl.com/manifest/playlist.m3u8$$lsname=USA</link>
<link>https://fueltv-fueltv-2-gb.samsung.wurl.com/manifest/playlist.m3u8$$lsname=England</link>
<link>https://i.mjh.nz/au/Sydney/tv.7fueltv.m3u8$$lsname=Australia</link>
<link>https://fueltv-fueltv-9-br.samsung.wurl.com/manifest/playlist.m3u8$$lsname=Brazil</link>
<link>https://fueltv-fueltv-11-mx.samsung.wurl.com/manifest/playlist.m3u8$$lsname=Mexico</link>
<link>http://fueltv-fueltv-14-nl.samsung.wurl.com/manifest/playlist.m3u8$$lsname=Netherland</link>
<link>https://fueltv-fueltv-13-se.samsung.wurl.com/manifest/playlist.m3u8$$lsname=Sweden</link>
</item>

<item>
<title>Tastemade</title>
<fanart></fanart>
<thumbnail></thumbnail>
<link>https://tastemade-xumo.amagi.tv/hls/amagi_hls_data_tastemade-tastemadefreetv16xumo/CDN/master.m3u8$$lsname=USA</link>
<link>https://tmint-aus-samsungau.amagi.tv/playlist.m3u8$$lsname=Australia</link>
<link>https://tastemadees16intl-samsungmexico.amagi.tv/playlist.m3u8$$lsname=Mexico</link>
<link>https://tastemade-intl-vizioca.amagi.tv/playlist.m3u8$$lsname=International</link>
<link>https://tastemade-pt16intl-samsungbrazil.amagi.tv/playlist.m3u8$$lsname=Brazil</link>
<link>https://tastemadeintaus-smindia.amagi.tv/playlist.m3u8$$lsname=India</link>
</item>

<item>
<title>FOX Regional</title>
<fanart></fanart>
<thumbnail></thumbnail>
<link>https://fox-foxnewsnow-samsungus.amagi.tv/playlist.m3u8$$lsname=Fox News Now</link>
<link>https://svc-lvanvato-cxtv-wfxt.cmgvideo.com/wfxt/2564k/index.m3u8$$lsname=Boston</link>
<link>https://lnc-kdfw-fox-aws.tubi.video/index.m3u8$$lsname=Dallas</link>
<link>https://lnc-kriv-fox-aws.tubi.video/index.m3u8$$lsname=Houston</link>
<link>https://lnc-kttv-fox-aws.tubi.video/index.m3u8$$lsname=Los Angeles</link>
<link>https://lnc-ksaz-fox-aws.tubi.video/index.m3u8$$lsname=Phoenix</link>
<link>https://lnc-ktvu-fox-aws.tubi.video/index.m3u8$$lsname=San Francisco</link>
<link>https://lnc-kcpq-fox-aws.tubi.video/index.m3u8$$lsname=Seattle</link>
</item>

<item>
<title>Beach TV</title>
<fanart></fanart>
<thumbnail></thumbnail>
<link>http://media4.tripsmarter.com:1935/LiveTV/MTVHD/playlist.m3u8$$lsname=Myrtle Beach</link>
<link>http://media4.tripsmarter.com:1935/LiveTV/DTVHD/playlist.m3u8$$lsname=Florida - Alabama</link>
<link>http://media4.tripsmarter.com:1935/LiveTV/BTVHD/playlist.m3u8$$lsname=Panama City</link>
<link>http://media4.tripsmarter.com:1935/LiveTV/KTVHD/chunklist_w363623166.m3u8$$lsname=Key West</link>
</item>

<item>
<title>RedTraffic</title>
<fanart></fanart>
<link>http://live.redtraffic.xyz/blowjob.m3u8$$lsname=blowjob</link>
<link>http://live.redtraffic.xyz/bigass.m3u8$$lsname=bigass</link>
<link>http://live.redtraffic.xyz/hardcore.m3u8$$lsname=hardcore</link>
<link>http://live.redtraffic.xyz/pornstar.m3u8$$lsname=pornstar</link>
<link>http://live.redtraffic.xyz/lesbian.m3u8$$lsname=lesbian</link>
<link>http://live.redtraffic.xyz/bigtits.m3u8$$lsname=bigtits</link>
<link>http://live.redtraffic.xyz/fetish.m3u8$$lsname=fetish</link>
<link>http://live.redtraffic.xyz/milf.m3u8$$lsname=milf</link>
<link>http://live.redtraffic.xyz/russian.m3u8$$lsname=russian</link>
<link>http://live.redtraffic.xyz/teen.m3u8$$lsname=teen</link>
</item>

</items>