<?xml version="1.0" encoding="UTF-8"?>
<items>

<item>
<title>NYRA</title>
<thumbnail>http://integratedstaffingcorp.com/wp-content/uploads/2018/01/NYRA-238x300.png</thumbnail>
<fanart>https://github.com/Magic-Dust/MagicDust/raw/master/fanart.jpg</fanart>
<link>$doregex[getUrl]</link>
<regex>
<name>getUrl</name>
<expres><![CDATA[#$pyFunction
def GetLSProData(page_data,Cookie_Jar,m):#NYRA
  import re,urllib.request,resolveurl
  from urllib.request import urlopen
  source = urllib.request.urlopen('https://www.youtube.com/c/thenyra/featured').read().decode('utf-8')
  url=''
  try:
    url = re.findall('channelFeaturedContentRenderer":.*?videoId":"([^"]*)',source)[0]
  except:
    pass
  if url=='':
    u = 'http://devimages.apple.com/iphone/samples/bipbop/bipbopall.m3u8'
  else:
    u = resolveurl.resolve('https://www.youtube.com//watch?v='+url)
  return u
]]></expres>
<page>https://www.youtube.com/c/thenyra/featured</page>
</regex>
</item>

<item>
<title>Canterbury Park</title>
<thumbnail>https://yt3.ggpht.com/ytc/AAUvwni3WChtLkIJ6KUcGVvI8sReGqCIzEA5KyEHzPVs=s88-c-k-c0x00ffffff-no-rj</thumbnail>
<fanart>https://github.com/Magic-Dust/MagicDust/raw/master/fanart.jpg</fanart>
<link>$doregex[getUrl]</link>
<regex>
<name>getUrl</name>
<expres><![CDATA[#$pyFunction
import re,urllib.request,resolveurl
from urllib.request import urlopen
def GetLSProData(page_data,Cookie_Jar,m):#Canterbury
  source = urllib.request.urlopen('https://www.youtube.com/user/canterburypark/featured').read().decode('utf-8')
  return resolveurl.resolve('https://www.youtube.com//watch?v='+re.findall('channelFeaturedContentRenderer":.*?videoId":"([^"]*)',source)[0])
]]></expres>
<page>https://www.youtube.com/user/canterburypark/featured</page>
</regex>
</item>

<item>
<title>Dresden Raceway</title>
<thumbnail>https://yt3.ggpht.com/ytc/AAUvwniYxtKRALd1hgi328zS7dTK46ZcvHzZsXv4U4sN=s88-c-k-c0x00ffffff-no-rj</thumbnail>
<fanart>https://github.com/Magic-Dust/MagicDust/raw/master/fanart.jpg</fanart>
<link>$doregex[getUrl]</link>
<regex>
<name>getUrl</name>
<expres><![CDATA[#$pyFunction
import re,urllib.request,resolveurl
from urllib.request import urlopen
def GetLSProData(page_data,Cookie_Jar,m):#Dresdon
  source = urllib.request.urlopen('https://www.youtube.com/channel/UCTQVDQzwt3jn1XHkOcKRqFA/featured').read().decode('utf-8')
  return resolveurl.resolve('https://www.youtube.com//watch?v='+re.findall('channelFeaturedContentRenderer":.*?videoId":"([^"]*)',source)[0])
]]></expres>
<page>https://www.youtube.com/channel/UCTQVDQzwt3jn1XHkOcKRqFA/featured</page>
</regex>
</item>

<item>
<title>Finger Lakes Racetrack</title>
<thumbnail>https://yt3.ggpht.com/ytc/AAUvwnjt6bcDOoFlNiPqwu21Q51MxConVtoqns7Z5MqE=s88-c-k-c0x00ffffff-no-rj</thumbnail>
<fanart>https://github.com/Magic-Dust/MagicDust/raw/master/fanart.jpg</fanart>
<link>$doregex[getUrl]</link>
<regex>
<name>getUrl</name>
<expres><![CDATA[#$pyFunction
import re,urllib.request,resolveurl
from urllib.request import urlopen
def GetLSProData(page_data,Cookie_Jar,m):#Hipo
  source = urllib.request.urlopen('https://www.youtube.com/c/FingerLakesRacetrack/featured').read().decode('utf-8')
  return resolveurl.resolve('https://www.youtube.com//watch?v='+re.findall('channelFeaturedContentRenderer":.*?videoId":"([^"]*)',source)[0])
]]></expres>
<page>https://www.youtube.com/c/FingerLakesRacetrack/featured</page>
</regex>
</item>

<item>
<title>Global Live Racing</title>
<thumbnail>https://yt3.ggpht.com/ytc/AAUvwniPSoUhgxC6uCsYL-Mk4oZdsxJmV9O79dnwHugHOg=s88-c-k-c0x00ffffff-no-rj</thumbnail>
<fanart>https://github.com/Magic-Dust/MagicDust/raw/master/fanart.jpg</fanart>
<link>$doregex[getUrl]</link>
<regex>
<name>getUrl</name>
<expres><![CDATA[#$pyFunction
import re,urllib.request,resolveurl
from urllib.request import urlopen
def GetLSProData(page_data,Cookie_Jar,m):#Hipo
  source = urllib.request.urlopen('https://www.youtube.com/c/WeekendkingAu88/featured').read().decode('utf-8')
  return resolveurl.resolve('https://www.youtube.com//watch?v='+re.findall('channelFeaturedContentRenderer":.*?videoId":"([^"]*)',source)[0])
]]></expres>
<page>https://www.youtube.com/c/WeekendkingAu88/featured</page>
</regex>
</item>

<item>
<title>Hipica TV</title>
<thumbnail>https://yt3.ggpht.com/ytc/AAUvwni3WChtLkIJ6KUcGVvI8sReGqCIzEA5KyEHzPVs=s88-c-k-c0x00ffffff-no-rj</thumbnail>
<fanart>https://github.com/Magic-Dust/MagicDust/raw/master/fanart.jpg</fanart>
<link>$doregex[getUrl]</link>
<regex>
<name>getUrl</name>
<expres><![CDATA[#$pyFunction
import re,urllib.request,resolveurl
from urllib.request import urlopen
def GetLSProData(page_data,Cookie_Jar,m):#Hipca
  source = urllib.request.urlopen('https://www.youtube.com/c/HipicaTV/featured').read().decode('utf-8')
  return resolveurl.resolve('https://www.youtube.com//watch?v='+re.findall('channelFeaturedContentRenderer":.*?videoId":"([^"]*)',source)[0])
]]></expres>
<page>https://www.youtube.com/c/HipicaTV/featured</page>
</regex>
</item>

<item>
<title>Hipódromo de Palermo</title>
<thumbnail>https://yt3.ggpht.com/ytc/AAUvwnhJeph8K7DPxL6YCFO4pdGU_gT4_v0SNgoCyymBtA=s88-c-k-c0x00ffffff-no-rj</thumbnail>
<fanart>https://github.com/Magic-Dust/MagicDust/raw/master/fanart.jpg</fanart>
<link>$doregex[getUrl]</link>
<regex>
<name>getUrl</name>
<expres><![CDATA[#$pyFunction
import re,urllib.request,resolveurl
from urllib.request import urlopen
def GetLSProData(page_data,Cookie_Jar,m):#Hipo
  source = urllib.request.urlopen('https://www.youtube.com/user/palermoturf/featured').read().decode('utf-8')
  return resolveurl.resolve('https://www.youtube.com//watch?v='+re.findall('channelFeaturedContentRenderer":.*?videoId":"([^"]*)',source)[0])
]]></expres>
<page>https://www.youtube.com/user/palermoturf/featured</page>
</regex>
<thumbnail>https://payliance.com/portals/0/images/logos/logo-nyra-circle.png</thumbnail>
<fanart>https://github.com/Magic-Dust/MagicDust/raw/master/fanart.jpg</fanart>
</item>

<item>
<title>Hong Kong</title>
<thumbnail>https://yt3.ggpht.com/ytc/AAUvwnhhxlOsXpqDyHDWmQMcK6JxYBtIYmi5BuDB-gq9=s88-c-k-c0x00ffffff-no-rj</thumbnail>
<fanart>https://github.com/Magic-Dust/MagicDust/raw/master/fanart.jpg</fanart>
<link>$doregex[getUrl]</link>
<regex>
<name>getUrl</name>
<expres><![CDATA[#$pyFunction
import re,urllib.request,resolveurl
from urllib.request import urlopen
def GetLSProData(page_data,Cookie_Jar,m):#Hipo
  source = urllib.request.urlopen('https://www.youtube.com/c/3WEHongKongHorseRacingLive/featured').read().decode('utf-8')
  return resolveurl.resolve('https://www.youtube.com//watch?v='+re.findall('channelFeaturedContentRenderer":.*?videoId":"([^"]*)',source)[0])
]]></expres>
<page>https://www.youtube.com/c/3WEHongKongHorseRacingLive/featured</page>
</regex>
</item>

<item>
<title>Inverness Raceway</title>
<thumbnail>https://yt3.ggpht.com/ytc/AAUvwnjLC0AtChkXH0-X6EZc1-Os4o16RhXZsDWPQg=s88-c-k-c0x00ffffff-no-rj</thumbnail>
<fanart>https://github.com/Magic-Dust/MagicDust/raw/master/fanart.jpg</fanart>
<link>$doregex[getUrl]</link>
<regex>
<name>getUrl</name>
<expres><![CDATA[#$pyFunction
import re,urllib.request,resolveurl
from urllib.request import urlopen
def GetLSProData(page_data,Cookie_Jar,m):#Hipo
  source = urllib.request.urlopen('https://www.youtube.com/channel/UC9v7to4W86Obfe2Ks4eMZcA/featured').read().decode('utf-8')
  return resolveurl.resolve('https://www.youtube.com//watch?v='+re.findall('channelFeaturedContentRenderer":.*?videoId":"([^"]*)',source)[0])
]]></expres>
<page>https://www.youtube.com/channel/UC9v7to4W86Obfe2Ks4eMZcA/featured</page>
</regex>
</item>

<item>
<title>JACK Thistledown</title>
<thumbnail>https://yt3.ggpht.com/ytc/AAUvwnjZWIIlxkLPNbpvJe2nl5VA0lm6rFTYDiDC6-4WDw=s88-c-k-c0x00ffffff-no-rj</thumbnail>
<fanart>https://github.com/Magic-Dust/MagicDust/raw/master/fanart.jpg</fanart>
<link>$doregex[getUrl]</link>
<regex>
<name>getUrl</name>
<expres><![CDATA[#$pyFunction
import re,urllib.request,resolveurl
from urllib.request import urlopen
def GetLSProData(page_data,Cookie_Jar,m):#Hipo
  source = urllib.request.urlopen('https://www.youtube.com/user/thistledownracino/featured').read().decode('utf-8')
  return resolveurl.resolve('https://www.youtube.com//watch?v='+re.findall('channelFeaturedContentRenderer":.*?videoId":"([^"]*)',source)[0])
]]></expres>
<page>https://www.youtube.com/user/thistledownracino/featured</page>
</regex>
</item>

<item>
<title>Macau Horse Racing</title>
<thumbnail>https://yt3.ggpht.com/ytc/AAUvwnj99OyoxZRGAw4QhFL50ZkwjH8KwXDP0XMzYBQh=s88-c-k-c0x00ffffff-no-rj</thumbnail>
<fanart>https://github.com/Magic-Dust/MagicDust/raw/master/fanart.jpg</fanart>
<link>$doregex[getUrl]</link>
<regex>
<name>getUrl</name>
<expres><![CDATA[#$pyFunction
import re,urllib.request,resolveurl
from urllib.request import urlopen
def GetLSProData(page_data,Cookie_Jar,m):#Hipo
  source = urllib.request.urlopen('https://www.youtube.com/channel/UC3x9S4ST9LRnhkJF68Dbu8g/featured').read().decode('utf-8')
  return resolveurl.resolve('https://www.youtube.com//watch?v='+re.findall('channelFeaturedContentRenderer":.*?videoId":"([^"]*)',source)[0])
]]></expres>
<page>https://www.youtube.com/channel/UC3x9S4ST9LRnhkJF68Dbu8g/featured</page>
</regex>
</item>

</items>