<?xml version="1.0" encoding="UTF-8"?>
<items>

<item>
<title>2001 Odyssey -[COLOR gold] Main Stage[/COLOR]</title>
<thumbnail></thumbnail>
<fanart></fanart>
<link>$doregex[makelist]|User-Agent=IPad&amp;Referer=https://2001live.com/&amp;Origin=https://2001live.com/</link>
<regex>
<name>makelist</name>
<expres>hls:[^"]*"([^"]*)</expres>
<page>https://2001live.com/mainstage</page>
<referer>https://2001live.com/</referer>
</regex>
</item>

<item>
<title>2001 Odyssey -[COLOR gold] Stage POV[/COLOR]</title>
<thumbnail></thumbnail>
<fanart></fanart>
<link>$doregex[makelist]|User-Agent=IPad&amp;Referer=https://2001live.com/</link>
<regex>
<name>makelist</name>
<expres>hls:[^"]*"([^"]*)</expres>
<page>https://2001live.com/mainstagePOV</page>
<referer>https://2001live.com/</referer>
</regex>
</item>

<item>
<title>2001 Odyssey -[COLOR gold] Dressing Room[/COLOR]</title>
<thumbnail></thumbnail>
<fanart></fanart>
<link>$doregex[makelist]|User-Agent=Mozilla/5.0 (Linux; Android 6.0; Nexus 5 Build/MRA58N) AppleWebKit/537.36 (KHTML, like Gecko) Chrome/101.0.4951.41 Mobile Safari/537.36 Edg/101.0.1210.32&amp;Referer=https://2001live.com/&amp;Origin=https://2001live.com/</link>
<regex>
<name>makelist</name>
<expres>hls:[^"]*"([^"]*)</expres>
<page>https://2001live.com/dressingRoom</page>
<referer>https://2001live.com/</referer>
</regex>
</item>

<item>
<title>2001 Odyssey -[COLOR gold] DR Twerk Cam[/COLOR]</title>
<thumbnail></thumbnail>
<fanart></fanart>
<link>$doregex[makelist]|User-Agent=Mozilla/5.0 (Linux; Android 6.0; Nexus 5 Build/MRA58N) AppleWebKit/537.36 (KHTML, like Gecko) Chrome/101.0.4951.41 Mobile Safari/537.36 Edg/101.0.1210.32&amp;Referer=https://2001live.com/&amp;Origin=https://2001live.com/</link>
<regex>
<name>makelist</name>
<expres>hls:[^"]*"([^"]*)</expres>
<page>https://2001live.com/DRTwerk</page>
<referer>https://2001live.com/</referer>
</regex>
</item>

</items>