<?xml version="1.0" encoding="UTF-8"?>
<items>

<item>
<title>24/7 Live Channels | daddylive.click</title>
<fanart></fanart>
<thumbnail>https://i.imgur.com/8EL6mr3.png</thumbnail>
<link>$doregex[makelist]</link>
<regex>
<name>makelist</name>
<listrepeat><![CDATA[
<title>[makelist.param2]</title>
<link>$doregex[m5]|User-Agent=Mozilla/5.0&amp;Referer=https://www.funks.ws/&amp;Origin=https://www.funks.ws&amp;Cookie=$get_cookies$</link>
<fanart></fanart>
<thumbnail>https://i.imgur.com/8EL6mr3.png</thumbnail>
]]></listrepeat>
<expres><![CDATA[grid-item"><a href="([^"]+).*?strong>([^<]+)]]></expres>
<page>https://daddylive.click/24-hours-channels.php</page>
<referer>https://daddylive.click/</referer>
</regex>
<regex>
<name>m5</name>
<expres><![CDATA[Clappr.Player.[\w\W]*?.source:[^"]*"([^'"]+)]]></expres>
<page>$doregex[m4]</page>
<referer>https://daddylive.click/</referer>
<post>stream:$doregex[m4]</post>
</regex>
<regex>
<name>m4</name>
<expres><![CDATA[iframe\s*src="([^"]+)]]></expres>
<page>https://daddylive.click[makelist.param1]</page>
<cookieJar>$doregex[createCFCookie]</cookieJar>
<referer>https://daddylive.click/</referer>
<agent>Mozilla/5.0</agent>
</regex>
<regex>
<name>createCFCookie</name>
<expres></expres>
<page>$pyFunction:cloudflare.createCookie('https://daddylive.click/'+[makelist.param1],Cookie_Jar,'Mozilla/5.0')</page>
<cookieJar></cookieJar>
</regex>
</item>

<item>
<title>[B][COLOR cyan]DADDYLIVE[/COLOR][/B]Today Games</title>
<thumbnail>https://i.imgur.com/8EL6mr3.png</thumbnail>
<fanart></fanart>
<link>$doregex[makelist]</link>
<regex>
<name>makelist</name>
<listrepeat><![CDATA[
<title>[COLOR cyan][B][makelist.param4][/B]- $doregex[getEST][makelist.param3] -[/COLOR] [COLOR green] [makelist.param6][/COLOR]</title>
<link>$doregex[m5]|User-Agent=Mozilla/5.0&amp;Referer=https://www.funks.ws/&amp;Origin=https://www.funks.ws&amp;Cookie=$get_cookies$</link>
<thumbnail></thumbnail>
]]></listrepeat>
<expres><![CDATA[<hr>(\d)(\d)([^ ]*) ([^<]*).*?href="[^-]*-([^.]*).php"[^>]*>([^<]*)]]></expres>
<page>https://daddylive.click/index.php</page>
</regex>
<regex>
<name>m5</name>
<expres><![CDATA[Clappr.Player.[\w\W]*?.source:[^"]*"([^'"]+)]]></expres>
<page>$doregex[m4]</page>
<referer>https://daddylive.click/</referer>
<post>stream:$doregex[m4]</post>
</regex>
<regex>
<name>m4</name>
<expres><![CDATA[iframe\s*src="([^"]+)]]></expres>
<page>https://daddylive.click[makelist.param1]</page>
<cookieJar>$doregex[createCFCookie]</cookieJar>
<referer>https://daddylive.click/</referer>
<agent>Mozilla/5.0</agent>
</regex>
<regex>
<name>createCFCookie</name>
<expres></expres>
<page>$pyFunction:cloudflare.createCookie('https://daddylive.click/'+[makelist.param1],Cookie_Jar,'Mozilla/5.0')</page>
<cookieJar></cookieJar>
</regex>
<regex>
<name>getEST</name>
<expres><![CDATA[#$pyFunction
def GetLSProData(page_data,Cookie_Jar,m):
    h1 = str([makelist.param1])
    h2 = str([makelist.param2])
    if h1 == "0":
      x = h2
    else:
      x = h1 + h2
    x = int(x)
    x = x + 7
    y = 12
    if x > 24 :
      x = x - y - y
    elif x > 12 :
      x = x - y
    return x
]]></expres>
<page></page>
</regex>
</item>

<item>
<title>[B][COLOR cyan]DADDYLIVE[/COLOR][/B] NCAA Football</title>
<thumbnail>https://www.clipartkey.com/mpngs/m/206-2060275_the-2015-ncaa-football-season-is-right-around.png</thumbnail>
<fanart></fanart>
<link>$doregex[makelist]</link>
<regex>
<name>makelist</name>
<listrepeat><![CDATA[
<title>[COLOR cyan][B][makelist.param4][/B]- $doregex[getEST][makelist.param3] -[/COLOR] [COLOR green] [makelist.param6][/COLOR]</title>
<link>$doregex[m5]|User-Agent=Mozilla/5.0&amp;Referer=https://www.funks.ws/&amp;Origin=https://www.funks.ws&amp;Cookie=$get_cookies$</link>
<thumbnail></thumbnail>
]]></listrepeat>
<expres><![CDATA[<hr>(\d)(\d)([^ ]*) (NCAA FB[^<]*).*?href="[^-]*-([^.]*).php"[^>]*>([^<]*)]]></expres>
<page>https://daddylive.click/index.php</page>
</regex>
<regex>
<name>m5</name>
<expres><![CDATA[Clappr.Player.[\w\W]*?.source:[^"]*"([^'"]+)]]></expres>
<page>$doregex[m4]</page>
<referer>https://daddylive.click/</referer>
<post>stream:$doregex[m4]</post>
</regex>
<regex>
<name>m4</name>
<expres><![CDATA[iframe\s*src="([^"]+)]]></expres>
<page>https://daddylive.click[makelist.param1]</page>
<cookieJar>$doregex[createCFCookie]</cookieJar>
<referer>https://daddylive.click/</referer>
<agent>Mozilla/5.0</agent>
</regex>
<regex>
<name>createCFCookie</name>
<expres></expres>
<page>$pyFunction:cloudflare.createCookie('https://daddylive.click/'+[makelist.param1],Cookie_Jar,'Mozilla/5.0')</page>
<cookieJar></cookieJar>
</regex>
<regex>
<name>getEST</name>
<expres><![CDATA[#$pyFunction
def GetLSProData(page_data,Cookie_Jar,m):
    h1 = str([makelist.param1])
    h2 = str([makelist.param2])
    if h1 == "0":
      x = h2
    else:
      x = h1 + h2
    x = int(x)
    x = x + 7
    y = 12
    if x > 24 :
      x = x - y - y
    elif x > 12 :
      x = x - y
    return x
]]></expres>
<page></page>
</regex>
</item>

<item>
<title>[B][COLOR cyan]DADDYLIVE[/COLOR][/B] NCAA Basketball</title>
<fanart></fanart>
<link>$doregex[makelist]</link>
<regex>
<name>makelist</name>
<listrepeat><![CDATA[
<title>[COLOR cyan][B][makelist.param4][/B]- $doregex[getEST][makelist.param3] -[/COLOR] [COLOR green] [makelist.param6][/COLOR]</title>
<link>$doregex[m5]|User-Agent=Mozilla/5.0&amp;Referer=https://www.funks.ws/&amp;Origin=https://www.funks.ws&amp;Cookie=$get_cookies$</link>
<thumbnail></thumbnail>
]]></listrepeat>
<expres><![CDATA[<hr>(\d)(\d)([^ ]*) (NCAA :[^<]*).*?href="[^-]*-([^.]*).php"[^>]*>([^<]*)]]></expres>
<page>https://daddylive.click/index.php</page>
</regex>
<regex>
<name>m5</name>
<expres><![CDATA[Clappr.Player.[\w\W]*?.source:[^"]*"([^'"]+)]]></expres>
<page>$doregex[m4]</page>
<referer>https://daddylive.click/</referer>
<post>stream:$doregex[m4]</post>
</regex>
<regex>
<name>m4</name>
<expres><![CDATA[iframe\s*src="([^"]+)]]></expres>
<page>https://daddylive.click[makelist.param1]</page>
<cookieJar>$doregex[createCFCookie]</cookieJar>
<referer>https://daddylive.click/</referer>
<agent>Mozilla/5.0</agent>
</regex>
<regex>
<name>createCFCookie</name>
<expres></expres>
<page>$pyFunction:cloudflare.createCookie('https://daddylive.click/'+[makelist.param1],Cookie_Jar,'Mozilla/5.0')</page>
<cookieJar></cookieJar>
</regex>
<regex>
<name>getEST</name>
<expres><![CDATA[#$pyFunction
def GetLSProData(page_data,Cookie_Jar,m):
    h1 = str([makelist.param1])
    h2 = str([makelist.param2])
    if h1 == "0":
      x = h2
    else:
      x = h1 + h2
    x = int(x)
    x = x + 7
    y = 12
    if x > 24 :
      x = x - y - y
    elif x > 12 :
      x = x - y
    return x
]]></expres>
<page></page>
</regex>
</item>

<item>
<title>[B][COLOR cyan]DADDYLIVE[/COLOR][/B] MLB</title>
<thumbnail>https://upload.wikimedia.org/wikipedia/en/thumb/a/ac/MLBNetworkLogo.svg/1200px-MLBNetworkLogo.svg.png</thumbnail>
<fanart></fanart>
<link>$doregex[makelist]</link>
<regex>
<name>makelist</name>
<listrepeat><![CDATA[
<title>[COLOR cyan][B][makelist.param4][/B]- $doregex[getEST][makelist.param3] -[/COLOR] [COLOR green] [makelist.param6][/COLOR]</title>
<link>$doregex[m5]|User-Agent=Mozilla/5.0&amp;Referer=https://www.funks.ws/&amp;Origin=https://www.funks.ws&amp;Cookie=$get_cookies$</link>
<thumbnail></thumbnail>
]]></listrepeat>
<expres><![CDATA[<hr>(\d)(\d)([^ ]*) (MLB[^<]*).*?href="[^-]*-([^.]*).php"[^>]*>([^<]*)]]></expres>
<page>https://daddylive.click/index.php</page>
</regex>
<regex>
<name>m5</name>
<expres><![CDATA[Clappr.Player.[\w\W]*?.source:[^"]*"([^'"]+)]]></expres>
<page>$doregex[m4]</page>
<referer>https://daddylive.click/</referer>
<post>stream:$doregex[m4]</post>
</regex>
<regex>
<name>m4</name>
<expres><![CDATA[iframe\s*src="([^"]+)]]></expres>
<page>https://daddylive.click[makelist.param1]</page>
<cookieJar>$doregex[createCFCookie]</cookieJar>
<referer>https://daddylive.click/</referer>
<agent>Mozilla/5.0</agent>
</regex>
<regex>
<name>createCFCookie</name>
<expres></expres>
<page>$pyFunction:cloudflare.createCookie('https://daddylive.click/'+[makelist.param1],Cookie_Jar,'Mozilla/5.0')</page>
<cookieJar></cookieJar>
</regex>
<regex>
<name>getEST</name>
<expres><![CDATA[#$pyFunction
def GetLSProData(page_data,Cookie_Jar,m):
    h1 = str([makelist.param1])
    h2 = str([makelist.param2])
    if h1 == "0":
      x = h2
    else:
      x = h1 + h2
    x = int(x)
    x = x + 7
    y = 12
    if x > 24 :
      x = x - y - y
    elif x > 12 :
      x = x - y
    return x
]]></expres>
<page></page>
</regex>
</item>

<item>
<title>[B][COLOR cyan]DADDYLIVE[/COLOR][/B] NBA</title>
<fanart></fanart>
<link>$doregex[makelist]</link>
<regex>
<name>makelist</name>
<listrepeat><![CDATA[
<title>[COLOR cyan][B][makelist.param4][/B]- $doregex[getEST][makelist.param3] -[/COLOR] [COLOR green] [makelist.param6][/COLOR]</title>
<link>$doregex[m5]|User-Agent=Mozilla/5.0&amp;Referer=https://www.funks.ws/&amp;Origin=https://www.funks.ws&amp;Cookie=$get_cookies$</link>
<thumbnail></thumbnail>
]]></listrepeat>
<expres><![CDATA[<hr>(\d)(\d)([^ ]*) (NBA[^<]*).*?href="[^-]*-([^.]*).php"[^>]*>([^<]*)]]></expres>
<page>https://daddylive.click/index.php</page>
</regex>
<regex>
<name>m5</name>
<expres><![CDATA[Clappr.Player.[\w\W]*?.source:[^"]*"([^'"]+)]]></expres>
<page>$doregex[m4]</page>
<referer>https://daddylive.click/</referer>
<post>stream:$doregex[m4]</post>
</regex>
<regex>
<name>m4</name>
<expres><![CDATA[iframe\s*src="([^"]+)]]></expres>
<page>https://daddylive.click[makelist.param1]</page>
<cookieJar>$doregex[createCFCookie]</cookieJar>
<referer>https://daddylive.click/</referer>
<agent>Mozilla/5.0</agent>
</regex>
<regex>
<name>createCFCookie</name>
<expres></expres>
<page>$pyFunction:cloudflare.createCookie('https://daddylive.click/'+[makelist.param1],Cookie_Jar,'Mozilla/5.0')</page>
<cookieJar></cookieJar>
</regex>
<regex>
<name>getEST</name>
<expres><![CDATA[#$pyFunction
def GetLSProData(page_data,Cookie_Jar,m):
    h1 = str([makelist.param1])
    h2 = str([makelist.param2])
    if h1 == "0":
      x = h2
    else:
      x = h1 + h2
    x = int(x)
    x = x + 7
    y = 12
    if x > 24 :
      x = x - y - y
    elif x > 12 :
      x = x - y
    return x
]]></expres>
<page></page>
</regex>
</item>

<item>
<title>[B][COLOR cyan]DADDYLIVE[/COLOR][/B] NFL</title>
<fanart></fanart>
<link>$doregex[makelist]</link>
<regex>
<name>makelist</name>
<listrepeat><![CDATA[
<title>[COLOR cyan][B][makelist.param4][/B]- $doregex[getEST][makelist.param3] -[/COLOR] [COLOR green] [makelist.param6][/COLOR]</title>
<link>$doregex[m5]|User-Agent=Mozilla/5.0&amp;Referer=https://www.funks.ws/&amp;Origin=https://www.funks.ws&amp;Cookie=$get_cookies$</link>
<thumbnail></thumbnail>
]]></listrepeat>
<expres><![CDATA[<hr>(\d)(\d)([^ ]*) (NFL[^<]*).*?href="[^-]*-([^.]*).php"[^>]*>([^<]*)]]></expres>
<page>https://daddylive.click/index.php</page>
</regex>
<regex>
<name>m5</name>
<expres><![CDATA[Clappr.Player.[\w\W]*?.source:[^"]*"([^'"]+)]]></expres>
<page>$doregex[m4]</page>
<referer>https://daddylive.click/</referer>
<post>stream:$doregex[m4]</post>
</regex>
<regex>
<name>m4</name>
<expres><![CDATA[iframe\s*src="([^"]+)]]></expres>
<page>https://daddylive.click[makelist.param1]</page>
<cookieJar>$doregex[createCFCookie]</cookieJar>
<referer>https://daddylive.click/</referer>
<agent>Mozilla/5.0</agent>
</regex>
<regex>
<name>createCFCookie</name>
<expres></expres>
<page>$pyFunction:cloudflare.createCookie('https://daddylive.click/'+[makelist.param1],Cookie_Jar,'Mozilla/5.0')</page>
<cookieJar></cookieJar>
</regex>
<regex>
<name>getEST</name>
<expres><![CDATA[#$pyFunction
def GetLSProData(page_data,Cookie_Jar,m):
    h1 = str([makelist.param1])
    h2 = str([makelist.param2])
    if h1 == "0":
      x = h2
    else:
      x = h1 + h2
    x = int(x)
    x = x + 7
    y = 12
    if x > 24 :
      x = x - y - y
    elif x > 12 :
      x = x - y
    return x
]]></expres>
<page></page>
</regex>
</item>

<item>
<title>[B][COLOR cyan]DADDYLIVE[/COLOR][/B] NHL</title>
<thumbnail>https://wallpapercave.com/wp/jtCN9Z3.jpg</thumbnail>
<fanart></fanart>
<link>$doregex[makelist]</link>
<regex>
<name>makelist</name>
<listrepeat><![CDATA[
<title>[COLOR cyan][B][makelist.param4][/B]- $doregex[getEST][makelist.param3] -[/COLOR] [COLOR green] [makelist.param6][/COLOR]</title>
<link>$doregex[m5]|User-Agent=Mozilla/5.0&amp;Referer=https://www.funks.ws/&amp;Origin=https://www.funks.ws&amp;Cookie=$get_cookies$</link>
<thumbnail></thumbnail>
]]></listrepeat>
<expres><![CDATA[<hr>(\d)(\d)([^ ]*) (NHL[^<]*).*?href="[^-]*-([^.]*).php"[^>]*>([^<]*)]]></expres>
<page>https://daddylive.click/index.php</page>
</regex>
<regex>
<name>m5</name>
<expres><![CDATA[Clappr.Player.[\w\W]*?.source:[^"]*"([^'"]+)]]></expres>
<page>$doregex[m4]</page>
<referer>https://daddylive.click/</referer>
<post>stream:$doregex[m4]</post>
</regex>
<regex>
<name>m4</name>
<expres><![CDATA[iframe\s*src="([^"]+)]]></expres>
<page>https://daddylive.click[makelist.param1]</page>
<cookieJar>$doregex[createCFCookie]</cookieJar>
<referer>https://daddylive.click/</referer>
<agent>Mozilla/5.0</agent>
</regex>
<regex>
<name>createCFCookie</name>
<expres></expres>
<page>$pyFunction:cloudflare.createCookie('https://daddylive.click/'+[makelist.param1],Cookie_Jar,'Mozilla/5.0')</page>
<cookieJar></cookieJar>
</regex>
<regex>
<name>getEST</name>
<expres><![CDATA[#$pyFunction
def GetLSProData(page_data,Cookie_Jar,m):
    h1 = str([makelist.param1])
    h2 = str([makelist.param2])
    if h1 == "0":
      x = h2
    else:
      x = h1 + h2
    x = int(x)
    x = x + 7
    y = 12
    if x > 24 :
      x = x - y - y
    elif x > 12 :
      x = x - y
    return x
]]></expres>
<page></page>
</regex>
</item>

</items>