<?xml version="1.0" encoding="UTF-8"?>
<items>

<item>
<title>Current Conditions</title>
<thumbnail>https://webpubcontent.raycommedia.com/wmbf/weather/waves.jpg</thumbnail>
<fanart>https://webpubcontent.raycommedia.com/wmbf/weather/waves.jpg</fanart>
<link>$doregex[Nothing]</link>
<regex>
<name>Nothing</name>
<NOTPlayable>True</NOTPlayable>
</regex>
</item>

<item>
<title>10 Day Forecast</title>
<thumbnail></thumbnail>
<fanart>https://wpde.com/resources/ftptransfer/wpde/maps/GrandStrand7DayForecast.jpg</fanart>
<link>$doregex[Nothing]</link>
<regex>
<name>Nothing</name>
<NOTPlayable>True</NOTPlayable>
</regex>
</item>

<item>
<title>Beach and Surf</title>
<thumbnail></thumbnail>
<fanart>https://wpde.com/resources/ftptransfer/wpde/maps/BeachAndSurfForecast.jpg</fanart>
<link>$doregex[Nothing]</link>
<regex>
<name>Nothing</name>
<NOTPlayable>True</NOTPlayable>
</regex>
</item>

<item>
<title>Boating</title>
<thumbnail></thumbnail>
<fanart>https://wpde.com/resources/ftptransfer/wpde/maps/BoatingForecast.jpg</fanart>
<link>$doregex[Nothing]</link>
<regex>
<name>Nothing</name>
<NOTPlayable>True</NOTPlayable>
</regex>
</item>

<item>
<title>ALBANY Current</title>
<thumbnail></thumbnail>
<fanart>https://cbs6albany.com/resources/ftptransfer/wrgb/maps/Web_Albany_Currents.jpg</fanart>
<link>$doregex[Nothing]</link>
<regex>
<name>Nothing</name>
<NOTPlayable>True</NOTPlayable>
</regex>
</item>

<item>
<title>ALBANY Temp Map</title>
<thumbnail></thumbnail>
<fanart>https://cbs6albany.com/resources/ftptransfer/wrgb/maps/web_local_temps.jpg</fanart>
<link>$doregex[Nothing]</link>
<regex>
<name>Nothing</name>
<NOTPlayable>True</NOTPlayable>
</regex>
</item>

<item>
<title>ALBANY 7 Day</title>
<thumbnail></thumbnail>
<fanart>https://cbs6albany.com/resources/ftptransfer/wrgb/maps/7Day_Forecast.jpg</fanart>
<link>$doregex[Nothing]</link>
<regex>
<name>Nothing</name>
<NOTPlayable>True</NOTPlayable>
</regex>
</item>

</items>
