<?xml version="1.0" encoding="UTF-8"?>
<items>

<item>
<title>ESPN</title>
<fanart></fanart>
<thumbnail></thumbnail>
#<f4m>https://webudi.openhd.lol/lb/premium44/index.m3u8|Referer=https://widevine.licenses4.me/&amp;User-Agent=REDLINECLIENT</f4m>
<link>https://webudi.openhd.lol/lb/premium44/index.m3u8</link>
<Referer>https://widevine.licenses4.me/</Referer>
<User-Agent>REDLINECLIENT</User-Agent>
</item>

<item>
<title>ESPNB</title>
<fanart></fanart>
<thumbnail></thumbnail>
<link>https://webudi.openhd.lol/lb/premium44/index.m3u8|Referer=https://widevine.licenses4.me/&amp;User-Agent=REDLINECLIENT</link>
</item>

<item>
<title>ESPN</title>
<fanart></fanart>
<thumbnail></thumbnail>
<f4m>https://webudi.openhd.lol/lb/premium44/index.m3u8</f4m>
<Referer>https://widevine.licenses4.me/</Referer>
<User-Agent>REDLINECLIENT</User-Agent>
</item>

<item>
<title>ABC LIVE Digital</title>
<fanart></fanart>
<thumbnail></thumbnail>
<link>https://abcnews-streams.akamaized.net/hls/live/2023560/abcnews1/master.m3u8$$lsname=Live 1</link>
<link>https://abcnews-streams.akamaized.net/hls/live/2023561/abcnews2/master.m3u8$$lsname=Live 2</link>
<link>https://abcnews-streams.akamaized.net/hls/live/2023562/abcnews3/master.m3u8$$lsname=Live 3</link>
<link>https://abcnews-streams.akamaized.net/hls/live/2023563/abcnews4/master.m3u8$$lsname=Live 4</link>
<link>https://abcnews-streams.akamaized.net/hls/live/2023564/abcnews5/master.m3u8$$lsname=Live 5</link>
</item>

<item>
<title>CBSN LIVE</title>
<fanart></fanart>
<thumbnail></thumbnail>
<link>https://cbsn-chi.cbsnstream.cbsnews.com/out/v1/b2fc0d5715d54908adf07f97d2616646/master.m3u8$$lsname=Chicago</link>
<link>https://cbsn-la.cbsnstream.cbsnews.com/out/v1/57b6c4534a164accb6b1872b501e0028/master.m3u8$$lsname=LA</link>
<link>https://cbsn-mia.cbsnstream.cbsnews.com/out/v1/ac174b7938264d24ae27e56f6584bca0/master.m3u8$$lsname=Miami</link>
<link>https://www.cbsnews.com/common/video/cbsn-ny-prod.m3u8$$lsname=New York</link>
</item>

<item>
<title>Bloomberg LIVE</title>
<fanart></fanart>
<thumbnail></thumbnail>
<link>https://bloomberg.com/media-manifest/streams/us-event.m3u8$$lsname=Live Event USA</link>
<link>https://bloomberg.com/media-manifest/streams/politics.m3u8$$lsname=Live Event US Politics</link>
<link>https://bloomberg.com/media-manifest/streams/eu-event.m3u8$$lsname=Live Event Europe</link>
<link>https://bloomberg.com/media-manifest/streams/phoenix-us.m3u8$$lsname=Bloomberg+</link>
</item>

<item>
<title>NBCN LIVE</title>
<fanart></fanart>
<thumbnail></thumbnail>
<link>https://fox-foxnewsnow-vizio.amagi.tv/playlist.m3u8$$lsname=News Now</link>
<link>https://nbcnews-lh.akamaihd.net/i/nbc_live11@183427/master.m3u8$$lsname=Event 1</link>
<link>https://nbcnews-lh.akamaihd.net/i/nbc_live12@187393/master.m3u8$$lsname=Event 2</link>
<link>https://nbcnews-lh.akamaihd.net/i/nbc_live13@187394/master.m3u8$$lsname=Event 3</link>
<link>https://nbcnews-lh.akamaihd.net/i/nbc_live14@187395/master.m3u8$$lsname=Event 4</link>
<link>http://wmaqlive-f.akamaihd.net/i/wmaqa1_1@22923/master.m3u8$$lsname=Chicago</link>
<link>https://wrclive-f.akamaihd.net/i/wrcb1_1@46880/master.m3u8$$lsname=DC</link>
<link>http://media-hls-az1.wral.com/livehttporigin/_definst_/mp4:encoder25-high/chunklist.m3u8$$lsname=Raleigh</link>
</item>

<item>
<title>CNBC INT</title>
<fanart></fanart>
<thumbnail></thumbnail>
<link>https://cnbcarabia.hibridcdn.net/cnbc/cnbc_abr/cnbc/cnbc_720p/chunks.m3u8$$lsname=Arabia</link>
<link>https://5be2f59e715dd.streamlock.net/CNBC/smil:CNBCSandton.smil/playlist.m3u88$$lsname=Africa</link>
<link>https://vidplus.pc.cdn.bitgravity.com/cnbceu-origin/live/playlist.m3u88$$lsname=Europe</link>
<link>https://live.cnbcindonesia.com/livecnbc/smil:cnbctv.smil/chunklist.m3u8$$lsname=Indonesia</link>
<link>https://cnbctv18-lh.akamaihd.net/i/cnbctv18_1@174868/index_5_av-p.m3u8$$lsname=India</link>
</item>

<item>
<title>CNN INT</title>
<fanart></fanart>
<thumbnail></thumbnail>
<link>https://cnn-cnninternational-1-eu.rakuten.wurl.com/manifest/playlist.m3u8$$lsname=Europe</link>
<link>https://cnn-cnninternational-1-de.samsung.wurl.com/manifest/playlist.m3u8$$lsname=Germany</link>
<link>https://streaming.cnnphilippines.com/live/myStream/chunklist_w1877522213.m3u8$$lsname=Philippines</link>
<link>https://mn-nl.mncdn.com/blutv_cnnturk/smil:cnnturk_sd.smil/chunklist_b2064000.m3u8$$lsname=Turkey</link>
<link>https://cnn-cnninternational-1-gb.samsung.wurl.com/manifest/playlist.m3u8$$lsname=UK</link>
</item>

<item>
<title>Fashion</title>
<fanart></fanart>
<link>https://fashiontv-fashiontv-2-es.samsung.wurl.com/manifest/playlist.m3u8$$lsname=Main</link>
<link>https://fashiontv-fashiontv-loriginal-fr.samsung.wurl.com/manifest/playlist.m3u8$$lsname=L'Original</link>
<link>https://fash1043.cloudycdn.services/slive/ftv_midnite_secrets_adaptive.smil/playlist.m3u8$$lsname=Midnight Secret</link>
<link>https://fash2043.cloudycdn.services/slive/ftv_ftv_gmt_-5_qko_43090_default_1225_hls.smil/playlist.m3u8$$lsname=NY</link>
<link>http://fash1043.cloudycdn.services/slive/ftv_paris_adaptive.smil/playlist.m3u8$$lsname=Paris</link>
<link>https://fash2043.cloudycdn.services/slive/ftv_ftv_asia_ada_xiv_42149_default_137_hls.smil/playlist.m3u8$$lsname=Asia</link>
</item>

<item>
<title>Fuel tv</title>
<fanart></fanart>
<thumbnail></thumbnail>
<link>https://fueltv-fueltv-1.samsung.wurl.com/manifest/playlist.m3u8$$lsname=USA</link>
<link>https://fueltv-fueltv-2-gb.samsung.wurl.com/manifest/playlist.m3u8$$lsname=England</link>
<link>https://i.mjh.nz/au/Sydney/tv.7fueltv.m3u8$$lsname=Australia</link>
<link>https://fueltv-fueltv-9-br.samsung.wurl.com/manifest/playlist.m3u8$$lsname=Brazil</link>
<link>https://fueltv-fueltv-11-mx.samsung.wurl.com/manifest/playlist.m3u8$$lsname=Mexico</link>
<link>http://fueltv-fueltv-14-nl.samsung.wurl.com/manifest/playlist.m3u8$$lsname=Netherland</link>
<link>https://fueltv-fueltv-13-se.samsung.wurl.com/manifest/playlist.m3u8$$lsname=Sweden</link>
</item>

<item>
<title>Tastemade</title>
<fanart></fanart>
<thumbnail></thumbnail>
<link>https://tastemade-xumo.amagi.tv/hls/amagi_hls_data_tastemade-tastemadefreetv16xumo/CDN/master.m3u8$$lsname=USA</link>
<link>https://tmint-aus-samsungau.amagi.tv/playlist.m3u8$$lsname=Australia</link>
<link>https://tastemadees16intl-samsungmexico.amagi.tv/playlist.m3u8$$lsname=Mexico</link>
<link>https://tastemade-intl-vizioca.amagi.tv/playlist.m3u8$$lsname=International</link>
<link>https://tastemade-pt16intl-samsungbrazil.amagi.tv/playlist.m3u8$$lsname=Brazil</link>
<link>https://tastemadeintaus-smindia.amagi.tv/playlist.m3u8$$lsname=India</link>
</item>

<item>
<title>Weather Channel</title>
<fanart></fanart>
<link>https://twcprod-live.twc-tv.com/v1/manifest/b4d4d63a49309cc5140171fb2e92485c31be1e9e/DSP_6228e4760505741a116f1ba2_twcprod-live/6bf09ce5-366b-463c-b67e-c4b799f73c3f/4.m3u8</link>
</item>

<item>
<title>FOX Regional</title>
<fanart></fanart>
<thumbnail></thumbnail>
<link>https://fox-foxnewsnow-samsungus.amagi.tv/playlist.m3u8$$lsname=Fox News Now</link>
<link>https://svc-lvanvato-cxtv-wfxt.cmgvideo.com/wfxt/2564k/index.m3u8$$lsname=Boston</link>
<link>https://lnc-kdfw-fox-aws.tubi.video/index.m3u8$$lsname=Dallas</link>
<link>https://lnc-kriv-fox-aws.tubi.video/index.m3u8$$lsname=Houston</link>
<link>https://lnc-kttv-fox-aws.tubi.video/index.m3u8$$lsname=Los Angeles</link>
<link>https://lnc-ksaz-fox-aws.tubi.video/index.m3u8$$lsname=Phoenix</link>
<link>https://lnc-ktvu-fox-aws.tubi.video/index.m3u8$$lsname=San Francisco</link>
<link>https://lnc-kcpq-fox-aws.tubi.video/index.m3u8$$lsname=Seattle</link>
</item>

<item>
<title>Beach TV</title>
<fanart></fanart>
<thumbnail></thumbnail>
<link>http://media4.tripsmarter.com:1935/LiveTV/DTVHD/playlist.m3u8$$lsname=Florida - Alabama</link>
<link>https://media4.tripsmarter.com:1935/LiveTV/KTVHD/playlist.m3u8$$lsname=Key West</link>
<link>https://5ed325193d4e1.streamlock.net:444/LiveTV/MTVHD/playlist.m3u8$$lsname=Myrtle Beach</link>
<link>http://media4.tripsmarter.com:1935/LiveTV/BTVHD/playlist.m3u8$$lsname=Panama City</link>
<link>http://media4.tripsmarter.com:1935/LiveTV/MTVHD/playlist.m3u8$$lsname=Pawley's Island</link>
</item>

<item>
<title>RedTraffic</title>
<fanart></fanart>
<link>http://live.redtraffic.xyz/blowjob.m3u8$$lsname=blowjob</link>
<link>http://live.redtraffic.xyz/bigass.m3u8$$lsname=bigass</link>
<link>http://live.redtraffic.xyz/hardcore.m3u8$$lsname=hardcore</link>
<link>http://live.redtraffic.xyz/pornstar.m3u8$$lsname=pornstar</link>
<link>http://live.redtraffic.xyz/lesbian.m3u8$$lsname=lesbian</link>
<link>http://live.redtraffic.xyz/bigtits.m3u8$$lsname=bigtits</link>
<link>http://live.redtraffic.xyz/fetish.m3u8$$lsname=fetish</link>
<link>http://live.redtraffic.xyz/milf.m3u8$$lsname=milf</link>
<link>http://live.redtraffic.xyz/russian.m3u8$$lsname=russian</link>
<link>http://live.redtraffic.xyz/teen.m3u8$$lsname=teen</link>
</item>

<item>
<title>Sky News</title>
<fanart></fanart>
<link>https://skynewsau-live.akamaized.net/hls/live/2002689/skynewsau-extra1/master.m3u8$$lsname=Extra 1</link>
<link>https://skynewsau-live.akamaized.net/hls/live/2002690/skynewsau-extra2/master.m3u8$$lsname=Extra 2</link>
<link>https://skynewsau-live.akamaized.net/hls/live/2002691/skynewsau-extra3/master.m3u8$$lsname=Extra 3</link>
</item>

<item>
<title>Global News</title>
<fanart></fanart>
<link>https://live.corusdigitaldev.com/groupa/live/48a5882b-a1ec-42d7-bfd7-6c2739e737da/live.isml/.m3u8$$lsname=British Columbia</link>
<link>https://live.corusdigitaldev.com/groupd/live/8970c668-40cd-4ca9-8c4d-25fd04f619b5/live.isml/.m3u8$$lsname=Calgary</link>
<link>https://live.corusdigitaldev.com/groupa/live/6bfb7f13-9d9d-4211-9c50-fb56330e4ccd/live.isml/.m3u8$$lsname=Montreal</link>
<link>https://live.corusdigitaldev.com/groupd/live/49a91e7f-1023-430f-8d66-561055f3d0f7/live.isml/.m3u8$$lsname=National</link>
<link>https://live.corusdigitaldev.com/groupd/live/deb8cec5-87fb-460a-ab82-0929374fc5fb/live.isml/.m3u8$$lsname=Toronto</link>
<link>https://live.corusdigitaldev.com/groupb/live/564df695-94f9-4f27-b1b9-0a936ab01721/live.isml/.m3u8$$lsname=Winnipeg</link>
</item>

<item>
<title>Global News</title>
<fanart></fanart>
<link>https://live.corusdigitaldev.com/groupd/live/49a91e7f-1023-430f-8d66-561055f3d0f7/live.isml/.m3u8</link>
</item>

</items>