<?xml version="1.0" encoding="UTF-8"?>
<items>

<item>
<title>World[COLOR gold] Sport Channels[/COLOR]</title>
<thumbnail></thumbnail>
<fanart></fanart>
<link>$doregex[makelist]</link>
<regex>
<name>makelist</name>
<listrepeat><![CDATA[
  <title>[COLOR gold][makelist.param1][/COLOR] -[makelist.param2]</title>
  <link>[makelist.param2]$$lsname=Direct</link>
  <link>plugin://plugin.video.f4mTester/?streamtype=TSDOWNLOADER&amp;url=[makelist.param2]$$lsname=TSDOWNLOADER</link>
  <link>plugin://plugin.video.f4mTester/?streamtype=HLSRETRY&amp;url=[makelist.param2]$$lsname=HLSRETRY</link>
  <thumbnail></thumbnail>
  <fanart></fanart>
]]></listrepeat>
  <expres><![CDATA[\(English\)[^.]*?.*="([^"]*)"*[^\n]*\n(h*[^\n]*)]]></expres>
  <page>https://raw.githubusercontent.com/trincowski/iptv/main/Desportivos_World.m3u8</page>
</regex>
</item>

<item>
<title>IPTV[COLOR gold] Lists 1 no quotes[/COLOR]</title>
<thumbnail></thumbnail>
<fanart></fanart>
<link>$doregex[makelist]</link>
<regex>
<name>makelist</name>
<listrepeat><![CDATA[
  <title>[COLOR gold][makelist.param2][/COLOR] - [makelist.param4]</title>
  <link>$doregex[makelist2]</link>
  <thumbnail></thumbnail>
  <fanart></fanart>
]]></listrepeat>
  <expres><![CDATA[(?i)BT SPORT 1[^\n]*\n(ht[^\/]*\/\/)([^\/]*)\/([^\/]*)\/([^\/]*)\/([^\/]*)]]></expres>
	#1705-1712	http://
	#1712-1729	superbits.tv:2095
	#1730-1734	live
	#1735-1743	jYNTPHGx
	#1744-1752	ayUbbFPX
  <page>https://raw.githubusercontent.com/trincowski/iptv/main/Desportivos_World.m3u8</page>
</regex>
<regex>
<name>makelist2</name>
<listrepeat><![CDATA[
  <title>[COLOR gold][makelist2.param1][/COLOR] - [makelist2.param2]</title>
  <link>makelist2.param2</link>
  <thumbnail></thumbnail>
  <fanart></fanart>
]]></listrepeat>
<expres><![CDATA[#$pyFunction
def GetLSProData(page_data,Cookie_Jar,m):
    import urllib.request
    from urllib.request import urlopen
    import re
    url='[makelist.param1][makelist.param2]/get.php?username=[makelist.param4]&password=[makelist.param5]&type=m3u'
    user_agent = "Mozilla/5.0 (Windows NT 10.0; Win64; x64) AppleWebKit/537.36 (KHTML, like Gecko) Chrome/94.0.4606.61 Safari/537.36"
    lookfor = r'#EXTINF:-1,([^\n]*)\n(ht[^\n]*)'
    req = urllib.request.Request(url, headers={'User-Agent': user_agent}, method='GET')
    f = urllib.request.urlopen(req)
    html = f.read().decode('utf-8')
    links = re.findall(lookfor, html)
    f.close
    return links
]]></expres>
<page></page>
</regex>
</item>

<item>
<title>IPTV[COLOR gold] Lists 2[/COLOR]-yes quotes</title>
<thumbnail></thumbnail>
<fanart></fanart>
<link>$doregex[makelist]</link>
<regex>
<name>makelist</name>
<listrepeat><![CDATA[
  <title>[COLOR gold][makelist.param2][/COLOR] - [makelist.param4]</title>
  <link>$doregex[makelist2]</link>
  <thumbnail></thumbnail>
  <fanart></fanart>
]]></listrepeat>
  <expres><![CDATA[(?i)BT SPORT 1[^\n]*\n(ht[^\/]*\/\/)([^\/]*)\/([^\/]*)\/([^\/]*)\/([^\/]*)]]></expres>
	#1705-1712	http://
	#1712-1729	superbits.tv:2095
	#1730-1734	live
	#1735-1743	jYNTPHGx
	#1744-1752	ayUbbFPX
  <page>https://raw.githubusercontent.com/trincowski/iptv/main/Desportivos_World.m3u8</page>
</regex>
<regex>
<name>makelist2</name>
<listrepeat><![CDATA[
  <title>[COLOR gold][makelist2.param1][/COLOR] - [makelist2.param2]</title>
  <link>makelist2.param2</link>
  <thumbnail></thumbnail>
  <fanart></fanart>
]]></listrepeat>
<expres><![CDATA[#$pyFunction
def GetLSProData(page_data,Cookie_Jar,m):
    import urllib.request
    from urllib.request import urlopen
    import re
    url=[makelist.param1][makelist.param2]+"/get.php?username="+[makelist.param4]+"&password="+[makelist.param5]+"&type=m3u"
    user_agent = "Mozilla/5.0 (Windows NT 10.0; Win64; x64) AppleWebKit/537.36 (KHTML, like Gecko) Chrome/94.0.4606.61 Safari/537.36"
    lookfor = r'#EXTINF:-1,([^\n]*)\n(ht[^\n]*)'
    req = urllib.request.Request(url, headers={'User-Agent': user_agent}, method='GET')
    f = urllib.request.urlopen(req)
    html = f.read().decode('utf-8')
    links = re.findall(lookfor, html)
    f.close
    return links
]]></expres>
<page></page>
</regex>
</item>

<item>
<title>IPTV[COLOR gold] Lists 3[/COLOR]</title>
<thumbnail></thumbnail>
<fanart></fanart>
<link>$doregex[makelist]</link>
<regex>
<name>makelist</name>
<listrepeat><![CDATA[
  <title>[COLOR gold][makelist.param2][/COLOR] - [makelist.param4]</title>
  <link>$doregex[makelist2]</link>
  <thumbnail></thumbnail>
  <fanart></fanart>
]]></listrepeat>
  <expres><![CDATA[(?i)BT SPORT 1[^\n]*\n(ht[^\/]*\/\/)([^\/]*)\/([^\/]*)\/([^\/]*)\/([^\/]*)]]></expres>
	#1705-1712	http://
	#1712-1729	superbits.tv:2095
	#1730-1734	live
	#1735-1743	jYNTPHGx
	#1744-1752	ayUbbFPX
  <page>https://raw.githubusercontent.com/trincowski/iptv/main/Desportivos_World.m3u8</page>
</regex>
<regex>
<name>makelist2</name>
<listrepeat><![CDATA[
  <title>[COLOR gold][makelist2.param1][/COLOR] - [makelist2.param2]</title>
  <link>[makelist2.param2]$$lsname=Direct</link>
  <link>plugin://plugin.video.f4mTester/?streamtype=TSDOWNLOADER&amp;url=[makelist2.param2]$$lsname=TSDOWNLOADER</link>
  <link>plugin://plugin.video.f4mTester/?streamtype=HLSRETRY&amp;url=[makelist2.param2]$$lsname=HLSRETRY</link>
  <thumbnail></thumbnail>
  <fanart></fanart>
]]></listrepeat>
  <expres><![CDATA[#EXTINF:-1,([^\n]*)\n(ht[^\n]*)]]></expres>
	#143-204	SuperSport Blitz HD
	#143-205	http://hardcoremedia.xyz:80/live/Z93z4XbrQ/rWUOnULN7A/11558.ts
  <page>[makelist.param1][makelist.param2]/get.php?username=[makelist.param4]&amp;password=[makelist.param5]&amp;type=m3u</page>
</regex>
</item>

<item>
<title>IPTV[COLOR gold] Lists 4[/COLOR] -External link</title>
<thumbnail></thumbnail>
<fanart></fanart>
<link>$doregex[makelist]</link>
<regex>
<name>makelist</name>
<listrepeat><![CDATA[
  <title>[COLOR gold][makelist.param2][/COLOR] - [makelist.param4]</title>
  <link>$doregex[makelist2]</link>
  <thumbnail></thumbnail>
  <fanart></fanart>
]]></listrepeat>
  <expres><![CDATA[(?i)BT SPORT 1[^\n]*\n(ht[^\/]*\/\/)([^\/]*)\/([^\/]*)\/([^\/]*)\/([^\/]*)]]></expres>
	#1705-1712	http://
	#1712-1729	superbits.tv:2095
	#1730-1734	live
	#1735-1743	jYNTPHGx
	#1744-1752	ayUbbFPX
  <page>https://raw.githubusercontent.com/trincowski/iptv/main/Desportivos_World.m3u8</page>
</regex>
<regex>
<name>makelist2</name>
<listrepeat><![CDATA[
  <title>[COLOR gold][makelist2.param1][/COLOR] - [makelist2.param2]</title>
  <link>ignoreme</link>
  <externallink>[makelist2.param2]$$TSDOWNLOADER$$</externallink>
  #<link>[makelist2.param2]$$lsname=Direct</link>
  #<link>plugin://plugin.video.f4mTester/?streamtype=TSDOWNLOADER&amp;url=[makelist2.param2]$$lsname=TSDOWNLOADER</link>
  #<link>plugin://plugin.video.f4mTester/?streamtype=HLSRETRY&amp;url=[makelist2.param2]$$lsname=HLSRETRY</link>
  <thumbnail></thumbnail>
  <fanart></fanart>
]]></listrepeat>
  <expres><![CDATA[(?i)-1,([^\n]*)\n(ht[^\n]*)]]></expres>
	#143-204	SuperSport Blitz HD
	#143-205	http://hardcoremedia.xyz:80/live/Z93z4XbrQ/rWUOnULN7A/11558.ts
  <page>[makelist.param1][makelist.param2]/get.php?username=[makelist.param4]&amp;password=[makelist.param5]&amp;type=m3u</page>
</regex>
</item>

</items>