<item>
<title>Anchorman.The.Legend.Of.Ron.Burgundy</title>
<thumbnail>https://fanart.tv/fanart/movies/8699/movieposter/anchorman-the-legend-of-ron-burgundy-58da4fc00ec6e.jpg</thumbnail>
<fanart>https://$doregex[Address]/logo.png</fanart>
<link>https://$doregex[Address2].$doregex[Address]/Movies/Anchorman.The.Legend.Of.Ron.Burgundy.2004.mp4</link>
<regex>
<name>Address</name>
<expres><![CDATA["x"="([^"]*)]]></expres>
<page>https://raw.githubusercontent.com/Magic-Dust/MagicDust/master/arconai.txt</page>
</regex>
<regex>
<name>Address2</name>
<expres><![CDATA["a"="([^"]*)]]></expres>
<page>https://raw.githubusercontent.com/Magic-Dust/MagicDust/master/arconai.txt</page>
</regex>
<regex>
<name>Address3</name>
<expres><![CDATA["c"="([^"]*)]]></expres>
<page>https://raw.githubusercontent.com/Magic-Dust/MagicDust/master/arconai.txt</page>
</regex>
</item>

<item>
<title>Austin.Powers</title>
<thumbnail>https://image.tmdb.org/t/p/original/eDY7mi5asFW39NiAAHEvZYhK1eZ.jpg</thumbnail>
<fanart>https://$doregex[Address]/logo.png</fanart>
<multilink>
<link>https://$doregex[Address2].$doregex[Address]/Movies/Austin.Powers.The.Spy.Who.Shagged.Me.1999.mp4$$lsname=The.Spy.Who.Shagged.Me</link>
<link>https://$doregex[Address2].$doregex[Address]/Movies/Austin.Powers.International.Man.of.Mystery.1997.mp4$$lsname=International.Man.of.Mystery</link>
<link>https://$doregex[Address2].$doregex[Address]/Movies/Austin.Powers.Goldmember.2002.mp4$$lsname=Goldmember</link>
<multilink>
<regex>
<name>Address</name>
<expres><![CDATA["x"="([^"]*)]]></expres>
<page>https://raw.githubusercontent.com/Magic-Dust/MagicDust/master/arconai.txt</page>
</regex>
<regex>
<name>Address2</name>
<expres><![CDATA["a"="([^"]*)]]></expres>
<page>https://raw.githubusercontent.com/Magic-Dust/MagicDust/master/arconai.txt</page>
</regex>
<regex>
<name>Address3</name>
<expres><![CDATA["c"="([^"]*)]]></expres>
<page>https://raw.githubusercontent.com/Magic-Dust/MagicDust/master/arconai.txt</page>
</regex>
</item>

<item>
<title>Blades.of.Glory</title>
<thumbnail>https://img.reelgood.com/content/movie/d72ec313-7651-4157-859b-f3ea4c553f53/poster-780.jpg</thumbnail>
<fanart>https://$doregex[Address]/logo.png</fanart>
<link>https://$doregex[Address2].$doregex[Address]/Movies/Blades.of.Glory.2007.mp4</link>
<regex>
<name>Address</name>
<expres><![CDATA["x"="([^"]*)]]></expres>
<page>https://raw.githubusercontent.com/Magic-Dust/MagicDust/master/arconai.txt</page>
</regex>
<regex>
<name>Address2</name>
<expres><![CDATA["a"="([^"]*)]]></expres>
<page>https://raw.githubusercontent.com/Magic-Dust/MagicDust/master/arconai.txt</page>
</regex>
<regex>
<name>Address3</name>
<expres><![CDATA["c"="([^"]*)]]></expres>
<page>https://raw.githubusercontent.com/Magic-Dust/MagicDust/master/arconai.txt</page>
</regex>
</item>

<item>
<title>Deadpool</title>
<thumbnail>https://fanart.tv/fanart/movies/448150/movieposter/deadpool-collection-5ded371ba91d6.jpg</thumbnail>
<fanart>https://$doregex[Address]/logo.png</fanart>
<multilink>
<link>https://$doregex[Address2].$doregex[Address]/Movies/Deadpool%282016%29.mp4$$lsname=Deadpool</link>
<link>https://$doregex[Address2].$doregex[Address]/Movies/Deadpool2%282018%29.mp4$$lsname=Deadpool 2</link>
<multilink>
<regex>
<name>Address</name>
<expres><![CDATA["x"="([^"]*)]]></expres>
<page>https://raw.githubusercontent.com/Magic-Dust/MagicDust/master/arconai.txt</page>
</regex>
<regex>
<name>Address2</name>
<expres><![CDATA["a"="([^"]*)]]></expres>
<page>https://raw.githubusercontent.com/Magic-Dust/MagicDust/master/arconai.txt</page>
</regex>
<regex>
<name>Address3</name>
<expres><![CDATA["c"="([^"]*)]]></expres>
<page>https://raw.githubusercontent.com/Magic-Dust/MagicDust/master/arconai.txt</page>
</regex>
</item>

<item>
<title>Dodgeball</title>
<thumbnail>https://is3-ssl.mzstatic.com/image/thumb/Video49/v4/ed/84/3a/ed843a35-728f-9038-cbb3-120e27e028f8/source/1200x630bb.jpg</thumbnail>
<fanart>https://$doregex[Address]/logo.png</fanart>
<link>https://$doregex[Address2].$doregex[Address]/Movies/Dodgeball.2004.mp4</link>
<regex>
<name>Address</name>
<expres><![CDATA["x"="([^"]*)]]></expres>
<page>https://raw.githubusercontent.com/Magic-Dust/MagicDust/master/arconai.txt</page>
</regex>
<regex>
<name>Address2</name>
<expres><![CDATA["a"="([^"]*)]]></expres>
<page>https://raw.githubusercontent.com/Magic-Dust/MagicDust/master/arconai.txt</page>
</regex>
<regex>
<name>Address3</name>
<expres><![CDATA["c"="([^"]*)]]></expres>
<page>https://raw.githubusercontent.com/Magic-Dust/MagicDust/master/arconai.txt</page>
</regex>
</item>

<item>
<title>Goodfellas</title>
<thumbnail>https://image.tmdb.org/t/p/original/9gXXrciOguExy4KJzkoVgRNQaJe.jpg</thumbnail>
<fanart>https://$doregex[Address]/logo.png</fanart>
<link>https://$doregex[Address2].$doregex[Address]/Movies/Goodfellas.1990.mp4</link>
<regex>
<name>Address</name>
<expres><![CDATA["x"="([^"]*)]]></expres>
<page>https://raw.githubusercontent.com/Magic-Dust/MagicDust/master/arconai.txt</page>
</regex>
<regex>
<name>Address2</name>
<expres><![CDATA["a"="([^"]*)]]></expres>
<page>https://raw.githubusercontent.com/Magic-Dust/MagicDust/master/arconai.txt</page>
</regex>
<regex>
<name>Address3</name>
<expres><![CDATA["c"="([^"]*)]]></expres>
<page>https://raw.githubusercontent.com/Magic-Dust/MagicDust/master/arconai.txt</page>
</regex>
</item>

<item>
<title>Happygilmore</title>
<thumbnail>https://image.tmdb.org/t/p/w500/4RnCeRzvI1xk5tuNWjpDKzSnJDk.jpg</thumbnail>
<fanart>https://$doregex[Address]/logo.png</fanart>
<link>https://$doregex[Address2].$doregex[Address]/Movies/Happygilmore1996.mp4</link>
<regex>
<name>Address</name>
<expres><![CDATA["x"="([^"]*)]]></expres>
<page>https://raw.githubusercontent.com/Magic-Dust/MagicDust/master/arconai.txt</page>
</regex>
<regex>
<name>Address2</name>
<expres><![CDATA["a"="([^"]*)]]></expres>
<page>https://raw.githubusercontent.com/Magic-Dust/MagicDust/master/arconai.txt</page>
</regex>
<regex>
<name>Address3</name>
<expres><![CDATA["c"="([^"]*)]]></expres>
<page>https://raw.githubusercontent.com/Magic-Dust/MagicDust/master/arconai.txt</page>
</regex>
</item>

<item>
<title>Harry Potter</title>
<thumbnail>https://image.tmdb.org/t/p/original/1PCTKpDXbLrSf2ObW8U1S2QwrRs.jpg</thumbnail>
<fanart>https://$doregex[Address]/logo.png</fanart>
<multilink>
<link>https://$doregex[Address2].$doregex[Address]/Movies/SorcererStone.mp4$$lsname=Sorcerer Stone</link>
<link>https://$doregex[Address2].$doregex[Address]/Movies/ChamberOfSecrets.mp4$$lsname=Chamber Of Secrets</link>
<link>https://$doregex[Address3].$doregex[Address]/Movies/HalfBloodPrince2009.mp4$$lsname=Half Blood Prince</link>
<link>https://$doregex[Address2].$doregex[Address]/Movies/PrisonerOfAzkaban.mp4$$lsname=Prisoner Of Azkaban</link>
<link>https://$doregex[Address3].$doregex[Address]/Movies/GobletOfFire2005.mp4$$lsname=Goblet Of Fire</link>
<link>https://$doregex[Address3].$doregex[Address]/Movies/OrderOfThePhoenix2007.mp4$$lsname=Order Of The Phoenix</link>
<link>https://$doregex[Address3].$doregex[Address]/Movies/DeathlyHallowsPart1.2010.mp4$$lsname=Deathly Hallows Part1</link>
<link>https://$doregex[Address3].$doregex[Address]/Movies/DeathlyHallowsPart2.2011.mp4$$lsname=Deathly Hallows Part2</link>
<multilink>
<regex>
<name>Address</name>
<expres><![CDATA["x"="([^"]*)]]></expres>
<page>https://raw.githubusercontent.com/Magic-Dust/MagicDust/master/arconai.txt</page>
</regex>
<regex>
<name>Address2</name>
<expres><![CDATA["a"="([^"]*)]]></expres>
<page>https://raw.githubusercontent.com/Magic-Dust/MagicDust/master/arconai.txt</page>
</regex>
<regex>
<name>Address3</name>
<expres><![CDATA["c"="([^"]*)]]></expres>
<page>https://raw.githubusercontent.com/Magic-Dust/MagicDust/master/arconai.txt</page>
</regex>
</item>

<item>
<title>Hot Tub Time Machine</title>
<thumbnail>https://image.tmdb.org/t/p/original/wj1LJ8ehwevKVpDjFsDmbCkPyO9.jpg</thumbnail>
<fanart>https://$doregex[Address]/logo.png</fanart>
<link>https://$doregex[Address3].$doregex[Address]/Movies/HotTubTimeMachine2010.mp4</link>
<regex>
<name>Address</name>
<expres><![CDATA["x"="([^"]*)]]></expres>
<page>https://raw.githubusercontent.com/Magic-Dust/MagicDust/master/arconai.txt</page>
</regex>
<regex>
<name>Address2</name>
<expres><![CDATA["a"="([^"]*)]]></expres>
<page>https://raw.githubusercontent.com/Magic-Dust/MagicDust/master/arconai.txt</page>
</regex>
<regex>
<name>Address3</name>
<expres><![CDATA["c"="([^"]*)]]></expres>
<page>https://raw.githubusercontent.com/Magic-Dust/MagicDust/master/arconai.txt</page>
</regex>
</item>

<item>
<title>JoeDirt</title>
<thumbnail>https://fanart.tv/detailpreview/fanart/movies/10956/movieposter/joe-dirt-524cb8e43ef01.jpg</thumbnail>
<fanart>https://$doregex[Address]/logo.png</fanart>
<link>https://$doregex[Address2].$doregex[Address]/Movies/JoeDirt%282001%29.mp4</link>
<regex>
<name>Address</name>
<expres><![CDATA["x"="([^"]*)]]></expres>
<page>https://raw.githubusercontent.com/Magic-Dust/MagicDust/master/arconai.txt</page>
</regex>
<regex>
<name>Address2</name>
<expres><![CDATA["a"="([^"]*)]]></expres>
<page>https://raw.githubusercontent.com/Magic-Dust/MagicDust/master/arconai.txt</page>
</regex>
<regex>
<name>Address3</name>
<expres><![CDATA["c"="([^"]*)]]></expres>
<page>https://raw.githubusercontent.com/Magic-Dust/MagicDust/master/arconai.txt</page>
</regex>
</item>

<item>
<title>Lord of the Rings</title>
<thumbnail>https://fanart.tv/fanart/movies/119/movieposter/the-lord-of-the-rings-collection-566c12c1ec22f.jpg</thumbnail>
<fanart>https://$doregex[Address]/logo.png</fanart>
<multilink>
<link>https://$doregex[Address3].$doregex[Address]/Movies/Movies/TheLordoftheRingsTheFellowshipoftheRingExtendedEdition2001.mp4$$lsname=The Fellowship of the Ring</link>
<link>https://$doregex[Address3].$doregex[Address]/Movies/TheLordoftheRingsTheTwoTowersExtendedEdition2002.mp4$$lsname=The Two Towers</link>
<link>https://$doregex[Address3].$doregex[Address]/Movies/TheLordoftheRingsTheReturnoftheKingExtendedEdition2003.mp4$$lsname=The Return of the King</link>
<link>https://$doregex[Address3].$doregex[Address]/Movies/TheHobbitAnUnexpectedJourney2012.mp4$$lsname=An Unexpected Journey</link>
<link>https://$doregex[Address3].$doregex[Address]/Movies/TheHobbitTheDesolationofSmaug2013.mp4$$lsname=The Desolation of Smaug</link>
<link>https://$doregex[Address3].$doregex[Address]/Movies/TheHobbitTheBattleoftheFiveArmies2014.mp4$$lsname=The Battle of the Five Armies</link>
<multilink>
<regex>
<name>Address</name>
<expres><![CDATA["x"="([^"]*)]]></expres>
<page>https://raw.githubusercontent.com/Magic-Dust/MagicDust/master/arconai.txt</page>
</regex>
<regex>
<name>Address2</name>
<expres><![CDATA["a"="([^"]*)]]></expres>
<page>https://raw.githubusercontent.com/Magic-Dust/MagicDust/master/arconai.txt</page>
</regex>
<regex>
<name>Address3</name>
<expres><![CDATA["c"="([^"]*)]]></expres>
<page>https://raw.githubusercontent.com/Magic-Dust/MagicDust/master/arconai.txt</page>
</regex>
</item>

<item>
<title>MIB</title>
<thumbnail>https://image.tmdb.org/t/p/w500/rWcgZaoJ0nxTFRn0H6w9bdtoDUI.jpg</thumbnail>
<fanart>https://$doregex[Address]/logo.png</fanart>
<multilink>
<link>https://$doregex[Address2].$doregex[Address]/Movies/MIB.mp4$$lsname=MIB</link>
<link>https://$doregex[Address2].$doregex[Address]/Movies/MIB2.mp4$$lsname=MIB 2</link>
<multilink>
<regex>
<name>Address</name>
<expres><![CDATA["x"="([^"]*)]]></expres>
<page>https://raw.githubusercontent.com/Magic-Dust/MagicDust/master/arconai.txt</page>
</regex>
<regex>
<name>Address2</name>
<expres><![CDATA["a"="([^"]*)]]></expres>
<page>https://raw.githubusercontent.com/Magic-Dust/MagicDust/master/arconai.txt</page>
</regex>
<regex>
<name>Address3</name>
<expres><![CDATA["c"="([^"]*)]]></expres>
<page>https://raw.githubusercontent.com/Magic-Dust/MagicDust/master/arconai.txt</page>
</regex>
</item>

<item>
<title>Mr.Deeds</title>
<thumbnail>https://image.tmdb.org/t/p/original/7gGk3pkpRsNlJ4PrJgEfgY9PG43.jpg</thumbnail>
<fanart>https://$doregex[Address]/logo.png</fanart>
<link>https://$doregex[Address2].$doregex[Address]/Movies/Mr.Deeds.2002.mp4</link>
<regex>
<name>Address</name>
<expres><![CDATA["x"="([^"]*)]]></expres>
<page>https://raw.githubusercontent.com/Magic-Dust/MagicDust/master/arconai.txt</page>
</regex>
<regex>
<name>Address2</name>
<expres><![CDATA["a"="([^"]*)]]></expres>
<page>https://raw.githubusercontent.com/Magic-Dust/MagicDust/master/arconai.txt</page>
</regex>
<regex>
<name>Address3</name>
<expres><![CDATA["c"="([^"]*)]]></expres>
<page>https://raw.githubusercontent.com/Magic-Dust/MagicDust/master/arconai.txt</page>
</regex>
</item>

<item>
<title>Old School</title>
<thumbnail>https://fanart.tv/detailpreview/fanart/movies/11635/movieposter/old-school-56a14502e3abb.jpg</thumbnail>
<fanart>https://$doregex[Address]/logo.png</fanart>
<link>https://$doregex[Address2].$doregex[Address]/Movies/Old%20School%20%282003%29.mp4</link>
<regex>
<name>Address</name>
<expres><![CDATA["x"="([^"]*)]]></expres>
<page>https://raw.githubusercontent.com/Magic-Dust/MagicDust/master/arconai.txt</page>
</regex>
<regex>
<name>Address2</name>
<expres><![CDATA["a"="([^"]*)]]></expres>
<page>https://raw.githubusercontent.com/Magic-Dust/MagicDust/master/arconai.txt</page>
</regex>
<regex>
<name>Address3</name>
<expres><![CDATA["c"="([^"]*)]]></expres>
<page>https://raw.githubusercontent.com/Magic-Dust/MagicDust/master/arconai.txt</page>
</regex>
</item>

<item>
<title>Step Brothers</title>
<thumbnail>https://artworks.thetvdb.com/banners/movies/790/posters/790.jpg</thumbnail>
<fanart>https://$doregex[Address]/logo.png</fanart>
<link>https://$doregex[Address2].$doregex[Address]/Movies/Step.Brothers.Extended.Version.2008.mp4</link>
<regex>
<name>Address</name>
<expres><![CDATA["x"="([^"]*)]]></expres>
<page>https://raw.githubusercontent.com/Magic-Dust/MagicDust/master/arconai.txt</page>
</regex>
<regex>
<name>Address2</name>
<expres><![CDATA["a"="([^"]*)]]></expres>
<page>https://raw.githubusercontent.com/Magic-Dust/MagicDust/master/arconai.txt</page>
</regex>
<regex>
<name>Address3</name>
<expres><![CDATA["c"="([^"]*)]]></expres>
<page>https://raw.githubusercontent.com/Magic-Dust/MagicDust/master/arconai.txt</page>
</regex>
</item>

<item>
<title>Superbad</title>
<thumbnail>https://fanart.tv/fanart/movies/8363/movieposter/superbad-54c4da079d351.jpg</thumbnail>
<fanart>https://$doregex[Address]/logo.png</fanart>
<link>https://$doregex[Address2].$doregex[Address]/Movies/Superbad.2007.Unrated.BrRip.720p.264.YIFY.mp4</link>
<regex>
<name>Address</name>
<expres><![CDATA["x"="([^"]*)]]></expres>
<page>https://raw.githubusercontent.com/Magic-Dust/MagicDust/master/arconai.txt</page>
</regex>
<regex>
<name>Address2</name>
<expres><![CDATA["a"="([^"]*)]]></expres>
<page>https://raw.githubusercontent.com/Magic-Dust/MagicDust/master/arconai.txt</page>
</regex>
<regex>
<name>Address3</name>
<expres><![CDATA["c"="([^"]*)]]></expres>
<page>https://raw.githubusercontent.com/Magic-Dust/MagicDust/master/arconai.txt</page>
</regex>
</item>

<item>
<title>Talladega.Nights.The.Ballad.of.Ricky.Bobby</title>
<thumbnail>https://fanart.tv/fanart/movies/9718/movieposter/talladega-nights-the-ballad-of-ricky-bobby-54dc498c37fdf.jpg</thumbnail>
<fanart>https://$doregex[Address]/logo.png</fanart>
<link>https://$doregex[Address2].$doregex[Address]/Movies/Talladega.Nights.The.Ballad.of.Ricky.Bobby.2006.mp4</link>
<regex>
<name>Address</name>
<expres><![CDATA["x"="([^"]*)]]></expres>
<page>https://raw.githubusercontent.com/Magic-Dust/MagicDust/master/arconai.txt</page>
</regex>
<regex>
<name>Address2</name>
<expres><![CDATA["a"="([^"]*)]]></expres>
<page>https://raw.githubusercontent.com/Magic-Dust/MagicDust/master/arconai.txt</page>
</regex>
<regex>
<name>Address3</name>
<expres><![CDATA["c"="([^"]*)]]></expres>
<page>https://raw.githubusercontent.com/Magic-Dust/MagicDust/master/arconai.txt</page>
</regex>
</item>

<item>
<title>There Something About Mary</title>
<thumbnail>https://fanart.tv/fanart/movies/544/movieposter/theres-something-about-mary-569d4acf8751b.jpg</thumbnail>
<fanart>https://$doregex[Address]/logo.png</fanart>
<link>https://$doregex[Address2].$doregex[Address]/Movies/There%27s%20Something%20About%20Mary%20%5B1998%5D.mp4</link>
<regex>
<name>Address</name>
<expres><![CDATA["x"="([^"]*)]]></expres>
<page>https://raw.githubusercontent.com/Magic-Dust/MagicDust/master/arconai.txt</page>
</regex>
<regex>
<name>Address2</name>
<expres><![CDATA["a"="([^"]*)]]></expres>
<page>https://raw.githubusercontent.com/Magic-Dust/MagicDust/master/arconai.txt</page>
</regex>
<regex>
<name>Address3</name>
<expres><![CDATA["c"="([^"]*)]]></expres>
<page>https://raw.githubusercontent.com/Magic-Dust/MagicDust/master/arconai.txt</page>
</regex>
</item>