<?xml version="1.0" encoding="UTF-8"?>
<items>

<item>
<title>[COLOR=FF00FFFF]ESPN USA live[/COLOR]</title>
<link>$doregex[getM3u8]|user-agent=ipad&amp;referer=https://freefeds.com/</link>
<regex>
<name>getM3u8</name>
<expres><![CDATA[Clappr.Player[\w\W]+?(?:source|src|file):\s*[\'"]([^\'"]+)]]></expres>
<page>https://freefeds.com/stream/43572.html</page>
<referer>https://freefeds.com/</referer>
</regex>
<thumbnail>https://i.pinimg.com/originals/b3/69/c7/b369c7454adc03bfea8c6b2f4268be5a.png</thumbnail>
</item>

<item>
<title>[COLOR=FF00FFFF]ESPN 2 live[/COLOR]</title>
<link>$doregex[getM3u8]|user-agent=ipad&amp;referer=https://freefeds.com/</link>
<regex>
<name>getM3u8</name>
<expres><![CDATA[Clappr.Player[\w\W]+?(?:source|src|file):\s*[\'"]([^\'"]+)]]></expres>
<page>https://freefeds.com/stream/45351.html</page>
<referer>https://freefeds.com/</referer>
</regex>
<thumbnail>https://i.pinimg.com/originals/b3/69/c7/b369c7454adc03bfea8c6b2f4268be5a.png</thumbnail>
</item>

<item>
<title>[COLOR=FF00FFFF]ESPN Deportes live[/COLOR]</title>
<link>$doregex[getM3u8]|user-agent=ipad&amp;referer=https://freefeds.com/</link>
<regex>
<name>getM3u8</name>
<expres><![CDATA[Clappr.Player[\w\W]+?(?:source|src|file):\s*[\'"]([^\'"]+)]]></expres>
<page>https://freefeds.com/stream/77869.html</page>
<referer>https://freefeds.com/</referer>
</regex>
<thumbnail>https://i.pinimg.com/originals/b3/69/c7/b369c7454adc03bfea8c6b2f4268be5a.png</thumbnail>
</item>

<item>
<title>[COLOR=FF00FFFF]ESPN News live[/COLOR]</title>
<link>$doregex[getM3u8]|user-agent=ipad&amp;referer=https://freefeds.com/</link>
<regex>
<name>getM3u8</name>
<expres><![CDATA[Clappr.Player[\w\W]+?(?:source|src|file):\s*[\'"]([^\'"]+)]]></expres>
<page>https://freefeds.com/stream/45458.html</page>
<referer>https://freefeds.com/</referer>
</regex>
<thumbnail>https://i.pinimg.com/originals/b3/69/c7/b369c7454adc03bfea8c6b2f4268be5a.png</thumbnail>
</item>

<item>
<title>[COLOR=FF00FFFF]ESPN U live[/COLOR]</title>
<link>$doregex[getM3u8]|user-agent=ipad&amp;referer=https://freefeds.com/</link>
<regex>
<name>getM3u8</name>
<expres><![CDATA[Clappr.Player[\w\W]+?(?:source|src|file):\s*[\'"]([^\'"]+)]]></expres>
<page>https://freefeds.com/stream/445457.html</page>
<referer>https://freefeds.com/</referer>
</regex>
<thumbnail>https://i.pinimg.com/originals/b3/69/c7/b369c7454adc03bfea8c6b2f4268be5a.png</thumbnail>
</item>

<item>
<title>[COLOR=FF00FFFF]Fox Sports 1 live[/COLOR]</title>
<link>$doregex[getM3u8]|user-agent=ipad&amp;referer=https://freefeds.com/</link>
<regex>
<name>getM3u8</name>
<expres><![CDATA[Clappr.Player[\w\W]+?(?:source|src|file):\s*[\'"]([^\'"]+)]]></expres>
<page>https://freefeds.com/stream/45459.html</page>
<referer>https://freefeds.com/</referer>
</regex>
<thumbnail>http://logo.ddnb.tn/logochanel/3513.png</thumbnail>
</item>

<item>
<title>[COLOR=FF00FFFF]Fox Sports 2 live[/COLOR]</title>
<link>$doregex[getM3u8]|user-agent=ipad&amp;referer=https://freefeds.com/</link>
<regex>
<name>getM3u8</name>
<expres><![CDATA[Clappr.Player[\w\W]+?(?:source|src|file):\s*[\'"]([^\'"]+)]]></expres>
<page>https://freefeds.com/stream/45460.html</page>
<referer>https://freefeds.com/</referer>
</regex>
<thumbnail>https://i.ibb.co/JdCC90z/3514.png</thumbnail>
</item>

<item>
<title>[COLOR=FF00FFFF]FOX (KTVU) live[/COLOR]</title>
<link>$doregex[getM3u8]|user-agent=ipad&amp;referer=https://freefeds.com/</link>
<regex>
<name>getM3u8</name>
<expres><![CDATA[Clappr.Player[\w\W]+?(?:source|src|file):\s*[\'"]([^\'"]+)]]></expres>
<page>https://freefeds.com/stream/53939.html</page>
<referer>https://freefeds.com/</referer>
</regex>
<thumbnail>https://dcn.espncdn.shop/images/teams/Logo-FOX.png</thumbnail>
</item>

<item>
<title>[COLOR=FF00FFFF]Fox Soccer Plus live[/COLOR]</title>
<link>$doregex[getM3u8]|user-agent=ipad&amp;referer=https://freefeds.com/</link>
<regex>
<name>getM3u8</name>
<expres><![CDATA[Clappr.Player[\w\W]+?(?:source|src|file):\s*[\'"]([^\'"]+)]]></expres>
<page>https://freefeds.com/stream/56872.html</page>
<referer>https://freefeds.com/</referer>
</regex>
<thumbnail>https://thevpn.guru/wp-content/uploads/2014/08/How-to-watch-Fox-Soccer-2Go-outside-USA-using-VPN-or-Smart-DNS.png</thumbnail>
</item>

<item>
<title>[COLOR=FF00FFFF]Fox Deportes live[/COLOR]</title>
<link>$doregex[getM3u8]|user-agent=ipad&amp;referer=https://freefeds.com/</link>
<regex>
<name>getM3u8</name>
<expres><![CDATA[Clappr.Player[\w\W]+?(?:source|src|file):\s*[\'"]([^\'"]+)]]></expres>
<page>https://freefeds.com/stream/45529.html</page>
<referer>https://freefeds.com/</referer>
</regex>
<thumbnail>http://www.ranklogos.com/wp-content/uploads/2015/01/Fox-Deportes-Logo-500x307.png</thumbnail>
</item>

<item>
<title>[COLOR=FF00FFFF]Bein Sports Ñ live[/COLOR]</title>
<link>$doregex[getM3u8]|user-agent=ipad&amp;referer=https://freefeds.com/</link>
<regex>
<name>getM3u8</name>
<expres><![CDATA[Clappr.Player[\w\W]+?(?:source|src|file):\s*[\'"]([^\'"]+)]]></expres>
<page>https://freefeds.com/stream/69175.html</page>
<referer>https://freefeds.com/</referer>
</regex>
<thumbnail>https://i.ibb.co/2YGvdY1/3529.png</thumbnail>
</item>

<item>
<title>[COLOR=FF00FFFF]Bein Sports La Liga live[/COLOR]</title>
<link>$doregex[getM3u8]|user-agent=ipad&amp;referer=https://freefeds.com/</link>
<regex>
<name>getM3u8</name>
<expres><![CDATA[Clappr.Player[\w\W]+?(?:source|src|file):\s*[\'"]([^\'"]+)]]></expres>
<page>https://freefeds.com/stream/69176.html</page>
<referer>https://freefeds.com/</referer>
</regex>
<thumbnail>https://i.ibb.co/2YGvdY1/3529.png</thumbnail>
</item>

<item>
<title>[COLOR=FF00FFFF]Bein Sports La Liga en Español live[/COLOR]</title>
<link>$doregex[getM3u8]|user-agent=ipad&amp;referer=https://freefeds.com/</link>
<regex>
<name>getM3u8</name>
<expres><![CDATA[Clappr.Player[\w\W]+?(?:source|src|file):\s*[\'"]([^\'"]+)]]></expres>
<page>https://freefeds.com/stream/69177.html</page>
<referer>https://freefeds.com/</referer>
</regex>
<thumbnail>https://i.ibb.co/2YGvdY1/3529.png</thumbnail>
</item>

<item>
<title>[COLOR=FF00FFFF]Bein Sports live[/COLOR]</title>
<link>$doregex[getM3u8]|user-agent=ipad&amp;referer=https://freefeds.com/</link>
<regex>
<name>getM3u8</name>
<expres><![CDATA[Clappr.Player[\w\W]+?(?:source|src|file):\s*[\'"]([^\'"]+)]]></expres>
<page>https://freefeds.com/stream/68949.html</page>
<referer>https://freefeds.com/</referer>
</regex>
<thumbnail>https://i.ibb.co/2YGvdY1/3529.png</thumbnail>
</item>

<item>
<title>[COLOR=FF00FFFF]Bein Sports Español live[/COLOR]</title>
<link>$doregex[getM3u8]|user-agent=ipad&amp;referer=https://freefeds.com/</link>
<regex>
<name>getM3u8</name>
<expres><![CDATA[Clappr.Player[\w\W]+?(?:source|src|file):\s*[\'"]([^\'"]+)]]></expres>
<page>https://freefeds.com/stream/68950.html</page>
<referer>https://freefeds.com/</referer>
</regex>
<thumbnail>https://i.ibb.co/2YGvdY1/3529.png</thumbnail>
</item>

<item>
<title>[COLOR=FF00FFFF]Bein Sports Xtra live[/COLOR]</title>
<link>$doregex[getM3u8]|user-agent=ipad&amp;referer=https://freefeds.com/</link>
<regex>
<name>getM3u8</name>
<expres><![CDATA[Clappr.Player[\w\W]+?(?:source|src|file):\s*[\'"]([^\'"]+)]]></expres>
<page>https://freefeds.com/stream/68718.html</page>
<referer>https://freefeds.com/</referer>
</regex>
<thumbnail>https://i.ibb.co/2YGvdY1/3529.png</thumbnail>
</item>

<item>
<title>[COLOR=FF00FFFF]ACCN ESPN live[/COLOR]</title>
<link>$doregex[getM3u8]|user-agent=ipad&amp;referer=https://freefeds.com/</link>
<regex>
<name>getM3u8</name>
<expres><![CDATA[Clappr.Player[\w\W]+?(?:source|src|file):\s*[\'"]([^\'"]+)]]></expres>
<page>https://freefeds.com/stream/50008.html</page>
<referer>https://freefeds.com/</referer>
</regex>
<thumbnail>https://rolo.nocdnrlly.xyz/images/teams/Logo-ACCN-ESPN.png</thumbnail>
</item>

<item>
<title>[COLOR=FF00FFFF]SEC Network live[/COLOR]</title>
<link>$doregex[getM3u8]|user-agent=ipad&amp;referer=https://freefeds.com/</link>
<regex>
<name>getM3u8</name>
<expres><![CDATA[Clappr.Player[\w\W]+?(?:source|src|file):\s*[\'"]([^\'"]+)]]></expres>
<page>https://freefeds.com/stream/46070.html</page>
<referer>https://freefeds.com/</referer>
</regex>
<thumbnail>https://rolo.nocdnrlly.xyz/images/teams/Logo-SEC-Network.png</thumbnail>
</item>

<item>
<title>[COLOR=FF00FFFF]BTN - Big Ten Network live[/COLOR]</title>
<link>$doregex[getM3u8]|user-agent=ipad&amp;referer=https://freefeds.com/</link>
<regex>
<name>getM3u8</name>
<expres><![CDATA[Clappr.Player[\w\W]+?(?:source|src|file):\s*[\'"]([^\'"]+)]]></expres>
<page>https://freefeds.com/stream/45629.html</page>
<referer>https://freefeds.com/</referer>
</regex>
<thumbnail>https://rolo.nocdnrlly.xyz/images/teams/Logo-Big-Ten-Network.png</thumbnail>
</item>

<item>
<title>[COLOR=FF00FFFF]Sportsnet live|CA[/COLOR] Down</title>
<link>$doregex[getM3u8]</link>
<regex>
<name>getM3u8</name>
<expres><![CDATA[#$pyFunction
import re
def GetLSProData(page_data,Cookie_Jar,m):#streamwatcher2013
  stream=re.findall('id=.vid[\w\W]*?(?:source|src|file):\s*[\'"]([^\'"]+)',page_data)[0]
  return stream.replace('/master','/d')+'|user-agent=ipad&origin=https://freefeds.com&referer=https://freefeds.com/'
]]></expres>
<page>https://freefeds.com/stream/98559.html</page>
<referer>https://freefeds.com/</referer>
</regex>
<thumbnail>http://allhabs.net/wp-content/uploads/2013/11/sportsnet_ca_short.png</thumbnail>
</item>

<item>
<title>[COLOR=FF00FFFF]Bein Sports USA live[/COLOR][COLOR snow]|[/COLOR][COLOR=FF00FFFF]US[/COLOR][COLORlightslategray] Daddylive[/COLOR]</title>
<link>$doregex[get-url]|User-Agent=iPad</link>
<regex>
<name>get-url</name>
<expres>source\s*:\s*"([^"]+)</expres>
<page>$doregex[get-embed]</page>
<referer>https://daddylive.co/</referer>
</regex>
<regex>
<name>get-embed</name>
<expres>iframe.+?src="([^"]+)</expres>
<page>https://daddylive.me/stream/stream-1.php</page>
<referer>https://daddylive.co/</referer>
</regex>
<thumbnail>https://i.ibb.co/2YGvdY1/3529.png</thumbnail>
</item>

<item>
<title>[COLOR=FF00FFFF]Bein Sports English 1 live[/COLOR][COLOR snow]|[/COLOR][COLOR=FF00FFFF]US[/COLOR][COLORlightslategray] Daddylive[/COLOR]</title>
<link>$doregex[get-url]|User-Agent=iPad</link>
<regex>
<name>get-url</name>
<expres>source\s*:\s*"([^"]+)</expres>
<page>$doregex[get-embed]</page>
<referer>https://daddylive.co/</referer>
</regex>
<regex>
<name>get-embed</name>
<expres>iframe.+?src="([^"]+)</expres>
<page>https://daddylive.me/stream/stream-61.php</page>
<referer>https://daddylive.me/</referer>
</regex>
<thumbnail>https://i.ibb.co/2YGvdY1/3529.png</thumbnail>
</item>

<item>
<title>[COLOR=FF00FFFF]Bein Sports English 2 live[/COLOR][COLOR snow]|[/COLOR][COLOR=FF00FFFF]US[/COLOR][COLORlightslategray] Daddylive[/COLOR]</title>
<link>$doregex[get-url]|User-Agent=iPad</link>
<regex>
<name>get-url</name>
<expres>source\s*:\s*"([^"]+)</expres>
<page>$doregex[get-embed]</page>
<referer>https://daddylive.me/</referer>
</regex>
<regex>
<name>get-embed</name>
<expres>iframe.+?src="([^"]+)</expres>
<page>https://daddylive.me/stream/stream-90.php</page>
<referer>https://daddylive.me/</referer>
</regex>
<thumbnail>https://i.ibb.co/2YGvdY1/3529.png</thumbnail>
</item>

<item>
<title>[COLOR=FF00FFFF]Bein Sports English 3 live[/COLOR][COLOR snow]|[/COLOR][COLOR=FF00FFFF]US[/COLOR][COLORlightslategray] Daddylive[/COLOR]</title>
<link>$doregex[get-url]|User-Agent=iPad</link>
<regex>
<name>get-url</name>
<expres>source\s*:\s*"([^"]+)</expres>
<page>$doregex[get-embed]</page>
<referer>https://daddylive.me/</referer>
</regex>
<regex>
<name>get-embed</name>
<expres>iframe.+?src="([^"]+)</expres>
<page>https://daddylive.me/stream/stream-46.php</page>
<referer>https://daddylive.me/</referer>
</regex>
<thumbnail>https://i.ibb.co/2YGvdY1/3529.png</thumbnail>
</item>

<item>
<title>[COLOR=FF00FFFF]BT Sport 1 live[/COLOR][COLOR snow]|[/COLOR][COLOR=FF00FFFF]US[/COLOR][COLORlightslategray] Daddylive[/COLOR]</title>
<link>$doregex[get-url]|User-Agent=iPad</link>
<regex>
<name>get-url</name>
<expres>source\s*:\s*"([^"]+)</expres>
<page>$doregex[get-embed]</page>
<referer>https://daddylive.me/</referer>
</regex>
<regex>
<name>get-embed</name>
<expres>iframe.+?src="([^"]+)</expres>
<page>https://daddylive.me/channels/stream-31.php</page>
<referer>https://daddylive.me/</referer>
</regex>
<thumbnail>https://ewsat.com/img/BT_SPORT_1.png</thumbnail>
</item>

<item>
<title>[COLOR=FF00FFFF]BT Sport 2 live[/COLOR][COLOR snow]|[/COLOR][COLOR=FF00FFFF]US[/COLOR][COLORlightslategray] Daddylive[/COLOR]</title>
<link>$doregex[get-url]|User-Agent=iPad</link>
<regex>
<name>get-url</name>
<expres>source\s*:\s*"([^"]+)</expres>
<page>$doregex[get-embed]</page>
<referer>https://daddylive.me/</referer>
</regex>
<regex>
<name>get-embed</name>
<expres>iframe.+?src="([^"]+)</expres>
<page>https://daddylive.me/channels/stream-32.php</page>
<referer>https://daddylive.me/</referer>
</regex>
<thumbnail>https://ewsat.com/img/BT_SPORT_2.png</thumbnail>
</item>

<item>
<title>[COLOR=FF00FFFF]BT Sport 3 live[/COLOR][COLOR snow]|[/COLOR][COLOR=FF00FFFF]US[/COLOR][COLORlightslategray] Daddylive[/COLOR]</title>
<link>$doregex[get-url]|User-Agent=iPad</link>
<regex>
<name>get-url</name>
<expres>source\s*:\s*"([^"]+)</expres>
<page>$doregex[get-embed]</page>
<referer>https://daddylive.me/</referer>
</regex>
<regex>
<name>get-embed</name>
<expres>iframe.+?src="([^"]+)</expres>
<page>https://daddylive.me/channels/stream-33.php</page>
<referer>https://daddylive.me/</referer>
</regex>
<thumbnail>https://ewsat.com/img/BT_SPORT_3.png</thumbnail>
</item>

<item>
<title>[COLOR=FF00FFFF]BT Sport ESPN live[/COLOR][COLOR snow]|[/COLOR][COLOR=FF00FFFF]US[/COLOR][COLORlightslategray] Daddylive[/COLOR]</title>
<link>$doregex[get-url]|User-Agent=iPad</link>
<regex>
<name>get-url</name>
<expres>source\s*:\s*"([^"]+)</expres>
<page>$doregex[get-embed]</page>
<referer>https://daddylive.me/</referer>
</regex>
<regex>
<name>get-embed</name>
<expres>iframe.+?src="([^"]+)</expres>
<page>https://daddylive.me/stream/stream-34.php</page>
<referer>https://daddylive.me/</referer>
</regex>
<thumbnail>https://www.i99win.com/wp-content/uploads/2019/01/BT-SPORT-ESPN.png</thumbnail>
</item>

<item>
<title>[COLOR=FF00FFFF]CBS Sports HQ live|US[/COLOR]</title>
<link>$doregex[getM3u8]</link>
<regex>
<name>getM3u8</name>
<expres><![CDATA[#$pyFunction
import re
def GetLSProData(page_data,Cookie_Jar,m):#streamwatcher2013
  stream=re.findall('id=.vid[\w\W]*?(?:source|src|file):\s*[\'"]([^\'"]+)',page_data)[0]
  return stream.replace('/master','/d')+'|user-agent=ipad&origin=https://freefeds.com&referer=https://freefeds.com/'
]]></expres>
<page>https://freefeds.com/stream/53069.html</page>
<referer>https://freefeds.com/</referer>
</regex>
<thumbnail>https://rolo.nocdnrlly.xyz/images/teams/Logo-CBS-Sports-HQ.png</thumbnail>
</item>

<item>
<title>[COLOR=FF00FFFF]CBS Sports Network live|US[/COLOR]</title>
<link>$doregex[getM3u8]</link>
<regex>
<name>getM3u8</name>
<expres><![CDATA[#$pyFunction
import re
def GetLSProData(page_data,Cookie_Jar,m):#streamwatcher2013
  stream=re.findall('id=.vid[\w\W]*?(?:source|src|file):\s*[\'"]([^\'"]+)',page_data)[0]
  return stream.replace('/master','/d')+'|user-agent=ipad&origin=https://freefeds.com&referer=https://freefeds.com/'
]]></expres>
<page>https://freefeds.com/stream/87217.html</page>
<referer>https://freefeds.com/</referer>
</regex>
<thumbnail>https://rolo.nocdnrlly.xyz/images/teams/Logo-CBS.png</thumbnail>
</item>

<item>
<title>[COLOR=FF00FFFF]CBSN live|US[/COLOR]</title>
<link>$doregex[getM3u8]</link>
<regex>
<name>getM3u8</name>
<expres><![CDATA[#$pyFunction
import re
def GetLSProData(page_data,Cookie_Jar,m):#streamwatcher2013
  stream=re.findall('id=.vid[\w\W]*?(?:source|src|file):\s*[\'"]([^\'"]+)',page_data)[0]
  return stream.replace('/master','/d')+'|user-agent=ipad&origin=https://freefeds.com&referer=https://freefeds.com/'
]]></expres>
<page>https://freefeds.com/stream/69308.html</page>
<referer>https://freefeds.com/</referer>
</regex>
<thumbnail>https://rolo.nocdnrlly.xyz/images/teams/Logo-CBS.png</thumbnail>
</item>

<item>
<title>[COLOR=FF00FFFF]CBSN Los Angeles live|US[/COLOR]</title>
<link>$doregex[getM3u8]</link>
<regex>
<name>getM3u8</name>
<expres><![CDATA[#$pyFunction
import re
def GetLSProData(page_data,Cookie_Jar,m):#streamwatcher2013
  stream=re.findall('id=.vid[\w\W]*?(?:source|src|file):\s*[\'"]([^\'"]+)',page_data)[0]
  return stream.replace('/master','/d')+'|user-agent=ipad&origin=https://freefeds.com&referer=https://freefeds.com/'
]]></expres>
<page>https://freefeds.com/stream/69309.html</page>
<referer>https://freefeds.com/</referer>
</regex>
<thumbnail>https://rolo.nocdnrlly.xyz/images/teams/Logo-CBS.png</thumbnail>
</item>

<item>
<title>[COLOR=FF00FFFF]CBS TV live|US[/COLOR]</title>
<link>$doregex[getM3u8]</link>
<regex>
<name>getM3u8</name>
<expres><![CDATA[#$pyFunction
import re
def GetLSProData(page_data,Cookie_Jar,m):#streamwatcher2013
  stream=re.findall('id=.vid[\w\W]*?(?:source|src|file):\s*[\'"]([^\'"]+)',page_data)[0]
  return stream.replace('/master','/d')+'|user-agent=ipad&origin=https://freefeds.com&referer=https://freefeds.com/'
]]></expres>
<page>https://freefeds.com/stream/50366.html</page>
<referer>https://freefeds.com/</referer>
</regex>
<thumbnail>https://rolo.nocdnrlly.xyz/images/teams/Logo-CBS.png</thumbnail>
</item>

<item>
<title>[COLOR=FF00FFFF]ESPNU USA live[/COLOR][COLOR snow]|[/COLOR][COLOR=FF00FFFF]US[/COLOR][COLORlightslategray] Daddylive[/COLOR]</title>
<link>$doregex[get-url]|User-Agent=iPad</link>
<regex>
<name>get-url</name>
<expres>source\s*:\s*"([^"]+)</expres>
<page>$doregex[get-embed]</page>
<referer>https://daddylive.co/</referer>
</regex>
<regex>
<name>get-embed</name>
<expres>iframe.+?src="([^"]+)</expres>
<page>https://daddylive.me/channels/stream-20.php</page>
<referer>https://daddylive.co/</referer>
</regex>
<thumbnail>https://www.i99win.com/wp-content/uploads/2019/01/BT-SPORT-ESPN.png</thumbnail>
</item>

<item>
<title>[COLOR=FF00FFFF]ESPN USA live[/COLOR][COLOR snow]|[/COLOR][COLOR=FF00FFFF]US[/COLOR][COLORlightslategray] Daddylive[/COLOR]</title>
<link>$doregex[get-url]|User-Agent=iPad</link>
<regex>
<name>get-url</name>
<expres>source\s*:\s*"([^"]+)</expres>
<page>$doregex[get-embed]</page>
<referer>https://daddylive.co/</referer>
</regex>
<regex>
<name>get-embed</name>
<expres>iframe.+?src="([^"]+)</expres>
<page>https://daddylive.me/channels/stream-44.php</page>
<referer>https://daddylive.co/</referer>
</regex>
<thumbnail>https://rolo.nocdnrlly.xyz/images/teams/Logo-ESPN.png</thumbnail>
</item>

<item>
<title>[COLOR=FF00FFFF]ESPNU USA live[/COLOR][COLOR snow]|[/COLOR][COLOR=FF00FFFF]US[/COLOR][COLORlightslategray] Daddylive[/COLOR]</title>
<link>$doregex[get-url]|User-Agent=iPad</link>
<regex>
<name>get-url</name>
<expres>source\s*:\s*"([^"]+)</expres>
<page>$doregex[get-embed]</page>
<referer>https://daddylive.co/</referer>
</regex>
<regex>
<name>get-embed</name>
<expres>iframe.+?src="([^"]+)</expres>
<page>https://daddylive.me/channels/stream-20.php</page>
<referer>https://daddylive.co/</referer>
</regex>
<thumbnail>https://rolo.nocdnrlly.xyz/images/teams/Logo-ESPN.png</thumbnail>
</item>

<item>
<title>[COLOR=FF00FFFF]ESPN VIVO live[/COLOR][COLOR snow]|[/COLOR][COLOR=FF00FFFF]US[/COLOR][COLORlightslategray] Daddylive[/COLOR]</title>
<link>$doregex[get-url]|User-Agent=iPad</link>
<regex>
<name>get-url</name>
<expres>source\s*:\s*"([^"]+)</expres>
<page>$doregex[get-embed]</page>
<referer>https://daddylive.co/</referer>
</regex>
<regex>
<name>get-embed</name>
<expres>iframe.+?src="([^"]+)</expres>
<page>https://daddylive.me/channels/stream-82.php</page>
<referer>https://daddylive.co/</referer>
</regex>
<thumbnail>https://rolo.nocdnrlly.xyz/images/teams/Logo-ESPN.png</thumbnail>
</item>

<item>
<title>[COLOR=FF00FFFF]Fox Sports 1 live[/COLOR][COLOR snow]|[/COLOR][COLOR=FF00FFFF]US[/COLOR][COLORlightslategray] Daddylive[/COLOR]</title>
<link>$doregex[get-url]|User-Agent=iPad</link>
<regex>
<name>get-url</name>
<expres>source\s*:\s*"([^"]+)</expres>
<page>$doregex[get-embed]</page>
<referer>https://daddylive.co/</referer>
</regex>
<regex>
<name>get-embed</name>
<expres>iframe.+?src="([^"]+)</expres>
<page>https://daddylive.me/channels/stream-39.php</page>
<referer>https://daddylive.co/</referer>
</regex>
<thumbnail>https://rolo.nocdnrlly.xyz/images/teams/Logo-Fox-Sports-1.png</thumbnail>
</item>

<item>
<title>[COLOR=FF00FFFF]MSG USA live[/COLOR][COLOR snow]|[/COLOR][COLOR=FF00FFFF]US[/COLOR][COLORlightslategray] Daddylive[/COLOR]</title>
<link>$doregex[get-url]|User-Agent=iPad</link>
<regex>
<name>get-url</name>
<expres>source\s*:\s*"([^"]+)</expres>
<page>$doregex[get-embed]</page>
<referer>https://daddylive.co/</referer>
</regex>
<regex>
<name>get-embed</name>
<expres>iframe.+?src="([^"]+)</expres>
<page>https://daddylive.me/channels/stream-14.php</page>
<referer>https://daddylive.co/</referer>
</regex>
<thumbnail>https://i.ibb.co/m8Pt5d9/3516.png</thumbnail>
</item>

<item>
<title>[COLOR=FF00FFFF]NBC Sports California live|US[/COLOR]</title>
<link>$doregex[getM3u8]</link>
<regex>
<name>getM3u8</name>
<expres><![CDATA[#$pyFunction
import re
def GetLSProData(page_data,Cookie_Jar,m):#streamwatcher2013
  stream=re.findall('id=.vid[\w\W]*?(?:source|src|file):\s*[\'"]([^\'"]+)',page_data)[0]
  return stream.replace('/master','/d')+'|user-agent=ipad&origin=https://freefeds.com&referer=https://freefeds.com/'
]]></expres>
<page>https://freefeds.com/stream/77868.html</page>
<referer>https://freefeds.com/</referer>
</regex>
<thumbnail>https://i.ibb.co/m8Pt5d9/3516.png</thumbnail>
</item>

<item>
<title>[COLOR=FF00FFFF]NBC Sports Network live[/COLOR][COLOR snow]|[/COLOR][COLOR=FF00FFFF]US[/COLOR][COLORlightslategray] Daddylive[/COLOR]</title>
<link>$doregex[get-url]|User-Agent=iPad</link>
<regex>
<name>get-url</name>
<expres>source\s*:\s*"([^"]+)</expres>
<page>$doregex[get-embed]</page>
<referer>https://daddylive.co/</referer>
</regex>
<regex>
<name>get-embed</name>
<expres>iframe.+?src="([^"]+)</expres>
<page>https://daddylive.me/channels/stream-43.php</page>
<referer>https://daddylive.co/</referer>
</regex>
<thumbnail>https://i.ibb.co/m8Pt5d9/3516.png</thumbnail>
</item>

<item>
<title>[COLOR=FF00FFFF]NBC Sports Boston live[/COLOR][COLOR snow]|[/COLOR][COLOR=FF00FFFF]US[/COLOR][COLORlightslategray] Daddylive[/COLOR]</title>
<link>$doregex[get-url]|User-Agent=iPad</link>
<regex>
<name>get-url</name>
<expres>source\s*:\s*"([^"]+)</expres>
<page>$doregex[get-embed]</page>
<referer>https://daddylive.co/</referer>
</regex>
<regex>
<name>get-embed</name>
<expres>iframe.+?src="([^"]+)</expres>
<page>https://daddylive.me/channels/stream-2.php</page>
<referer>https://daddylive.co/</referer>
</regex>
<thumbnail>https://i.ibb.co/m8Pt5d9/3516.png</thumbnail>
</item>

<item>
<title>[COLOR=FF00FFFF]NBC Sports Northwest live[/COLOR][COLOR snow]|[/COLOR][COLOR=FF00FFFF]US[/COLOR][COLORlightslategray] Daddylive[/COLOR]</title>
<link>$doregex[get-url]|User-Agent=iPad</link>
<regex>
<name>get-url</name>
<expres>source\s*:\s*"([^"]+)</expres>
<page>$doregex[get-embed]</page>
<referer>https://daddylive.co/</referer>
</regex>
<regex>
<name>get-embed</name>
<expres>iframe.+?src="([^"]+)</expres>
<page>https://daddylive.me/channels/stream-3.php</page>
<referer>https://daddylive.co/</referer>
</regex>
<thumbnail>https://i.ibb.co/m8Pt5d9/3516.png</thumbnail>
</item>

<item>
<title>[COLOR=FF00FFFF]NBC Sports Philadelphia live[/COLOR][COLOR snow]|[/COLOR][COLOR=FF00FFFF]US[/COLOR][COLORlightslategray] Daddylive[/COLOR]</title>
<link>$doregex[get-url]|User-Agent=iPad</link>
<regex>
<name>get-url</name>
<expres>source\s*:\s*"([^"]+)</expres>
<page>$doregex[get-embed]</page>
<referer>https://daddylive.co/</referer>
</regex>
<regex>
<name>get-embed</name>
<expres>iframe.+?src="([^"]+)</expres>
<page>https://daddylive.me/channels/stream-13.php</page>
<referer>https://daddylive.co/</referer>
</regex>
<thumbnail>https://i.ibb.co/m8Pt5d9/3516.png</thumbnail>
</item>

<item>
<title>[COLOR=FF00FFFF]NBC Sports Network live|US[/COLOR]</title>
<link>$doregex[getM3u8]</link>
<regex>
<name>getM3u8</name>
<expres><![CDATA[#$pyFunction
import re
def GetLSProData(page_data,Cookie_Jar,m):#streamwatcher2013
  stream=re.findall('id=.vid[\w\W]*?(?:source|src|file):\s*[\'"]([^\'"]+)',page_data)[0]
  return stream.replace('/master','/d')+'|user-agent=ipad&origin=https://freefeds.com&referer=https://freefeds.com/'
]]></expres>
<page>https://freefeds.com/stream/69183.html</page>
<referer>https://freefeds.com/</referer>
</regex>
<thumbnail>https://i.ibb.co/m8Pt5d9/3516.png</thumbnail>
</item>

<item>
<title>[COLOR=FF00FFFF]NESN Plus live[/COLOR]</title>
<link>$doregex[getM3u8]</link>
<regex>
<name>getM3u8</name>
<expres><![CDATA[#$pyFunction
import re
def GetLSProData(page_data,Cookie_Jar,m):#streamwatcher2013
  stream=re.findall('id=.vid[\w\W]*?(?:source|src|file):\s*[\'"]([^\'"]+)',page_data)[0]
  return stream.replace('/master','/d')+'|user-agent=ipad&origin=https://freefeds.com&referer=https://freefeds.com/'
]]></expres>
<page>https://freefeds.com/stream/85354.html</page>
<referer>https://freefeds.com/</referer>
</regex>
<thumbnail>https://i.imgur.com/DYnSlf4.png</thumbnail>
</item>

<item>
<title>[COLOR=FF00FFFF]NESN live[/COLOR]</title>
<link>$doregex[getM3u8]</link>
<regex>
<name>getM3u8</name>
<expres><![CDATA[#$pyFunction
import re
def GetLSProData(page_data,Cookie_Jar,m):#streamwatcher2013
  stream=re.findall('id=.vid[\w\W]*?(?:source|src|file):\s*[\'"]([^\'"]+)',page_data)[0]
  return stream.replace('/master','/d')+'|user-agent=ipad&origin=https://freefeds.com&referer=https://freefeds.com/'
]]></expres>
<page>https://freefeds.com/stream/85355.html</page>
<referer>https://freefeds.com/</referer>
</regex>
<thumbnail>https://i.imgur.com/DYnSlf4.png</thumbnail>
</item>

<item>
<title>[COLOR=FF00FFFF]Sky Sport F1 live[/COLOR][COLOR snow]|[/COLOR][COLOR=FF00FFFF]US[/COLOR][COLORlightslategray] Daddylive[/COLOR]</title>
<link>$doregex[get-url]|User-Agent=iPad</link>
<regex>
<name>get-url</name>
<expres>source\s*:\s*"([^"]+)</expres>
<page>$doregex[get-embed]</page>
<referer>https://daddylive.co/</referer>
</regex>
<regex>
<name>get-embed</name>
<expres>iframe.+?src="([^"]+)</expres>
<page>https://daddylive.me/channels/stream-60.php</page>
<referer>https://daddylive.co/</referer>
</regex>
<thumbnail>https://1.bp.blogspot.com/-nKEfeY-j50g/XrqC68G4fMI/AAAAAAAAC1w/gqKydF3a-J4b_3xmPELKFa5A21eQwXkTQCLcBGAsYHQ/s640/Sky%2BSports%2BF1%2BHD.jpg</thumbnail>
</item>

<item>
<title>[COLOR=FF00FFFF]Sky Sport F1[/COLOR]</title>
<link>$doregex[getUrl]</link>
<regex>
<name>getUrl</name>
<expres><![CDATA[#$pyFunction
import re,requests,time,json,urllib
def GetLSProData(page_data,Cookie_Jar,m):#streamwatcher2013
  now=int((int(time.time()) + 86400) * 1000)    #  capture epoch time 1619041980000 for json link
  link=re.findall('iframe.+?src=[\'"](.+?telerium[^\'"]+)',page_data)[0]    #  capture https://telerium.digital/embed/46569.html
  headers={'user-agent':'Mozilla/5.0','referer':link}
  netloc=link[:-17]     #  re.findall('(.+?)/embed',link)[0]    #  capture the origin url https://telerium.digital
  jsurl=link.replace('/embed','/streams').replace('.html','/')+'%s.json'%now    #  https://telerium.digital/streams/46569/1619041980000.json
  r=requests.get(jsurl,headers=headers).json()
  stream=r.get('url')    # get url link in json 
  if r.get('tokenurl'):      # get tokenurl in json 
    stream += requests.get(netloc+r.get('tokenurl'),headers=headers).json()[10][::-1]   #reverse the string on line 10th
  stream='https:'+stream if stream.startswith('//') else stream     #  playable stream
  return stream+'|{0}'.format(urllib.urlencode(headers))
]]></expres>
<page>https://embed-channel.stream//stream/uk_skysport_f1.php</page>
</regex>
<thumbnail>https://1.bp.blogspot.com/-nKEfeY-j50g/XrqC68G4fMI/AAAAAAAAC1w/gqKydF3a-J4b_3xmPELKFa5A21eQwXkTQCLcBGAsYHQ/s640/Sky%2BSports%2BF1%2BHD.jpg</thumbnail>
</item>

<item>
<title>[COLOR=FF00FFFF]Sprotal[/COLOR]</title>
<fanart>https://img2.novini.bg/uploads/live_stream_pics/0/big/703.jpg</fanart>
<thumbnail>https://img2.novini.bg/uploads/live_stream_pics/0/big/703.jpg</thumbnail>
<link>$doregex[m5]|User-Agent=Mozilla/5.0&amp;Referer=https://novini.bg/tv/703</link>
<regex>
<name>m5</name>
<expres>703.*\n.*?file:\s*'([^']+)</expres>
<page>$doregex[m4]</page>
<referer>https://novini.bg/tv/703</referer>
</regex>
<regex>
<name>m4</name>
<expres>"embedUrl":\s*"([^"]+)</expres>
<page>https://novini.bg/tv/703</page>
<referer>https://novini.bg/</referer>
</regex>
</item>

<item>
<title>[COLOR=FF00FFFF]TSN 1 live|CA[/COLOR] Down</title>
<link>$doregex[getM3u8]</link>
<regex>
<name>getM3u8</name>
<expres><![CDATA[#$pyFunction
import re
def GetLSProData(page_data,Cookie_Jar,m):#streamwatcher2013
  stream=re.findall('id=.vid[\w\W]*?(?:source|src|file):\s*[\'"]([^\'"]+)',page_data)[0]
  return stream.replace('/master','/d')+'|user-agent=ipad&origin=https://freefeds.com&referer=https://freefeds.com/'
]]></expres>
<page>https://freefeds.com/stream/96800.html</page>
<referer>https://freefeds.com/</referer>
</regex>
<thumbnail>https://rolo.nocdnrlly.xyz/images/teams/Logo-TSN.png</thumbnail>
</item>

<item>
<title>[COLOR=FF00FFFF]TSN 2 live|CA[/COLOR] Down</title>
<link>$doregex[getM3u8]</link>
<regex>
<name>getM3u8</name>
<expres><![CDATA[#$pyFunction
import re
def GetLSProData(page_data,Cookie_Jar,m):#streamwatcher2013
  stream=re.findall('id=.vid[\w\W]*?(?:source|src|file):\s*[\'"]([^\'"]+)',page_data)[0]
  return stream.replace('/master','/d')+'|user-agent=ipad&origin=https://freefeds.com&referer=https://freefeds.com/'
]]></expres>
<page>https://freefeds.com/stream/96801.html</page>
<referer>https://freefeds.com/</referer>
</regex>
<thumbnail>https://rolo.nocdnrlly.xyz/images/teams/Logo-TSN.png</thumbnail>
</item>

<item>
<title>[COLOR=FF00FFFF]TSN 3 live|CA[/COLOR] Down</title>
<link>$doregex[getM3u8]</link>
<regex>
<name>getM3u8</name>
<expres><![CDATA[#$pyFunction
import re
def GetLSProData(page_data,Cookie_Jar,m):#streamwatcher2013
  stream=re.findall('id=.vid[\w\W]*?(?:source|src|file):\s*[\'"]([^\'"]+)',page_data)[0]
  return stream.replace('/master','/d')+'|user-agent=ipad&origin=https://freefeds.com&referer=https://freefeds.com/'
]]></expres>
<page>https://freefeds.com/stream/96802.html</page>
<referer>https://freefeds.com/</referer>
</regex>
<thumbnail>https://rolo.nocdnrlly.xyz/images/teams/Logo-TSN.png</thumbnail>
</item>

<item>
<title>[COLOR=FF00FFFF]TSN 4 live|CA[/COLOR] Down</title>
<link>$doregex[getM3u8]</link>
<regex>
<name>getM3u8</name>
<expres><![CDATA[#$pyFunction
import re
def GetLSProData(page_data,Cookie_Jar,m):#streamwatcher2013
  stream=re.findall('id=.vid[\w\W]*?(?:source|src|file):\s*[\'"]([^\'"]+)',page_data)[0]
  return stream.replace('/master','/d')+'|user-agent=ipad&origin=https://freefeds.com&referer=https://freefeds.com/'
]]></expres>
<page>https://freefeds.com/stream/96803.html</page>
<referer>https://freefeds.com/</referer>
</regex>
<thumbnail>https://rolo.nocdnrlly.xyz/images/teams/Logo-TSN.png</thumbnail>
</item>

<item>
<title>[COLOR=FF00FFFF]TSN 5 live|CA[/COLOR] Down</title>
<link>$doregex[getM3u8]</link>
<regex>
<name>getM3u8</name>
<expres><![CDATA[#$pyFunction
import re
def GetLSProData(page_data,Cookie_Jar,m):#streamwatcher2013
  stream=re.findall('id=.vid[\w\W]*?(?:source|src|file):\s*[\'"]([^\'"]+)',page_data)[0]
  return stream.replace('/master','/d')+'|user-agent=ipad&origin=https://freefeds.com&referer=https://freefeds.com/'
]]></expres>
<page>https://freefeds.com/stream/96804.html</page>
<referer>https://freefeds.com/</referer>
</regex>
<thumbnail>https://rolo.nocdnrlly.xyz/images/teams/Logo-TSN.png</thumbnail>
</item>

<item>
<title>[COLOR=FF00FFFF]TNT live[/COLOR][COLOR snow]|[/COLOR][COLOR=FF00FFFF]US[/COLOR][COLORlightslategray] Daddylive[/COLOR]</title>
<link>$doregex[get-url]|User-Agent=iPad</link>
<regex>
<name>get-url</name>
<expres>source\s*:\s*"([^"]+)</expres>
<page>$doregex[get-embed]</page>
<referer>https://daddylive.co/</referer>
</regex>
<regex>
<name>get-embed</name>
<expres>iframe.+?src="([^"]+)</expres>
<page>https://daddylive.me/channels/stream-56.php</page>
<referer>https://daddylive.co/</referer>
</regex>
<thumbnail>https://rolo.nocdnrlly.xyz/images/teams/Logo-TNT.png</thumbnail>
</item>


<item>
<title>[COLOR=FF00FFFF]YES USA live[/COLOR][COLOR snow]|[/COLOR][COLOR=FF00FFFF]US[/COLOR][COLORlightslategray] Daddylive[/COLOR]</title>
<link>$doregex[get-url]|User-Agent=iPad</link>
<regex>
<name>get-url</name>
<expres>source\s*:\s*"([^"]+)</expres>
<page>$doregex[get-embed]</page>
<referer>https://daddylive.co/</referer>
</regex>
<regex>
<name>get-embed</name>
<expres>iframe.+?src="([^"]+)</expres>
<page>https://daddylive.me/channels/stream-4.php</page>
<referer>https://daddylive.co/</referer>
</regex>
<thumbnail>https://upload.wikimedia.org/wikipedia/commons/thumb/b/be/YES_Network_logo.svg/800px-YES_Network_logo.svg.png</thumbnail>
</item>

</items>