<item>
<title>Fox Breaking News</title>
<fanart>https://static.foxnews.com/static/orion/styles/img/fox-news/og/og-fox-news.png</fanart>
<thumbnail>https://upload.wikimedia.org/wikipedia/commons/thumb/6/67/Fox_News_Channel_logo.svg/1200px-Fox_News_Channel_logo.svg.png</thumbnail>
<link>$doregex[makelist]</link>
<regex>
<name>makelist</name>
<listrepeat><![CDATA[
  <title>[makelist.param1] - [makelist.param4]</title>
  <link>[makelist.param2]</link>
  <fanart>[makelist.param3]</fanart>
  <thumbnail>[makelist.param3]</thumbnail>
]]></listrepeat>
<expres><![CDATA[{"title":"([^"]*)".+?"media-player":{"@attributes":{"url":"([^"]*).+?media-thumbnail":"([^"]*).*?duration":"([^"]*)]]></expres>
<page>https://video.foxnews.com/v/feed/playlist/938973798001.json</page>
<includeheaders></includeheaders>
<agent>Mozilla/5.0 (Windows NT 10.0) AppleWebKit/537.36 (KHTML, like Gecko) Chrome/91.0.4472.101 Safari/537.36 Edg/91.0.864.48</agent>
<accept />
</regex>
</item>