<keymap>
  <Global>
    <keyboard>
      <rewind>PageUp</rewind>
      <fastforward>PageDown</fastforward>
    </keyboard>
  </Global>
  <visualisation>
    <keyboard>
      <up>volumeup</up>
      <down>volumedown</down>
      <down mod="longpress">Mute</down>
    </keyboard>
  </visualisation>
  <FullscreenVideo>
    <keyboard>
      <up>volumeup</up>
      <down>volumedown</down>
      <down mod="longpress">Mute</down>
      <menu mod="longpress">RunAddon(script.module.youtube.dl)</menu>
      <menu>Back</menu>
    </keyboard>
  </FullscreenVideo>  
  <videoosd>
    <keyboard>
      <up>Up</up>
      <down>Down</down>
    </keyboard>
  </videoosd>
  <FullscreenLiveTV>
    <keyboard>
      <up>VolumeUp</up>
      <down>VolumeDown</down>
      <down mod="longpress">Mute</down>
      <left>ChannelDown</left>
      <right>ChannelUp</right>
      <rewind>Number0</rewind>
      <fastforward>Number0</fastforward>
      <menu mod="longpress">ActivateWindow(pvrchannelguide)</menu>
      <menu>ActivateWindow(pvrosdchannels)</menu>
      <play_pause>ActivateWindow(pvrchannelguide)</play_pause>
    </keyboard>
  </FullscreenLiveTV>
  <pvrosdchannels>
    <keyboard>
      <menu>ActivateWindow(pvrchannelguide)</menu>
      <menu mod="longpress">RunScript(&quot;special://home/addons/plugin.program.magicdust/magic/ChannelPick.py&quot;)</menu>
      <backspace mod="longpress">RunScript(&quot;special://home/addons/plugin.program.magicdust/magic/iptvcat2.py&quot;)</backspace>
    </keyboard>
  </pvrosdchannels>
  <FullscreenRadio>
    <keyboard>
      <up>VolumeUp</up>
      <down>VolumeDown</down>
      <down mod="longpress">Mute</down>
      <left>ChannelDown</left>
      <right>ChannelUp</right>
      <rewind>Number0</rewind>
      <fastforward>Number0</fastforward>
      <menu>ActivateWindow(pvrosdchannels)</menu>
      <menu mod="longpress">RunAddon(script.module.youtube.dl)</menu>
    </keyboard>
  </FullscreenRadio>
  <TVGuide>
    <keyboard>
      <menu>SendClick(28)</menu>
      <rewind>PageUp</rewind>
      <fastforward>PageDown</fastforward>
      <play_pause>ActivateWindow(tvsearch)</play_pause>
      <menu mod="longpress">RunScript(&quot;special://home/addons/plugin.program.magicdust/magic/ChannelPick.py&quot;)</menu>
      <backspace mod="longpress">RunScript(&quot;special://home/addons/plugin.program.magicdust/magic/iptvcat2.py&quot;)</backspace>
    </keyboard>
  </TVGuide>
  <VideoOSD>
    <keyboard>
      <down mod="longpress">Mute</down>
    </keyboard>
  </VideoOSD>
  <Home>
    <keyboard>
      <backspace>Stop</backspace>
      <backspace mod="longpress">ActivateWindow(favourites)</backspace>
      <menu>ActivateWindow(TVGuide)</menu>
      <menu mod="longpress">ActivateWindow(addonbrowser)</menu>
      <rewind mod="longpress">ActivateWindow(10025,&quot;plugin://plugin.video.cumination/?channel=None&amp;keyword&amp;mode=chaturbate.List&amp;name=%5bCOLOR%20violet%5dFemale%5b%2fCOLOR%5d&amp;page&amp;section=None&amp;url=https%3a%2f%2fchaturbate.com%2ffemale-cams%2f%3fpage%3d1&quot;,return)</rewind>
      <play_pause>Fullscreen</play_pause>
      <play_pause mod="longpress">ActivateWindow(10025,&quot;plugin://plugin.video.cumination/?channel=None&amp;keyword&amp;mode=main.site_list&amp;name=%5bCOLOR%20white%5dSites%5b%2fCOLOR%5d&amp;page&amp;section=None&amp;url&quot;,return)</play_pause>
      <fastforward mod="longpress">ActivateWindow(Programs,&quot;pvr://channels/tv/Adult TV/&quot;,return)</fastforward>
    </keyboard>
  </Home>
</keymap>