<?xml version="1.0" encoding="UTF-8"?>
<items>

<item>
<title>DW News</title>
<thumbnail>https://upload.wikimedia.org/wikipedia/commons/8/8e/DW_(TV)_Logo_2012.png</thumbnail>
<fanart></fanart>
<link>$doregex[getUrl]</link>
<regex>
<name>getUrl</name>
<expres><![CDATA[#$pyFunction
import re,urllib.request,resolveurl
from urllib.request import urlopen
def GetLSProData(page_data,Cookie_Jar,m):#NYRA
  source = urllib.request.urlopen('https://www.youtube.com/c/dwnews/featured').read().decode('utf-8')
  return resolveurl.resolve('https://www.youtube.com//watch?v='+re.findall('channelFeaturedContentRenderer":.*?videoId":"([^"]*)',source)[0])
]]></expres>
<page>https://www.youtube.com/c/dwnews/featured</page>
</regex>
</item>

<item>
<title>Earth TV</title>
<thumbnail>https://s2.dmcdn.net/u/1Q7K71UwkEF9wpefY/200x200</thumbnail>
<fanart></fanart>
<link>$doregex[getUrl]</link>
<regex>
<name>getUrl</name>
<expres><![CDATA[#$pyFunction
import re,urllib.request,resolveurl
from urllib.request import urlopen
def GetLSProData(page_data,Cookie_Jar,m):#NYRA
  source = urllib.request.urlopen('https://www.youtube.com/c/earthTVnetwork/featured').read().decode('utf-8')
  return resolveurl.resolve('https://www.youtube.com//watch?v='+re.findall('channelFeaturedContentRenderer":.*?videoId":"([^"]*)',source)[0])
]]></expres>
<page>https://www.youtube.com/c/earthTVnetwork/featured</page>
</regex>
</item>

<item>
<title>NASA Earth from Space</title>
<thumbnail>https://i.ytimg.com/vi/hSDw-eIVn-4/hqdefault.jpg</thumbnail>
<fanart></fanart>
<link>$doregex[getUrl]</link>
<regex>
<name>getUrl</name>
<expres><![CDATA[#$pyFunction
import re,urllib.request,resolveurl
from urllib.request import urlopen
def GetLSProData(page_data,Cookie_Jar,m):#NYRA
  source = urllib.request.urlopen('https://www.youtube.com/c/SpaceVideosHD/featured').read().decode('utf-8')
  return resolveurl.resolve('https://www.youtube.com//watch?v='+re.findall('channelFeaturedContentRenderer":.*?videoId":"([^"]*)',source)[0])
]]></expres>
<page>https://www.youtube.com/c/SpaceVideosHD/featured</page>
</regex>
</item>

<item>
<title>Tampa Bay Radar</title>
<thumbnail>http://lh3.googleusercontent.com/ctwGrz70shURfyH4wZXf_3cqKDyjUnIHGcfDHuEoz6IPnxi6jClYXbsA1PlGoIVIclk=w300</thumbnail>
<fanart></fanart>
<link>$doregex[getUrl]</link>
<regex>
<name>getUrl</name>
<expres><![CDATA[#$pyFunction
import re,urllib.request,resolveurl
from urllib.request import urlopen
def GetLSProData(page_data,Cookie_Jar,m):#NYRA
  source = urllib.request.urlopen('https://www.youtube.com/channel/UC91-f7w908RyjwNWGQlpsMQ/featured').read().decode('utf-8')
  return resolveurl.resolve('https://www.youtube.com//watch?v='+re.findall('channelFeaturedContentRenderer":.*?videoId":"([^"]*)',source)[0])
]]></expres>
<page>https://www.youtube.com/channel/UC91-f7w908RyjwNWGQlpsMQ/featured</page>
</regex>
</item>

<item>
<title>NJ Weather Channel</title>
<thumbnail>http://userlogos.org/files/logos/bcm2009/weatherchannel.png</thumbnail>
<fanart></fanart>
<link>$doregex[getUrl]</link>
<regex>
<name>getUrl</name>
<expres><![CDATA[#$pyFunction
import re,urllib.request,resolveurl
from urllib.request import urlopen
def GetLSProData(page_data,Cookie_Jar,m):#NYRA
  source = urllib.request.urlopen('https://www.youtube.com/user/cc17926/featured').read().decode('utf-8')
  return resolveurl.resolve('https://www.youtube.com//watch?v='+re.findall('channelFeaturedContentRenderer":.*?videoId":"([^"]*)',source)[0])
]]></expres>
<page>https://www.youtube.com/user/cc17926/featured</page>
</regex>
</item>

<item>
<title>Severe Weather US</title>
<thumbnail>https://yt3.ggpht.com/B_uxbz-wJgFypxsydCGoJMPUSyoNuQofO4Ofb3ER_ub6yYtl-Wx_fWodfCZXGvuu41lIsyA9YjI=s88-c-k-c0x00ffffff-no-rj</thumbnail>
<fanart></fanart>
<link>$doregex[getUrl]</link>
<regex>
<name>getUrl</name>
<expres><![CDATA[#$pyFunction
import re,urllib.request,resolveurl
from urllib.request import urlopen
def GetLSProData(page_data,Cookie_Jar,m):#NYRA
  source = urllib.request.urlopen('https://www.youtube.com/channel/UCCB1w3wAR2WVsP5S1sATOnA/featured').read().decode('utf-8')
  return resolveurl.resolve('https://www.youtube.com//watch?v='+re.findall('channelFeaturedContentRenderer":.*?videoId":"([^"]*)',source)[0])
]]></expres>
<page>https://www.youtube.com/channel/UCCB1w3wAR2WVsP5S1sATOnA/featured</page>
</regex>
</item>

<item>
<title>US Cities local 8's</title>
<thumbnail>http://userlogos.org/files/logos/bcm2009/weatherchannel.png</thumbnail>
<fanart></fanart>
<link>$doregex[getUrl]</link>
<regex>
<name>getUrl</name>
<expres><![CDATA[#$pyFunction
import re,urllib.request,resolveurl
from urllib.request import urlopen
def GetLSProData(page_data,Cookie_Jar,m):#NYRA
  source = urllib.request.urlopen('https://www.youtube.com/channel/UCVnIpb1nmVE-urVRoDE90sQ/featured').read().decode('utf-8')
  return resolveurl.resolve('https://www.youtube.com//watch?v='+re.findall('channelFeaturedContentRenderer":.*?videoId":"([^"]*)',source)[0])
]]></expres>
<page>https://www.youtube.com/channel/UCVnIpb1nmVE-urVRoDE90sQ/featured</page>
</regex>
</item>

<item>
<title>SKY News - 1</title>
<thumbnail>https://static.epg.best/gb/SkyNews.uk.png</thumbnail>
<fanart></fanart>
<link>$doregex[getUrl]</link>
<regex>
<name>getUrl</name>
<expres><![CDATA[#$pyFunction
import re,urllib.request,resolveurl
from urllib.request import urlopen
def GetLSProData(page_data,Cookie_Jar,m):#NYRA
  source = urllib.request.urlopen('https://www.youtube.com/c/SkyNews/featured').read().decode('utf-8')
  return resolveurl.resolve('https://www.youtube.com//watch?v='+re.findall('channelFeaturedContentRenderer":.*?videoId":"([^"]*)',source)[0])
]]></expres>
<page>https://www.youtube.com/c/thenyra/featured</page>
</regex>
</item>

<item>
<title>SKY News - 2</title>
<thumbnail>https://static.epg.best/gb/SkyNews.uk.png</thumbnail>
<fanart></fanart>
<link>$doregex[getUrl]</link>
<regex>
<name>getUrl</name>
<expres><![CDATA[#$pyFunction
def GetLSProData(page_data,Cookie_Jar,m):#NYRA
  import re,urllib.request,resolveurl
  from urllib.request import urlopen
  source = urllib.request.urlopen('https://www.youtube.com/c/SkyNews/featured').read().decode('utf-8')
  url=''
  try:
    url = re.findall('channelFeaturedContentRenderer":.*?videoId":"([^"]*)',source)[0]
  except:
    pass
  if url=='':
    u = 'http://devimages.apple.com/iphone/samples/bipbop/bipbopall.m3u8'
  else:
    u = resolveurl.resolve('https://www.youtube.com//watch?v='+url)
  return u
]]></expres>
<page>https://www.youtube.com/c/SkyNews/featured</page>
</regex>
</item>

<item>
<title>NYRA 1</title>
<thumbnail>http://integratedstaffingcorp.com/wp-content/uploads/2018/01/NYRA-238x300.png</thumbnail>
<fanart>https://github.com/Magic-Dust/MagicDust/raw/master/fanart.jpg</fanart>
<link>$doregex[getUrl]</link>
<regex>
<name>getUrl</name>
<expres><![CDATA[#$pyFunction
def GetLSProData(page_data,Cookie_Jar,m):#NYRA
  import re,urllib.request,resolveurl
  from urllib.request import urlopen
  source = urllib.request.urlopen('https://www.youtube.com/c/thenyra/featured').read().decode('utf-8')
  url=''
  try:
    url = re.findall('channelFeaturedContentRenderer":.*?videoId":"([^"]*)',source)[0]
  except:
    pass
  if url=='':
    u = 'http://devimages.apple.com/iphone/samples/bipbop/bipbopall.m3u8'
  else:
    u = resolveurl.resolve('https://www.youtube.com//watch?v='+url)
  return u
]]></expres>
<page>https://www.youtube.com/c/thenyra/featured</page>
</regex>
</item>

<item>
<title>Gavin</title>
<thumbnail>https://yt3.ggpht.com/wOmSzwKkbrVTcIanCiqxJCG7m7QwvxNxVurDvcCcrIpT5DVn38Jyhyej3nIHIeUYlPLb4fKhsw=s88-c-k-c0x00ffffff-no-rj</thumbnail>
<fanart></fanart>
<link>$doregex[makelist]</link>
<regex>
<name>makelist</name>
<listrepeat><![CDATA[
<title>[COLOR cyan][B][makelist.param3][/B]- [/COLOR] [COLOR green] [makelist.param4][/COLOR]</title>
<link>$doregex[getUrl]</link>
<thumbnail>[makelist.param2]</thumbnail>
]]></listrepeat>
<expres><![CDATA[gridVideoRenderer":{"videoId":"([^"]*).+?url":"([^"]*).+?text":"([^"]*).+?publishedTimeText":{"simpleText":"([^"]*)]]></expres>
<page>https://www.youtube.com/channel/UCSs2SL7LuxUJdFWbR79ynRg/videos</page>
</regex>
<regex>
<name>getUrl</name>
<expres><![CDATA[#$pyFunction
import resolveurl
def GetLSProData(page_data,Cookie_Jar,m):#NYRA
  return resolveurl.resolve('https://www.youtube.com//watch?v='+[makelist.param2])
]]></expres>
<page>https://www.youtube.com/channel/UCSs2SL7LuxUJdFWbR79ynRg/videos</page>
</regex>
</item>

<item>
<title>Gavin2</title>
<thumbnail>https://yt3.ggpht.com/wOmSzwKkbrVTcIanCiqxJCG7m7QwvxNxVurDvcCcrIpT5DVn38Jyhyej3nIHIeUYlPLb4fKhsw=s88-c-k-c0x00ffffff-no-rj</thumbnail>
<fanart></fanart>
<link>$doregex[makelist]</link>
<regex>
<name>makelist</name>
<listrepeat><![CDATA[
<title>[COLOR cyan][B][makelist.param3][/B]- [/COLOR] [COLOR green] [makelist.param4][/COLOR]</title>
<urlsolve>https://www.youtube.com//watch?v=[makelist.param2]</urlsolve>
<thumbnail>[makelist.param2]</thumbnail>
]]></listrepeat>
<expres><![CDATA[gridVideoRenderer":{"videoId":"([^"]*).+?url":"([^"]*).+?text":"([^"]*).+?publishedTimeText":{"simpleText":"([^"]*)]]></expres>
<page>https://www.youtube.com/channel/UCSs2SL7LuxUJdFWbR79ynRg/videos</page>
</regex>
</item>

<item>
<title>Joe Rogan</title>
<thumbnail>https://yt3.ggpht.com/ytc/AKedOLS2KcFQ2ddXLYVpxbXNVqf7nsi0NWg4_R4HqKIl=s88-c-k-c0x00ffffff-no-rj</thumbnail>
<fanart></fanart>
<link>$doregex[makelist]</link>
<regex>
<name>makelist</name>
<listrepeat><![CDATA[
<title>[COLOR cyan][B][makelist.param3][/B]- [/COLOR] [COLOR green] [makelist.param4][/COLOR]</title>
<urlsolve>https://www.youtube.com//watch?v=[makelist.param2]</urlsolve>
<thumbnail>[makelist.param2]</thumbnail>
]]></listrepeat>
<expres><![CDATA[gridVideoRenderer":{"videoId":"([^"]*).+?url":"([^"]*).+?text":"([^"]*).+?publishedTimeText":{"simpleText":"([^"]*)]]></expres>
<page>https://www.youtube.com/c/joerogan/videos</page>
</regex>
</item>

<item>
<title>Cruise 1st UK</title>
<thumbnail>https://upload.wikimedia.org/wikipedia/commons/8/8e/DW_(TV)_Logo_2012.png</thumbnail>
<fanart></fanart>
<link>$doregex[getUrl]</link>
<regex>
<name>getUrl</name>
<expres><![CDATA[#$pyFunction
import re,urllib.request,resolveurl
from urllib.request import urlopen
def GetLSProData(page_data,Cookie_Jar,m):#NYRA
  source = urllib.request.urlopen('https://www.youtube.com/c/TVCruiseChannel/featured').read().decode('utf-8')
  return resolveurl.resolve('https://www.youtube.com//watch?v='+re.findall('channelFeaturedContentRenderer":.*?videoId":"([^"]*)',source)[0])
]]></expres>
<page>https://www.youtube.com/c/TVCruiseChannel/featured</page>
</regex>
</item>

</items>