<keymap>
  <Global>
    <keyboard>
      <rewind>PageUp</rewind>
      <fastforward>PageDown</fastforward>
    </keyboard>
  </Global>
  <visualisation>
    <keyboard>
      <up>volumeup</up>
      <down>volumedown</down>
      <down mod="longpress">Mute</down>
    </keyboard>
  </visualisation>
  <FullscreenVideo>
    <keyboard>
      <up>volumeup</up>
      <down>volumedown</down>
      <down mod="longpress">Mute</down>
      <menu>Back</menu>
      <menu mod="longpress">RunScript(&quot;special://home/addons/plugin.program.magicdust/magic/ChannelPick.py&quot;)</menu>
      <backspace mod="longpress">RunScript(&quot;special://home/addons/plugin.program.magicdust/magic/iptvcat2.py&quot;)</backspace>
      <play_pause mod="longpress">RunAddon(script.module.youtube.dl)</play_pause>
    </keyboard>
  </FullscreenVideo>  
  <videoosd>
    <keyboard>
      <up>Up</up>
      <down>Down</down>
    </keyboard>
  </videoosd>
  <FullscreenLiveTV>
    <keyboard>
      <up>VolumeUp</up>
      <down>VolumeDown</down>
      <down mod="longpress">Mute</down>
      <left>ChannelDown</left>
      <right>ChannelUp</right>
      <rewind>Number0</rewind>
      <fastforward>Number0</fastforward>
      <menu mod="longpress">RunScript(&quot;special://home/addons/plugin.program.magicdust/magic/ChannelPick.py&quot;)</menu>
      <backspace mod="longpress">RunScript(&quot;special://home/addons/plugin.program.magicdust/magic/iptvcat2.py&quot;)</backspace>
      <menu>ActivateWindow(pvrosdchannels)</menu>
      <play_pause>ActivateWindow(pvrchannelguide)</play_pause>
    </keyboard>
  </FullscreenLiveTV>
  <pvrosdchannels>
    <keyboard>
      <menu>ActivateWindow(pvrchannelguide)</menu>
      <menu mod="longpress">RunScript(&quot;special://home/addons/plugin.program.magicdust/magic/ChannelPick.py&quot;)</menu>
      <backspace mod="longpress">RunScript(&quot;special://home/addons/plugin.program.magicdust/magic/iptvcat2.py&quot;)</backspace>
    </keyboard>
  </pvrosdchannels>
  <FullscreenRadio>
    <keyboard>
      <up>VolumeUp</up>
      <down>VolumeDown</down>
      <down mod="longpress">Mute</down>
      <left>ChannelDown</left>
      <right>ChannelUp</right>
      <rewind>Number0</rewind>
      <fastforward>Number0</fastforward>
      <menu>ActivateWindow(pvrosdchannels)</menu>
      <menu mod="longpress">RunAddon(script.module.youtube.dl)</menu>
    </keyboard>
  </FullscreenRadio>
  <TVGuide>
    <keyboard>
      <menu>SendClick(28)</menu>
      <rewind>PageUp</rewind>
      <fastforward>PageDown</fastforward>
      <play_pause>ActivateWindow(tvsearch)</play_pause>
      <menu mod="longpress">RunScript(&quot;special://home/addons/plugin.program.magicdust/magic/ChannelPick.py&quot;)</menu>
      <backspace mod="longpress">RunScript(&quot;special://home/addons/plugin.program.magicdust/magic/iptvcat2.py&quot;)</backspace>
    </keyboard>
  </TVGuide>
  <VideoOSD>
    <keyboard>
      <down mod="longpress">Mute</down>
    </keyboard>
  </VideoOSD>
  <Home>
    <keyboard>
      <backspace>Stop</backspace>
      <backspace mod="longpress">ActivateWindow(favourites)</backspace>
      <menu>ActivateWindow(TVGuide)</menu>
      <menu mod="longpress">ActivateWindow(addonbrowser)</menu>
      <rewind mod="longpress">ActivateWindow(10025,&quot;plugin://plugin.video.madtitansports/search_json/https://magnetic.website/jet/TVGUIDE/TVGUIDE_Sports Networks.json?dialog=false&amp;query=sports%20networks&quot;,return)</rewind>
      <play_pause>Fullscreen</play_pause>
      <play_pause mod="longpress">ActivateWindow(10025,&quot;plugin://plugin.program.autowidget/?group=stream_sites-1688308031.3833795&amp;mode=group&amp;refresh&amp;reload&quot;,return)</play_pause>
      <fastforward mod="longpress">ActivateWindow(10025,&quot;plugin://plugin.video.madtitansports/get_list/https://magnetic.website/MAD_TITAN_SPORTS/SPORTS/search_leagues.json&quot;,return)</fastforward>
    </keyboard>
  </Home>
</keymap>