<item>
<title>ABC</title>
<multilink>
<link>https://d2nt5wxzqbe1ad.cloudfront.net/out/raycom-wwsb1-hls/live.m3u8$$lsname=WWSB ABC7 Sarasota</link>
<link>http://cms-wowza.lunabyte.io/wbrz-live-1/_definst_/smil:wbrz-live.smil/chunklist_b1300000.m3u8$$lsname=WBRZ ABC2 Baton Rouge</link>
<link>https://content.uplynk.com/channel/ff809e6d9ec34109abfb333f0d4444b5.m3u8$$lsname=KERO ABC LA</link>
<link>https://content.uplynk.com/61fb4f9811b64bddaf2cfb0e2e4a32db.m3u8$$lsname=WPDE ABC15 Myrtle</link>
<link>https://svc-lvanvato-cxtv-wftv.cmgvideo.com/wftv/2564k/index.m3u8$$lsname=WFTV ABC9 Orlando</link>
<link>https://cdn008.teleuptv.net/oKMfGHckPJ/playlist.m3u8$$lsname=WNEP ABC16 Scranton</link>
<link>https://content.uplynk.com/2c88dfe19e1447e6a6aa27e8e143a140.m3u8$$lsname=KOMO ABC4 Seattle</link>
<multilink>
</item>

<item>
<title>ABC Addon</title>
<multilink>
<link>plugin://plugin.video.tvone/play/23/play.pvr$$lsname=tvTap</link>
<link>plugin://plugin.video.tvone1/play/channels/902fbdd2b1df0c4f70b4a5d23525e932/play.pvr$$lsname=Mobdro</link>
<link>plugin://plugin.video.tvone11/play/5/136/play.pvr$$lsname=Swift</link>
<link>plugin://plugin.video.tvone1112/play/386/play.pvr$$lsname=LiveNet</link>
<link>plugin://plugin.video.temptv/?action=sports24Play&url=http%3a%2f%2fsports24.club%2ftv%2fv%3fid%3dabc$$$lsname=SP24</link>
<link>plugin://plugin.video.temptv/?action=ustvgoPlay&amp;url=https%3a%2f%2fustvgo.tv%2fplayer.php%3fstream%3dABC$$lsname=USTVGO</link>
<link>plugin://plugin.video.temptv/?action=ustreamixPlay&url=https%3a%2f%2fustreamix.to%2fstream.php%3fid%3dabc-tv%26token%3d$$lsname=USMix</link>
<multilink>
</item>

<item>
<title>ABCDigital</title>
<multilink>
<link>https://abclive1-lh.akamaihd.net/i/abc_live01@423395/master.m3u8$$lsname=Live 1</link>
<link>https://abclive1-lh.akamaihd.net/i/abc_live02@423396/master.m3u8$$lsname=Live 2</link>
<link>https://abclive1-lh.akamaihd.net/i/abc_live03@423397/master.m3u8$$lsname=Live 3</link>
<link>https://abclive1-lh.akamaihd.net/i/abc_live04@423398/master.m3u8$$lsname=Live 4</link>
<link>https://abclive1-lh.akamaihd.net/i/abc_live05@423399/master.m3u8$$lsname=Live 5</link>
<link>https://abclive1-lh.akamaihd.net/i/abc_live06@423400/master.m3u8$$lsname=Live 6</link>
<link>https://abclive1-lh.akamaihd.net/i/abc_live07@423401/master.m3u8$$lsname=Live 7</link>
<link>https://abclive1-lh.akamaihd.net/i/abc_live08@423402/master.m3u8$$lsname=Live 8</link>
<multilink>
</item>

<item>
<title>CBS</title>
<multilink>
<link>http://161.0.157.5/PLTV/88888888/224/3221227041/index.m3u8$$lsname=WFOR CBS4 Miami A</link>
<link>http://161.0.157.8/PLTV/88888888/224/3221227041/index.m3u8$$lsname=WFOR CBS4 Miami B</link>
<link>http://161.0.157.50/PLTV/88888888/224/3221227041/index.m3u8$$lsname=WFOR CBS4 Miami C</link>
<link>http://161.0.157.51/PLTV/88888888/224/3221227041/index.m3u8$$lsname=WFOR CBS4 Miami D</link>
<link>https://content.uplynk.com/channel/bba3e7da884a49bba96341ecf5128f0f.m3u8$$lsname=WRGB CBS6 Albany</link>
<link>https://cdn008.teleuptv.net/XYH8cX6OUm/playlist.m3u8$$lsname=WHPTV CBS21 Harrisburg</link>
<link>https://wusa-lh.akamaihd.net/i/WUSA_Breaking_1@98930/master.m3u8$$lsname=WUSA CBS9 DC</link>
<multilink>
</item>

<item>
<title>NBC</title>
<multilink>
<link>http://161.0.157.5/PLTV/88888888/224/3221227040/index.m3u8$$lsname=WTVJ NBC6 Miami A</link>
<link>http://161.0.157.8/PLTV/88888888/224/3221227040/index.m3u8$$lsname=WTVJ NBC6 Miami B</link>
<link>http://161.0.157.50/PLTV/88888888/224/3221227040/index.m3u8$$lsname=WTVJ NBC6 Miami C</link>
<link>http://161.0.157.51/PLTV/88888888/224/3221227040/index.m3u8$$lsname=WTVJ NBC6 Miami D</link>
<link>https://wtvjlive-f.akamaihd.net/i/wtvja1_1@19309/master.m3u8$$lsname=WTVJ NBC6 Miami E</link>
<link>https://wnbclive-f.akamaihd.net/i/wnbca1_1@13992/master.m3u8$$lsname=WNBC NBC4 NY</link>
<link>http://media-hls-az1.wral.com/livehttporigin/_definst_/mp4:encoder25-high/chunklist.m3u8$$lsname=WRAL NBC5 Raleigh</link>
<link>https://cdn008.teleuptv.net/X2TfmeGBtg/playlist.m3u8$$lsname=WJAC NBC6 Scranton</link>
<multilink>
</item>

<item>
<title>FOX</title>
<multilink>
<link>https://gma2.blab.email/fox.m3u8$$lsname=WTVT FOX13 Tampa Bay</link>
<link>https://cdn008.teleuptv.net/o8XVqW4mQw/playlist.m3u8$$lsname=WWCP FOX8 Johnstown</link>
<link>https://cdn006.teleuptv.net/GgIpXe0CjT/playlist.m3u8$$lsname=WSVN FOX7 Miami</link>
<link>https://cdn008.teleuptv.net/o8XVqW4mQw/playlist.m3u8$$lsname=WPMT FOX43 Harrisburg</link>
<link>https://content.uplynk.com/channel/e56ba52a1b9d45ad8c8a033fd83fe480.m3u8$$lsname=WTGS FOX28 Savannah</link>
<multilink>
</item>

<item>
<title>CW</title>
<multilink>
<link>https://content.uplynk.com/channel/6cbf2d32a5384dc1b787539b1102433c.m3u8$$lsname=KTLA CW LA</link>
<link>https://cdn006.teleuptv.net/rTK2EQCVCX/playlist.m3u8$$lsname=WHPC CW Harrisburg</link>
<link>https://bcsecurelivehls-i.akamaihd.net/hls/live/598046/4744899807001_1/livestream/master.m3u8$$lsname=WHDH CW Boston</link>
<multilink>
</item>

<item>
<title>PBS</title>
<multilink>
<link>https://pbs.lls.cdn.pbs.org/est/index.m3u8$$lsname=Eastern</link>
<link>https://pbs.lls.cdn.pbs.org/pst/index.m3u8$$lsname=Pacific$$lsname=</link>
<link>https://wmhtdt.lls.cdn.pbs.org/wmhtdt/0777611a-56f1-4668-8094-932ae7498998/primary.m3u8$$lsname=Troy NY</link>
<link>https://wuncdt.lls.cdn.pbs.org/wuncdt/fa2384b8-9593-4d58-a129-4deb3a1f764a/primary.m3u8$$lsname=Raleigh NC</link>
<link>https://kocedt.lls.cdn.pbs.org/kocedt/057f6e22-7d9c-4fd6-b968-bc17102698de/primary.m3u8$$lsname=Los Angeles</link>
<link>https://witfdt.lls.cdn.pbs.org/witfdt/6b45b1e5-671e-439a-8673-ad21a5e56f32/primary.m3u8$$lsname=Harrisburg PA</link>
<multilink>
</item>

<item>
<title>Fashion</title>
<multilink>
<link>https://fash1043.cloudycdn.services/slive/_definst_/ftv_ftv_pg13_zw9_27065_ftv_pg13_196_hls.smil/chunklist_b4700000_t64MTA4MHA=.m3u8$$lsname=International</link>
<link>http://fash1043.cloudycdn.services/slive/_definst_/ftv_ftv_pg16_d9y_27042_ftv_pg16_194_hls.smil/chunklist.m3u8$$lsname=L'Original</link>
<link>https://fash1043.cloudycdn.services/slive/_definst_/ftv_ftv_midnite_k1y_27049_midnite_secr_108_hls.smil/playlist.m3u8$$lsname=Midnight Secret</link>
<link>https://fash1043.cloudycdn.services/store/_definst_/tmsp00043/vod/03/12/263249/eem_42685_3J4I_393864.smil/chunklist.m3u8$$lsname=Photoshoot</link>
<link>http://fash1043.cloudycdn.services/slive/_definst_/ftv_paris_adaptive.smil/chunklist.m3u8$$lsname=Paris</link>
<multilink>
</item>

<item>
<title>CBSNEWS</title>
<multilink>
<link>https://cbsn-us-cedexis.cbsnstream.cbsnews.com/out/v1/55a8648e8f134e82a470f83d562deeca/master.m3u8$$lsname=CBSN</link>
<link>https://dai.google.com/linear/hls/event/26FJK7wRSo6RhPsK70XS_w/master.m3u8?iu=/4128/CBS.BOSTON.OTT$$lsname=CBSN Boston</link>
<link>https://cbsn-dal-cedexis.cbsnstream.cbsnews.com/out/v1/ffa98bbf7d2b4c038c229bd4d9122708/master.m3u8$$lsname=KTVT CBS11 Dallas</link>
<link>https://cbsn-ny-cedexis.cbsnstream.cbsnews.com/out/v1/ec3897d58a9b45129a77d67aa247d136/master.m3u8$$lsname=WCBS CBS2 NY</link>
<link>https://dai.google.com/linear/hls/event/Xu-ITJ2GTNGaxGn893mmWg/master.m3u8?iu=/4128/CBS.PHILLY.OTT$$lsname=CBSN Philly</link>
<link>https://dai.google.com/linear/hls/event/TxSbNMu4R5anKrjV02VOBg/master.m3u8?iu=/4128/CBS.LA.OTT$$lsname=CBSN LA</link>
<multilink>
</item>

<item>
<title>RedTraffic</title>
<multilink>
<link>http://live.redtraffic.xyz/blowjob.m3u8$$lsname=blowjob</link>
<link>http://live.redtraffic.xyz/bigass.m3u8$$lsname=bigass</link>
<link>http://live.redtraffic.xyz/hardcore.m3u8$$lsname=hardcore</link>
<link>http://live.redtraffic.xyz/pornstar.m3u8$$lsname=pornstar</link>
<link>http://live.redtraffic.xyz/lesbian.m3u8$$lsname=lesbian</link>
<link>http://live.redtraffic.xyz/bigtits.m3u8$$lsname=bigtits</link>
<link>http://live.redtraffic.xyz/fetish.m3u8$$lsname=fetish</link>
<link>http://live.redtraffic.xyz/milf.m3u8$$lsname=milf</link>
<link>http://live.redtraffic.xyz/russian.m3u8$$lsname=russian</link>
<link>http://live.redtraffic.xyz/teen.m3u8$$lsname=teen</link>
<multilink>
</item>