<item>
<title>NCAAB Basketball</title>
<thumbnail>https://www.ncaa.com/modules/custom/casablanca_core/img/sportbanners/basketball-men.png</thumbnail>
<fanart>https://github.com/Magic-Dust/MagicDust/raw/master/fanart.jpg</fanart>
<link>$doregex[makelist]</link>
<regex>
<name>makelist</name>
<listrepeat><![CDATA[
<title>([makelist.param3]) [makelist.param2]</title>
<fanart>https://github.com/Magic-Dust/MagicDust/raw/master/fanart.jpg</fanart>
<thumbnail>http://crackstreams.is/icons/ncaab2.png</thumbnail>
<link>$doregex[getUrl]|user-agent=ipad&amp;origin=http://crackstreams.is&amp;referer=http://crackstreams.is/ncaabstreams/</link>
]]></listrepeat>
<expres><![CDATA[a href='([^']+)[\w\W]*?g'>\s*([^<]+).*\n.*?-\s([^<]+)]]></expres>
<page>http://crackstreams.is/ncaabstreams/</page>
</regex>
<regex>
<name>getUrl</name>
<expres>$pyFunction:'$doregex[stream]' if not '$doregex[stream]'=='' else '$doregex[m3u8]'</expres>
<page></page>
</regex>
<regex>
<name>stream</name>
<expres>$pyFunction:base64.b64decode("$doregex[decoded]")</expres>
<page></page>
</regex>
<regex>
<name>decoded</name>
<expres><![CDATA[window.atob.[\'"]([^\'"]+)]]></expres>
<page>[makelist.param1]video.php</page>
<referer>[makelist.param1]</referer>
</regex>
<regex>
<name>m3u8</name>
<expres><![CDATA[id="play[\w\W]+?(?:source|src|file):\s*[\'"](htt[^\'"]+)]]></expres>
<page>[makelist.param1]video.php</page>
<referer>[makelist.param1]</referer>
</regex>
</item>

<item>
<title>NBA</title>
<thumbnail>http://crackstreams.is/icons/nba.png</thumbnail>
<fanart>https://github.com/Magic-Dust/MagicDust/raw/master/fanart.jpg</fanart>
<link>$doregex[makelist]</link>
<regex>
<name>makelist</name>
<listrepeat><![CDATA[
<title>([makelist.param3]) [makelist.param2]</title>
<fanart>https://github.com/Magic-Dust/MagicDust/raw/master/fanart.jpg</fanart>
<thumbnail>http://crackstreams.is/icons/nba.png</thumbnail>
<link>$doregex[getUrl]|user-agent=ipad&amp;origin=http://crackstreams.is&amp;referer=http://crackstreams.is/nba-streams/</link>
]]></listrepeat>
<expres><![CDATA[a href='([^']+)[\w\W]*?g'>\s*([^<]+).*\n.*?-\s([^<]+)]]></expres>
<page>http://crackstreams.is/nba-streams/</page>
</regex>
<regex>
<name>getUrl</name>
<expres>$pyFunction:'$doregex[stream]' if not '$doregex[stream]'=='' else '$doregex[m3u8]'</expres>
<page></page>
</regex>
<regex>
<name>stream</name>
<expres>$pyFunction:base64.b64decode("$doregex[decoded]")</expres>
<page></page>
</regex>
<regex>
<name>decoded</name>
<expres><![CDATA[window.atob.[\'"]([^\'"]+)]]></expres>
<page>[makelist.param1]video.php</page>
<referer>[makelist.param1]</referer>
</regex>
<regex>
<name>m3u8</name>
<expres><![CDATA[id="play[\w\W]+?(?:source|src|file):\s*[\'"](htt[^\'"]+)]]></expres>
<page>[makelist.param1]video.php</page>
<referer>[makelist.param1]</referer>
</regex>
</item>

<item>
<title>NFL</title>
<thumbnail>http://crackstreams.is/icons/nfl.png</thumbnail>
<fanart>https://github.com/Magic-Dust/MagicDust/raw/master/fanart.jpg</fanart>
<link>$doregex[makelist]</link>
<regex>
<name>makelist</name>
<listrepeat><![CDATA[
<title>([makelist.param3]) [makelist.param2]</title>
<fanart>https://github.com/Magic-Dust/MagicDust/raw/master/fanart.jpg</fanart>
<thumbnail>http://crackstreams.is/icons/nfl.png</thumbnail>
<link>$doregex[getUrl]|user-agent=ipad&amp;origin=http://crackstreams.is&amp;referer=http://crackstreams.is/nfl-streams/</link>
]]></listrepeat>
<expres><![CDATA[a href='([^']+)[\w\W]*?g'>\s*([^<]+).*\n.*?-\s([^<]+)]]></expres>
<page>http://crackstreams.is/nflstreams/</page>
</regex>
<regex>
<name>getUrl</name>
<expres>$pyFunction:'$doregex[stream]' if not '$doregex[stream]'=='' else '$doregex[m3u8]'</expres>
<page></page>
</regex>
<regex>
<name>stream</name>
<expres>$pyFunction:base64.b64decode("$doregex[decoded]")</expres>
<page></page>
</regex>
<regex>
<name>decoded</name>
<expres><![CDATA[window.atob.[\'"]([^\'"]+)]]></expres>
<page>[makelist.param1]video.php</page>
<referer>[makelist.param1]</referer>
</regex>
<regex>
<name>m3u8</name>
<expres><![CDATA[id="play[\w\W]+?(?:source|src|file):\s*[\'"](htt[^\'"]+)]]></expres>
<page>[makelist.param1]video.php</page>
<referer>[makelist.param1]</referer>
</regex>
</item>

<item>
<title>MMA</title>
<thumbnail>http://crackstreams.is/icons/mmax.png</thumbnail>
<fanart>https://github.com/Magic-Dust/MagicDust/raw/master/fanart.jpg</fanart>
<link>$doregex[makelist]</link>
<regex>
<name>makelist</name>
<listrepeat><![CDATA[
<title>([makelist.param3]) [makelist.param2]</title>
<fanart>https://github.com/Magic-Dust/MagicDust/raw/master/fanart.jpg</fanart>
<thumbnail>http://crackstreams.is/icons/mmax.png</thumbnail>
<link>$doregex[getUrl]|user-agent=ipad&amp;origin=http://crackstreams.is&amp;referer=http://crackstreams.is/mmastreams/</link>
]]></listrepeat>
<expres><![CDATA[a href='([^']+)[\w\W]*?g'>\s*([^<]+).*\n.*?-\s([^<]+)]]></expres>
<page>http://crackstreams.is/mmastreams/</page>
</regex>
<regex>
<name>getUrl</name>
<expres>$pyFunction:'$doregex[stream]' if not '$doregex[stream]'=='' else '$doregex[m3u8]'</expres>
<page></page>
</regex>
<regex>
<name>stream</name>
<expres>$pyFunction:base64.b64decode("$doregex[decoded]")</expres>
<page></page>
</regex>
<regex>
<name>decoded</name>
<expres><![CDATA[window.atob.[\'"]([^\'"]+)]]></expres>
<page>[makelist.param1]video.php</page>
<referer>[makelist.param1]</referer>
</regex>
<regex>
<name>m3u8</name>
<expres><![CDATA[id="play[\w\W]+?(?:source|src|file):\s*[\'"](htt[^\'"]+)]]></expres>
<page>[makelist.param1]video.php</page>
<referer>[makelist.param1]</referer>
</regex>
</item>

<item>
<title>Boxing</title>
<thumbnail>http://crackstreams.is/icons/boxing.png</thumbnail>
<fanart>https://github.com/Magic-Dust/MagicDust/raw/master/fanart.jpg</fanart>
<link>$doregex[makelist]</link>
<regex>
<name>makelist</name>
<listrepeat><![CDATA[
<title>([makelist.param3]) [makelist.param2]</title>
<fanart>https://github.com/Magic-Dust/MagicDust/raw/master/fanart.jpg</fanart>
<thumbnail>http://crackstreams.is/icons/boxing.png</thumbnail>
<link>$doregex[getUrl]|user-agent=ipad&amp;origin=http://crackstreams.is&amp;referer=http://crackstreams.is/boxingstreams/</link>
]]></listrepeat>
<expres><![CDATA[a href='([^']+)[\w\W]*?g'>\s*([^<]+).*\n.*?-\s([^<]+)]]></expres>
<page>http://crackstreams.is/boxingstreams/</page>
</regex>
<regex>
<name>getUrl</name>
<expres>$pyFunction:'$doregex[stream]' if not '$doregex[stream]'=='' else '$doregex[m3u8]'</expres>
<page></page>
</regex>
<regex>
<name>stream</name>
<expres>$pyFunction:base64.b64decode("$doregex[decoded]")</expres>
<page></page>
</regex>
<regex>
<name>decoded</name>
<expres><![CDATA[window.atob.[\'"]([^\'"]+)]]></expres>
<page>[makelist.param1]video.php</page>
<referer>[makelist.param1]</referer>
</regex>
<regex>
<name>m3u8</name>
<expres><![CDATA[id="play[\w\W]+?(?:source|src|file):\s*[\'"](htt[^\'"]+)]]></expres>
<page>[makelist.param1]video.php</page>
<referer>[makelist.param1]</referer>
</regex>
</item>

<item>
<title>NHL</title>
<thumbnail>https://upload.wikimedia.org/wikipedia/en/thumb/e/e4/NHL_Logo_former.svg/1200px-NHL_Logo_former.svg.png</thumbnail>
<fanart>https://github.com/Magic-Dust/MagicDust/raw/master/fanart.jpg</fanart>
<link>$doregex[makelist]</link>
<regex>
<name>makelist</name>
<listrepeat><![CDATA[
<title>([makelist.param3]) [makelist.param2]</title>
<fanart>https://github.com/Magic-Dust/MagicDust/raw/master/fanart.jpg</fanart>
<thumbnail>https://crackstream.io/images/nhl.svg</thumbnail>
<link>$doregex[getUrl]|user-agent=ipad&amp;origin=http://crackstreams.io&amp;referer=http://crackstreams.io/nhlstreams/</link>
]]></listrepeat>
<expres><![CDATA[a href='([^']+)[\w\W]*?g'>\s*([^<]+).*\n.*?-\s([^<]+)]]></expres>
<page>https://crackstreams.io/nhlstreams</page>
</regex>
<regex>
<name>getUrl</name>
<expres>$pyFunction:'$doregex[stream]' if not '$doregex[stream]'=='' else '$doregex[m3u8]'</expres>
<page></page>
</regex>
<regex>
<name>stream</name>
<expres>$pyFunction:base64.b64decode("$doregex[decoded]")</expres>
<page></page>
</regex>
<regex>
<name>decoded</name>
<expres><![CDATA[window.atob.[\'"]([^\'"]+)]]></expres>
<page>[makelist.param1]video.php</page>
<referer>[makelist.param1]</referer>
</regex>
<regex>
<name>m3u8</name>
<expres><![CDATA[id="play[\w\W]+?(?:source|src|file):\s*[\'"](htt[^\'"]+)]]></expres>
<page>[makelist.param1]video.php</page>
<referer>[makelist.param1]</referer>
</regex>
</item>

<item>
<title>MLB</title>
<thumbnail>https://upload.wikimedia.org/wikipedia/en/thumb/a/ac/MLBNetworkLogo.svg/1200px-MLBNetworkLogo.svg.png</thumbnail>
<fanart>https://github.com/Magic-Dust/MagicDust/raw/master/fanart.jpg</fanart>
<link>$doregex[makelist]</link>
<regex>
<name>makelist</name>
<listrepeat><![CDATA[
<title>([makelist.param3]) [makelist.param2]</title>
<fanart>https://github.com/Magic-Dust/MagicDust/raw/master/fanart.jpg</fanart>
<thumbnail>https://crackstream.io/images/mlb.svg</thumbnail>
<link>$doregex[getUrl]|user-agent=ipad&amp;origin=http://crackstreams.is&amp;referer=http://crackstreams.is/mlbstreams/</link>
]]></listrepeat>
<expres><![CDATA[a href='([^']+)[\w\W]*?g'>\s*([^<]+).*\n.*?-\s([^<]+)]]></expres>
<page>https://crackstreams.io/mlbstreams</page>
</regex>
<regex>
<name>getUrl</name>
<expres>$pyFunction:'$doregex[stream]' if not '$doregex[stream]'=='' else '$doregex[m3u8]'</expres>
<page></page>
</regex>
<regex>
<name>stream</name>
<expres>$pyFunction:base64.b64decode("$doregex[decoded]")</expres>
<page></page>
</regex>
<regex>
<name>decoded</name>
<expres><![CDATA[window.atob.[\'"]([^\'"]+)]]></expres>
<page>[makelist.param1]video.php</page>
<referer>[makelist.param1]</referer>
</regex>
<regex>
<name>m3u8</name>
<expres><![CDATA[id="play[\w\W]+?(?:source|src|file):\s*[\'"](htt[^\'"]+)]]></expres>
<page>[makelist.param1]video.php</page>
<referer>[makelist.param1]</referer>
</regex>
</item>

<item>
<title>College Football</title>
<thumbnail>https://s22908.pcdn.co/stream-sports/wp-content/uploads/sites/3/2016/08/ncaa-football-280x280.png</thumbnail>
<fanart>https://github.com/Magic-Dust/MagicDust/raw/master/fanart.jpg</fanart>
<link>$doregex[makelist]</link>
<regex>
<name>makelist</name>
<listrepeat><![CDATA[
<title>([makelist.param3]) [makelist.param2]</title>
<fanart>https://github.com/Magic-Dust/MagicDust/raw/master/fanart.jpg</fanart>
<thumbnail>https://s22908.pcdn.co/stream-sports/wp-content/uploads/sites/3/2016/08/ncaa-football-280x280.png</thumbnail>
<link>$doregex[getUrl]|user-agent=ipad&amp;origin=http://crackstreams.is&amp;referer=http://crackstreams.is/cfbstreams/</link>
]]></listrepeat>
<expres><![CDATA[a href='([^']+)[\w\W]*?g'>\s*([^<]+).*\n.*?-\s([^<]+)]]></expres>
<page>http://crackstreams.is/cfbstreams/</page>
</regex>
<regex>
<name>getUrl</name>
<expres>$pyFunction:'$doregex[stream]' if not '$doregex[stream]'=='' else '$doregex[m3u8]'</expres>
<page></page>
</regex>
<regex>
<name>stream</name>
<expres>$pyFunction:base64.b64decode("$doregex[decoded]")</expres>
<page></page>
</regex>
<regex>
<name>decoded</name>
<expres><![CDATA[window.atob.[\'"]([^\'"]+)]]></expres>
<page>[makelist.param1]video.php</page>
<referer>[makelist.param1]</referer>
</regex>
<regex>
<name>m3u8</name>
<expres><![CDATA[id="play[\w\W]+?(?:source|src|file):\s*[\'"](htt[^\'"]+)]]></expres>
<page>[makelist.param1]video.php</page>
<referer>[makelist.param1]</referer>
</regex>
</item>