<item>
<title>NCAAB Basketball</title>
<thumbnail>https://www.ncaa.com/modules/custom/casablanca_core/img/sportbanners/basketball-men.png</thumbnail>
<fanart>https://github.com/Magic-Dust/MagicDust/raw/master/fanart.jpg</fanart>
<link>$doregex[makelist]</link>
<regex>
<name>makelist</name>
<listrepeat><![CDATA[
<title>([makelist.param3]) [makelist.param2]</title>
<fanart>https://github.com/Magic-Dust/MagicDust/raw/master/fanart.jpg</fanart>
<thumbnail>http://crackstreams.is/icons/ncaab2.png</thumbnail>
<link>$doregex[m5]</link>   
]]></listrepeat>
<expres>a href='([^']+)[\w\W]*?g'>\s*([^<]+).*\n.*?-\s([^<]+)</expres>
<page>http://crackstreams.is/ncaabstreams/</page>
</regex>
<regex>
<name>m5</name>
<expres><![CDATA[#$pyFunction
import re,requests
def GetLSProData(page_data,Cookie_Jar,m):#streamwatcher2013
  source=requests.get('[makelist.param1]video.php',headers={'user-agent':'Mozilla/5.0','referer':'http://crackstreams.is/mmastreams/watch-ufc-rozenstruik-vs-gane/','accept':'*/*'}).content
  if 'window.atob' in source:
    return re.findall('window.atob.[\'"]([^\'"]+)',source)[0].decode('base64')+'|user-agent=ipad&origin=http://crackstreams.is&referer=http://crackstreams.is/mmastreams/watch-ufc-rozenstruik-vs-gane/video.php'
  else:
    return re.findall('id="play[\w\W]+?(?:source|src|file):\s*[\'"](htt[^\'"]+)',source)[0]+'|user-agent=ipad&origin=http://crackstreams.is&referer=http://crackstreams.is/mmastreams/watch-ufc-rozenstruik-vs-gane/video.php'
]]></expres>
<page></page>
</regex>
</item>

<item>
<title>NBA</title>
<thumbnail>http://crackstreams.is/icons/nba.png</thumbnail>
<fanart>https://github.com/Magic-Dust/MagicDust/raw/master/fanart.jpg</fanart>
<link>$doregex[makelist]</link>
<regex>
<name>makelist</name>
<listrepeat><![CDATA[
<title>([makelist.param3]) [makelist.param2]</title>
<fanart>https://github.com/Magic-Dust/MagicDust/raw/master/fanart.jpg</fanart>
<thumbnail>http://crackstreams.is/icons/nba.png</thumbnail>
<link>$doregex[m5]</link>   
]]></listrepeat>
<expres>a href='([^']+)[\w\W]*?g'>\s*([^<]+).*\n.*?-\s([^<]+)</expres>
<page>http://crackstreams.is/nba-streams/</page>
</regex>
<regex>
<name>m5</name>
<expres><![CDATA[#$pyFunction
import re,requests
def GetLSProData(page_data,Cookie_Jar,m):#streamwatcher2013
  source=requests.get('[makelist.param1]video.php',headers={'user-agent':'Mozilla/5.0','referer':'http://crackstreams.is/mmastreams/watch-ufc-rozenstruik-vs-gane/','accept':'*/*'}).content
  if 'window.atob' in source:
    return re.findall('window.atob.[\'"]([^\'"]+)',source)[0].decode('base64')+'|user-agent=ipad&origin=http://crackstreams.is&referer=http://crackstreams.is/mmastreams/watch-ufc-rozenstruik-vs-gane/video.php'
  else:
    return re.findall('id="play[\w\W]+?(?:source|src|file):\s*[\'"](htt[^\'"]+)',source)[0]+'|user-agent=ipad&origin=http://crackstreams.is&referer=http://crackstreams.is/mmastreams/watch-ufc-rozenstruik-vs-gane/video.php'
]]></expres>
<page></page>
</regex>
</item>

<item>
<title>NFL</title>
<thumbnail>http://crackstreams.is/icons/nfl.png</thumbnail>
<fanart>https://github.com/Magic-Dust/MagicDust/raw/master/fanart.jpg</fanart>
<link>$doregex[makelist]</link>
<regex>
<name>makelist</name>
<listrepeat><![CDATA[
<title>([makelist.param3]) [makelist.param2]</title>
<fanart>https://github.com/Magic-Dust/MagicDust/raw/master/fanart.jpg</fanart>
<thumbnail>http://crackstreams.is/icons/nfl.png</thumbnail>
<link>$doregex[m5]</link>   
]]></listrepeat>
<expres>a href='([^']+)[\w\W]*?g'>\s*([^<]+).*\n.*?-\s([^<]+)</expres>
<page>http://crackstreams.is/nflstreams/</page>
</regex>
<regex>
<name>m5</name>
<expres><![CDATA[#$pyFunction
import re,requests
def GetLSProData(page_data,Cookie_Jar,m):#streamwatcher2013
  source=requests.get('[makelist.param1]video.php',headers={'user-agent':'Mozilla/5.0','referer':'http://crackstreams.is/mmastreams/watch-ufc-rozenstruik-vs-gane/','accept':'*/*'}).content
  if 'window.atob' in source:
    return re.findall('window.atob.[\'"]([^\'"]+)',source)[0].decode('base64')+'|user-agent=ipad&origin=http://crackstreams.is&referer=http://crackstreams.is/mmastreams/watch-ufc-rozenstruik-vs-gane/video.php'
  else:
    return re.findall('id="play[\w\W]+?(?:source|src|file):\s*[\'"](htt[^\'"]+)',source)[0]+'|user-agent=ipad&origin=http://crackstreams.is&referer=http://crackstreams.is/mmastreams/watch-ufc-rozenstruik-vs-gane/video.php'
]]></expres>
<page></page>
</regex>
</item>

<item>
<title>MMA</title>
<thumbnail>http://crackstreams.is/icons/mmax.png</thumbnail>
<fanart>https://github.com/Magic-Dust/MagicDust/raw/master/fanart.jpg</fanart>
<link>$doregex[makelist]</link>
<regex>
<name>makelist</name>
<listrepeat><![CDATA[
<title>([makelist.param3]) [makelist.param2]</title>
<fanart>https://github.com/Magic-Dust/MagicDust/raw/master/fanart.jpg</fanart>
<thumbnail>http://crackstreams.is/icons/mmax.png</thumbnail>
<link>$doregex[m5]</link>   
]]></listrepeat>
<expres>a href='([^']+)[\w\W]*?g'>\s*([^<]+).*\n.*?-\s([^<]+)</expres>
<page>http://crackstreams.is/mmastreams/</page>
</regex>
<regex>
<name>m5</name>
<expres><![CDATA[#$pyFunction
import re,requests
def GetLSProData(page_data,Cookie_Jar,m):#streamwatcher2013
  source=requests.get('[makelist.param1]video.php',headers={'user-agent':'Mozilla/5.0','referer':'http://crackstreams.is/mmastreams/watch-ufc-rozenstruik-vs-gane/','accept':'*/*'}).content
  if 'window.atob' in source:
    return re.findall('window.atob.[\'"]([^\'"]+)',source)[0].decode('base64')+'|user-agent=ipad&origin=http://crackstreams.is&referer=http://crackstreams.is/mmastreams/watch-ufc-rozenstruik-vs-gane/video.php'
  else:
    return re.findall('id="play[\w\W]+?(?:source|src|file):\s*[\'"](htt[^\'"]+)',source)[0]+'|user-agent=ipad&origin=http://crackstreams.is&referer=http://crackstreams.is/mmastreams/watch-ufc-rozenstruik-vs-gane/video.php'
]]></expres>
<page></page>
</regex>
</item>

<item>
<title>Boxing</title>
<thumbnail>http://crackstreams.is/icons/boxing.png</thumbnail>
<fanart>https://github.com/Magic-Dust/MagicDust/raw/master/fanart.jpg</fanart>
<link>$doregex[makelist]</link>
<regex>
<name>makelist</name>
<listrepeat><![CDATA[
<title>([makelist.param3]) [makelist.param2]</title>
<fanart>https://github.com/Magic-Dust/MagicDust/raw/master/fanart.jpg</fanart>
<thumbnail>http://crackstreams.is/icons/boxing.png</thumbnail>
<link>$doregex[m5]</link>   
]]></listrepeat>
<expres>a href='([^']+)[\w\W]*?g'>\s*([^<]+).*\n.*?-\s([^<]+)</expres>
<page>http://crackstreams.is/boxingstreams/</page>
</regex>
<regex>
<name>m5</name>
<expres><![CDATA[#$pyFunction
import re,requests
def GetLSProData(page_data,Cookie_Jar,m):#streamwatcher2013
  source=requests.get('[makelist.param1]video.php',headers={'user-agent':'Mozilla/5.0','referer':'http://crackstreams.is/mmastreams/watch-ufc-rozenstruik-vs-gane/','accept':'*/*'}).content
  if 'window.atob' in source:
    return re.findall('window.atob.[\'"]([^\'"]+)',source)[0].decode('base64')+'|user-agent=ipad&origin=http://crackstreams.is&referer=http://crackstreams.is/mmastreams/watch-ufc-rozenstruik-vs-gane/video.php'
  else:
    return re.findall('id="play[\w\W]+?(?:source|src|file):\s*[\'"](htt[^\'"]+)',source)[0]+'|user-agent=ipad&origin=http://crackstreams.is&referer=http://crackstreams.is/mmastreams/watch-ufc-rozenstruik-vs-gane/video.php'
]]></expres>
<page></page>
</regex>
</item>

<item>
<title>NHL</title>
<thumbnail>https://upload.wikimedia.org/wikipedia/en/thumb/e/e4/NHL_Logo_former.svg/1200px-NHL_Logo_former.svg.png</thumbnail>
<fanart>https://github.com/Magic-Dust/MagicDust/raw/master/fanart.jpg</fanart>
<link>$doregex[makelist]</link>
<regex>
<name>makelist</name>
<listrepeat><![CDATA[
<title>([makelist.param3]) [makelist.param2]</title>
<fanart>https://github.com/Magic-Dust/MagicDust/raw/master/fanart.jpg</fanart>
<thumbnail>https://crackstream.io/images/nhl.svg</thumbnail>
<link>$doregex[m5]</link>   
]]></listrepeat>
<expres>a href='([^']+)[\w\W]*?g'>\s*([^<]+).+?- ([^<]*)</expres>
<page>https://crackstreams.io/nhlstreams</page>
</regex>
<regex>
<name>m5</name>
<expres><![CDATA[#$pyFunction
import re,requests
def GetLSProData(page_data,Cookie_Jar,m):#streamwatcher2013
  source=requests.get('[makelist.param1]video.php',headers={'user-agent':'Mozilla/5.0','referer':'https://crackstreams.io/mmastreams/watch-ufc-rozenstruik-vs-gane/','accept':'*/*'}).content
  if 'window.atob' in source:
    return re.findall('window.atob.[\'"]([^\'"]+)',source)[0].decode('base64')+'|user-agent=ipad&origin=https://crackstreams.io&referer=http://crackstreams.is/mmastreams/watch-ufc-rozenstruik-vs-gane/video.php'
  else:
    return re.findall('id="play[\w\W]+?(?:source|src|file):\s*[\'"](htt[^\'"]+)',source)[0]+'|user-agent=ipad&origin=https://crackstreams.io&referer=https://crackstreams.io/mmastreams/watch-ufc-rozenstruik-vs-gane/video.php'
]]></expres>
<page></page>
</regex>
</item>

<item>
<title>MLB</title>
<thumbnail>https://upload.wikimedia.org/wikipedia/en/thumb/a/ac/MLBNetworkLogo.svg/1200px-MLBNetworkLogo.svg.png</thumbnail>
<fanart>https://github.com/Magic-Dust/MagicDust/raw/master/fanart.jpg</fanart>
<link>$doregex[makelist]</link>
<regex>
<name>makelist</name>
<listrepeat><![CDATA[
<title>([makelist.param3]) [makelist.param2]</title>
<fanart>https://github.com/Magic-Dust/MagicDust/raw/master/fanart.jpg</fanart>
<thumbnail>https://crackstream.io/images/mlb.svg</thumbnail>
<link>$doregex[m5]</link>   
]]></listrepeat>
<expres>a href='([^']+).+?heading'>([^<]*).+?- ([^<]*)</expres>
<page>https://crackstreams.io/mlbstreams</page>
</regex>
<regex>
<name>m5</name>
<expres><![CDATA[#$pyFunction
import re,requests
def GetLSProData(page_data,Cookie_Jar,m):#streamwatcher2013
  source=requests.get('[makelist.param1]video.php',headers={'user-agent':'Mozilla/5.0','referer':'http://buffstream.io/mma-streams/stipe-miocic-live-stream','accept':'*/*'}).content
  if 'window.atob' in source:
    return re.findall('window.atob.[\'"]([^\'"]+)',source)[0].decode('base64')+'|user-agent=ipad&origin=https://crackstreams.io&referer=http://crackstreams.is/mmastreams/watch-ufc-rozenstruik-vs-gane/video.php'
  else:
    return re.findall('id="play[\w\W]+?(?:source|src|file):\s*[\'"](htt[^\'"]+)',source)[0]+'|user-agent=ipad&origin=https://crackstreams.io&referer=https://crackstreams.io/mmastreams/watch-ufc-rozenstruik-vs-gane/video.php'
]]></expres>
<page></page>
</regex>
</item>

<item>
<title>College Football</title>
<thumbnail>https://s22908.pcdn.co/stream-sports/wp-content/uploads/sites/3/2016/08/ncaa-football-280x280.png</thumbnail>
<fanart>https://github.com/Magic-Dust/MagicDust/raw/master/fanart.jpg</fanart>
<link>$doregex[makelist]</link>
<regex>
<name>makelist</name>
<listrepeat><![CDATA[
<title>([makelist.param3]) [makelist.param2]</title>
<fanart>https://github.com/Magic-Dust/MagicDust/raw/master/fanart.jpg</fanart>
<thumbnail>https://s22908.pcdn.co/stream-sports/wp-content/uploads/sites/3/2016/08/ncaa-football-280x280.png</thumbnail>
<link>$doregex[m5]</link>   
]]></listrepeat>
<expres>a href='([^']+)[\w\W]*?g'>\s*([^<]+).*\n.*?-\s([^<]+)</expres>
<page>http://crackstreams.is/cfbstreams/</page>
</regex>
<regex>
<name>m5</name>
<expres><![CDATA[#$pyFunction
import re,requests
def GetLSProData(page_data,Cookie_Jar,m):#streamwatcher2013
  source=requests.get('[makelist.param1]video.php',headers={'user-agent':'Mozilla/5.0','referer':'http://crackstreams.is/mmastreams/watch-ufc-rozenstruik-vs-gane/','accept':'*/*'}).content
  if 'window.atob' in source:
    return re.findall('window.atob.[\'"]([^\'"]+)',source)[0].decode('base64')+'|user-agent=ipad&origin=http://crackstreams.is&referer=http://crackstreams.is/mmastreams/watch-ufc-rozenstruik-vs-gane/video.php'
  else:
    return re.findall('id="play[\w\W]+?(?:source|src|file):\s*[\'"](htt[^\'"]+)',source)[0]+'|user-agent=ipad&origin=http://crackstreams.is&referer=http://crackstreams.is/mmastreams/watch-ufc-rozenstruik-vs-gane/video.php'
]]></expres>
<page></page>
</regex>
</item>
