﻿<item>
<title>Alibi</title>
<link>https://waw.easyview.eu/hls/alibi.m3u8|Referer=https://easyview.eu/watch.php?stream=alibi&amp;User-Agent=Mozilla/5.0 (Windows NT 10.0) AppleWebKit/537.36 (KHTML, like Gecko) Chrome/64.0.3282.140 Safari/537.36 Edge/18.17763</link>
</item>

<item>
<title>BBC 1</title>
<link>https://waw.easyview.eu/hls/bbc-1.m3u8|Referer=https://easyview.eu/watch.php?stream=bbc-1&amp;User-Agent=Mozilla/5.0 (Windows NT 10.0) AppleWebKit/537.36 (KHTML, like Gecko) Chrome/64.0.3282.140 Safari/537.36 Edge/18.17763</link>
</item>

<item>
<title>BBC 2</title>
<link>https://waw.easyview.eu/hls/bbc-two.m3u8|Referer=https://easyview.eu/watch.php?stream=bbc-two&amp;User-Agent=Mozilla/5.0 (Windows NT 10.0) AppleWebKit/537.36 (KHTML, like Gecko) Chrome/64.0.3282.140 Safari/537.36 Edge/18.17763</link>
</item>

<item>
<title>BBC 4</title>
<link>https://waw.easyview.eu/hls/bbc-four.m3u8|Referer=https://easyview.eu/watch.php?stream=bbc-four&amp;User-Agent=Mozilla/5.0 (Windows NT 10.0) AppleWebKit/537.36 (KHTML, like Gecko) Chrome/64.0.3282.140 Safari/537.36 Edge/18.17763</link>
</item>

<item>
<title>BBC Alba</title>
<link>https://waw.easyview.eu/hls/bbc-alba.m3u8|Referer=https://easyview.eu/watch.php?stream=bbc-alba&amp;User-Agent=Mozilla/5.0 (Windows NT 10.0) AppleWebKit/537.36 (KHTML, like Gecko) Chrome/64.0.3282.140 Safari/537.36 Edge/18.17763</link>
</item>

<item>
<title>BBC News</title>
<link>https://waw.easyview.eu/hls/nbcb.m3u8|Referer=https://easyview.eu/watch.php?stream=nbcb&amp;User-Agent=Mozilla/5.0 (Windows NT 10.0) AppleWebKit/537.36 (KHTML, like Gecko) Chrome/64.0.3282.140 Safari/537.36 Edge/18.17763</link>
</item>

<item>
<title>BBC Northern Ireland</title>
<link>https://waw.easyview.eu/hls/bbc-one-northern-ireland.m3u8|Referer=https://easyview.eu/watch.php?stream=bbc-one-northern-ireland&amp;User-Agent=Mozilla/5.0 (Windows NT 10.0) AppleWebKit/537.36 (KHTML, like Gecko) Chrome/64.0.3282.140 Safari/537.36 Edge/18.17763</link>
</item>

<item>
<title>BBC Parliament</title>
<link>https://waw.easyview.eu/hls/bbc-parliament.m3u8|Referer=https://easyview.eu/watch.php?stream=bbc-parliament&amp;User-Agent=Mozilla/5.0 (Windows NT 10.0) AppleWebKit/537.36 (KHTML, like Gecko) Chrome/64.0.3282.140 Safari/537.36 Edge/18.17763</link>
</item>

<item>
<title>BBC Scotland</title>
<link>https://waw.easyview.eu/hls/bbc-one-scotland.m3u8|Referer=https://easyview.eu/watch.php?stream=bbc-one-scotland&amp;User-Agent=Mozilla/5.0 (Windows NT 10.0) AppleWebKit/537.36 (KHTML, like Gecko) Chrome/64.0.3282.140 Safari/537.36 Edge/18.17763</link>
</item>

<item>
<title>BBC Wales</title>
<link>https://waw.easyview.eu/hls/bbc-one-wales.m3u8|Referer=https://easyview.eu/watch.php?stream=bbc-one-wales&amp;User-Agent=Mozilla/5.0 (Windows NT 10.0) AppleWebKit/537.36 (KHTML, like Gecko) Chrome/64.0.3282.140 Safari/537.36 Edge/18.17763</link>
</item>

<item>
<title>CBBC</title>
<link>https://waw.easyview.eu/hls/cbbc.m3u8|Referer=https://easyview.eu/watch.php?stream=cbbc&amp;User-Agent=Mozilla/5.0 (Windows NT 10.0) AppleWebKit/537.36 (KHTML, like Gecko) Chrome/64.0.3282.140 Safari/537.36 Edge/18.17763</link>
</item>

<item>
<title>CBeebies</title>
<link>https://waw.easyview.eu/hls/cbeebies.m3u8|Referer=https://easyview.eu/watch.php?stream=cbeebies&amp;User-Agent=Mozilla/5.0 (Windows NT 10.0) AppleWebKit/537.36 (KHTML, like Gecko) Chrome/64.0.3282.140 Safari/537.36 Edge/18.17763</link>
</item>

<item>
<title>Challenge</title>
<link>https://waw.easyview.eu/hls/challengeplus1.m3u8|Referer=https://easyview.eu/watch.php?stream=challengeplus1&amp;User-Agent=Mozilla/5.0 (Windows NT 10.0) AppleWebKit/537.36 (KHTML, like Gecko) Chrome/64.0.3282.140 Safari/537.36 Edge/18.17763</link>
</item>

<item>
<title>Channel 4</title>
<link>https://waw.easyview.eu/hls/channel4.m3u8|Referer=https://easyview.eu/watch.php?stream=channel4&amp;User-Agent=Mozilla/5.0 (Windows NT 10.0) AppleWebKit/537.36 (KHTML, like Gecko) Chrome/64.0.3282.140 Safari/537.36 Edge/18.17763</link>
</item>

<item>
<title>Channel 5</title>
<link>https://waw.easyview.eu/hls/channel5.m3u8|Referer=https://easyview.eu/watch.php?stream=channel5&amp;User-Agent=Mozilla/5.0 (Windows NT 10.0) AppleWebKit/537.36 (KHTML, like Gecko) Chrome/64.0.3282.140 Safari/537.36 Edge/18.17763</link>
</item>

<item>
<title>CITV</title>
<link>https://waw.easyview.eu/hls/citv.m3u8|Referer=https://easyview.eu/watch.php?stream=citv&amp;User-Agent=Mozilla/5.0 (Windows NT 10.0) AppleWebKit/537.36 (KHTML, like Gecko) Chrome/64.0.3282.140 Safari/537.36 Edge/18.17763</link>
</item>

<item>
<title>Gold</title>
<link>https://waw.easyview.eu/hls/gold.m3u8|Referer=https://easyview.eu/watch.php?stream=gold&amp;User-Agent=Mozilla/5.0 (Windows NT 10.0) AppleWebKit/537.36 (KHTML, like Gecko) Chrome/64.0.3282.140 Safari/537.36 Edge/18.17763</link>
</item>

<item>
<title>ITV</title>
<link>https://waw.easyview.eu/hls/itv.m3u8|Referer=https://easyview.eu/watch.php?stream=itv&amp;User-Agent=Mozilla/5.0 (Windows NT 10.0) AppleWebKit/537.36 (KHTML, like Gecko) Chrome/64.0.3282.140 Safari/537.36 Edge/18.17763</link>
</item>

<item>
<title>ITV2</title>
<link>https://waw.easyview.eu/hls/itv2.m3u8|Referer=https://easyview.eu/watch.php?stream=itv2&amp;User-Agent=Mozilla/5.0 (Windows NT 10.0) AppleWebKit/537.36 (KHTML, like Gecko) Chrome/64.0.3282.140 Safari/537.36 Edge/18.17763</link>
</item>

<item>
<title>ITV3</title>
<link>https://waw.easyview.eu/hls/itv3.m3u8|Referer=https://easyview.eu/watch.php?stream=itv3&amp;User-Agent=Mozilla/5.0 (Windows NT 10.0) AppleWebKit/537.36 (KHTML, like Gecko) Chrome/64.0.3282.140 Safari/537.36 Edge/18.17763</link>
</item>

<item>
<title>ITV4</title>
<link>https://waw.easyview.eu/hls/itv4.m3u8|Referer=https://easyview.eu/watch.php?stream=itv4&amp;User-Agent=Mozilla/5.0 (Windows NT 10.0) AppleWebKit/537.36 (KHTML, like Gecko) Chrome/64.0.3282.140 Safari/537.36 Edge/18.17763</link>
</item>

<item>
<title>ITVBe</title>
<link>https://waw.easyview.eu/hls/itvbe.m3u8|Referer=https://easyview.eu/watch.php?stream=itvbe&amp;User-Agent=Mozilla/5.0 (Windows NT 10.0) AppleWebKit/537.36 (KHTML, like Gecko) Chrome/64.0.3282.140 Safari/537.36 Edge/18.17763</link>
</item>

<item>
<title>S4C</title>
<link>https://waw.easyview.eu/hls/S4C.m3u8|Referer=https://easyview.eu/watch.php?stream=S4C&amp;User-Agent=Mozilla/5.0 (Windows NT 10.0) AppleWebKit/537.36 (KHTML, like Gecko) Chrome/64.0.3282.140 Safari/537.36 Edge/18.17763</link>
</item>