<item>
<title>Fox Breaking News</title>
<thumbnail>https://upload.wikimedia.org/wikipedia/commons/thumb/6/67/Fox_News_Channel_logo.svg/1200px-Fox_News_Channel_logo.svg.png</thumbnail>
<fanart>https://static.foxnews.com/static/orion/styles/img/fox-news/og/og-fox-news.png</fanart>
<link>$doregex[makelist]</link>
<regex>
<name>makelist</name>
<listrepeat><![CDATA[
  <title>[makelist.param1] - [makelist.param2]</title>
  <link>[makelist.param3]</link>
  <thumbnail>[makelist.param4]</thumbnail>
  <fanart>[makelist.param4]</fanart>
]]></listrepeat>
<expres>[[|,]{"title":"([^"]*)".+?duration":"([^"]*).+?"url":"([^"]*).+?media-thumbnail":{"@attributes":{"url":"([^"]*)</expres>
<page>https://video.foxnews.com/v/feed/playlist/$doregex[getUrl].json?template=fox&cb=</page>
</regex>
<regex>
<name>getUrl</name>
<expres><![CDATA[playlistId: "([^"]*)]]></expres>
<page>https://video.foxnews.com/playlist/featured-latest-news/</page>
</regex>
</item>