<channels>
<channel>
<name>Main Movies</name>
<items>
<item>
<title>Anchorman.The.Legend.Of.Ron.Burgundy</title>
<thumbnail>https://fanart.tv/fanart/movies/8699/movieposter/anchorman-the-legend-of-ron-burgundy-58da4fc00ec6e.jpg</thumbnail>
<fanart>https://$doregex[Address]/logo.png</fanart>
<link>https://$doregex[Address2].$doregex[Address]/Movies/Anchorman.The.Legend.Of.Ron.Burgundy.2004.mp4</link>
<regex>
<name>Address</name>
<expres><![CDATA["x"="([^"]*)]]></expres>
<page>https://raw.githubusercontent.com/Magic-Dust/MagicDust/master/arconai.txt</page>
</regex>
<regex>
<name>Address2</name>
<expres><![CDATA["a"="([^"]*)]]></expres>
<page>https://raw.githubusercontent.com/Magic-Dust/MagicDust/master/arconai.txt</page>
</regex>
<regex>
<name>Address3</name>
<expres><![CDATA["c"="([^"]*)]]></expres>
<page>https://raw.githubusercontent.com/Magic-Dust/MagicDust/master/arconai.txt</page>
</regex>
</item>

<item>
<title>Austin.Powers</title>
<thumbnail>https://image.tmdb.org/t/p/original/eDY7mi5asFW39NiAAHEvZYhK1eZ.jpg</thumbnail>
<fanart>https://$doregex[Address]/logo.png</fanart>
<multilink>
<link>https://$doregex[Address2].$doregex[Address]/Movies/Austin.Powers.The.Spy.Who.Shagged.Me.1999.mp4$$lsname=The.Spy.Who.Shagged.Me</link>
<link>https://$doregex[Address2].$doregex[Address]/Movies/Austin.Powers.International.Man.of.Mystery.1997.mp4$$lsname=International.Man.of.Mystery</link>
<link>https://$doregex[Address2].$doregex[Address]/Movies/Austin.Powers.Goldmember.2002.mp4$$lsname=Goldmember</link>
<multilink>
<regex>
<name>Address</name>
<expres><![CDATA["x"="([^"]*)]]></expres>
<page>https://raw.githubusercontent.com/Magic-Dust/MagicDust/master/arconai.txt</page>
</regex>
<regex>
<name>Address2</name>
<expres><![CDATA["a"="([^"]*)]]></expres>
<page>https://raw.githubusercontent.com/Magic-Dust/MagicDust/master/arconai.txt</page>
</regex>
<regex>
<name>Address3</name>
<expres><![CDATA["c"="([^"]*)]]></expres>
<page>https://raw.githubusercontent.com/Magic-Dust/MagicDust/master/arconai.txt</page>
</regex>
</item>

<item>
<title>Blades.of.Glory</title>
<thumbnail>https://img.reelgood.com/content/movie/d72ec313-7651-4157-859b-f3ea4c553f53/poster-780.jpg</thumbnail>
<fanart>https://$doregex[Address]/logo.png</fanart>
<link>https://$doregex[Address2].$doregex[Address]/Movies/Blades.of.Glory.2007.mp4</link>
<regex>
<name>Address</name>
<expres><![CDATA["x"="([^"]*)]]></expres>
<page>https://raw.githubusercontent.com/Magic-Dust/MagicDust/master/arconai.txt</page>
</regex>
<regex>
<name>Address2</name>
<expres><![CDATA["a"="([^"]*)]]></expres>
<page>https://raw.githubusercontent.com/Magic-Dust/MagicDust/master/arconai.txt</page>
</regex>
<regex>
<name>Address3</name>
<expres><![CDATA["c"="([^"]*)]]></expres>
<page>https://raw.githubusercontent.com/Magic-Dust/MagicDust/master/arconai.txt</page>
</regex>
</item>

<item>
<title>Deadpool</title>
<thumbnail>https://fanart.tv/fanart/movies/448150/movieposter/deadpool-collection-5ded371ba91d6.jpg</thumbnail>
<fanart>https://$doregex[Address]/logo.png</fanart>
<multilink>
<link>https://$doregex[Address2].$doregex[Address]/Movies/Deadpool%282016%29.mp4$$lsname=Deadpool</link>
<link>https://$doregex[Address2].$doregex[Address]/Movies/Deadpool2%282018%29.mp4$$lsname=Deadpool 2</link>
<multilink>
<regex>
<name>Address</name>
<expres><![CDATA["x"="([^"]*)]]></expres>
<page>https://raw.githubusercontent.com/Magic-Dust/MagicDust/master/arconai.txt</page>
</regex>
<regex>
<name>Address2</name>
<expres><![CDATA["a"="([^"]*)]]></expres>
<page>https://raw.githubusercontent.com/Magic-Dust/MagicDust/master/arconai.txt</page>
</regex>
<regex>
<name>Address3</name>
<expres><![CDATA["c"="([^"]*)]]></expres>
<page>https://raw.githubusercontent.com/Magic-Dust/MagicDust/master/arconai.txt</page>
</regex>
</item>

<item>
<title>Dodgeball</title>
<thumbnail>https://is3-ssl.mzstatic.com/image/thumb/Video49/v4/ed/84/3a/ed843a35-728f-9038-cbb3-120e27e028f8/source/1200x630bb.jpg</thumbnail>
<fanart>https://$doregex[Address]/logo.png</fanart>
<link>https://$doregex[Address2].$doregex[Address]/Movies/Dodgeball.2004.mp4</link>
<regex>
<name>Address</name>
<expres><![CDATA["x"="([^"]*)]]></expres>
<page>https://raw.githubusercontent.com/Magic-Dust/MagicDust/master/arconai.txt</page>
</regex>
<regex>
<name>Address2</name>
<expres><![CDATA["a"="([^"]*)]]></expres>
<page>https://raw.githubusercontent.com/Magic-Dust/MagicDust/master/arconai.txt</page>
</regex>
<regex>
<name>Address3</name>
<expres><![CDATA["c"="([^"]*)]]></expres>
<page>https://raw.githubusercontent.com/Magic-Dust/MagicDust/master/arconai.txt</page>
</regex>
</item>

<item>
<title>Goodfellas</title>
<thumbnail>https://image.tmdb.org/t/p/original/9gXXrciOguExy4KJzkoVgRNQaJe.jpg</thumbnail>
<fanart>https://$doregex[Address]/logo.png</fanart>
<link>https://$doregex[Address2].$doregex[Address]/Movies/Goodfellas.1990.mp4</link>
<regex>
<name>Address</name>
<expres><![CDATA["x"="([^"]*)]]></expres>
<page>https://raw.githubusercontent.com/Magic-Dust/MagicDust/master/arconai.txt</page>
</regex>
<regex>
<name>Address2</name>
<expres><![CDATA["a"="([^"]*)]]></expres>
<page>https://raw.githubusercontent.com/Magic-Dust/MagicDust/master/arconai.txt</page>
</regex>
<regex>
<name>Address3</name>
<expres><![CDATA["c"="([^"]*)]]></expres>
<page>https://raw.githubusercontent.com/Magic-Dust/MagicDust/master/arconai.txt</page>
</regex>
</item>

<item>
<title>Happygilmore</title>
<thumbnail>https://image.tmdb.org/t/p/w500/4RnCeRzvI1xk5tuNWjpDKzSnJDk.jpg</thumbnail>
<fanart>https://$doregex[Address]/logo.png</fanart>
<link>https://$doregex[Address2].$doregex[Address]/Movies/Happygilmore1996.mp4</link>
<regex>
<name>Address</name>
<expres><![CDATA["x"="([^"]*)]]></expres>
<page>https://raw.githubusercontent.com/Magic-Dust/MagicDust/master/arconai.txt</page>
</regex>
<regex>
<name>Address2</name>
<expres><![CDATA["a"="([^"]*)]]></expres>
<page>https://raw.githubusercontent.com/Magic-Dust/MagicDust/master/arconai.txt</page>
</regex>
<regex>
<name>Address3</name>
<expres><![CDATA["c"="([^"]*)]]></expres>
<page>https://raw.githubusercontent.com/Magic-Dust/MagicDust/master/arconai.txt</page>
</regex>
</item>

<item>
<title>Harry Potter</title>
<thumbnail>https://image.tmdb.org/t/p/original/1PCTKpDXbLrSf2ObW8U1S2QwrRs.jpg</thumbnail>
<fanart>https://$doregex[Address]/logo.png</fanart>
<multilink>
<link>https://$doregex[Address2].$doregex[Address]/Movies/SorcererStone.mp4$$lsname=Sorcerer Stone</link>
<link>https://$doregex[Address2].$doregex[Address]/Movies/ChamberOfSecrets.mp4$$lsname=Chamber Of Secrets</link>
<link>https://$doregex[Address3].$doregex[Address]/Movies/HalfBloodPrince2009.mp4$$lsname=Half Blood Prince</link>
<link>https://$doregex[Address2].$doregex[Address]/Movies/PrisonerOfAzkaban.mp4$$lsname=Prisoner Of Azkaban</link>
<link>https://$doregex[Address3].$doregex[Address]/Movies/GobletOfFire2005.mp4$$lsname=Goblet Of Fire</link>
<link>https://$doregex[Address3].$doregex[Address]/Movies/OrderOfThePhoenix2007.mp4$$lsname=Order Of The Phoenix</link>
<link>https://$doregex[Address3].$doregex[Address]/Movies/DeathlyHallowsPart1.2010.mp4$$lsname=Deathly Hallows Part1</link>
<link>https://$doregex[Address3].$doregex[Address]/Movies/DeathlyHallowsPart2.2011.mp4$$lsname=Deathly Hallows Part2</link>
<multilink>
<regex>
<name>Address</name>
<expres><![CDATA["x"="([^"]*)]]></expres>
<page>https://raw.githubusercontent.com/Magic-Dust/MagicDust/master/arconai.txt</page>
</regex>
<regex>
<name>Address2</name>
<expres><![CDATA["a"="([^"]*)]]></expres>
<page>https://raw.githubusercontent.com/Magic-Dust/MagicDust/master/arconai.txt</page>
</regex>
<regex>
<name>Address3</name>
<expres><![CDATA["c"="([^"]*)]]></expres>
<page>https://raw.githubusercontent.com/Magic-Dust/MagicDust/master/arconai.txt</page>
</regex>
</item>

<item>
<title>Hot Tub Time Machine</title>
<thumbnail>https://image.tmdb.org/t/p/original/wj1LJ8ehwevKVpDjFsDmbCkPyO9.jpg</thumbnail>
<fanart>https://$doregex[Address]/logo.png</fanart>
<link>https://$doregex[Address3].$doregex[Address]/Movies/HotTubTimeMachine2010.mp4</link>
<regex>
<name>Address</name>
<expres><![CDATA["x"="([^"]*)]]></expres>
<page>https://raw.githubusercontent.com/Magic-Dust/MagicDust/master/arconai.txt</page>
</regex>
<regex>
<name>Address2</name>
<expres><![CDATA["a"="([^"]*)]]></expres>
<page>https://raw.githubusercontent.com/Magic-Dust/MagicDust/master/arconai.txt</page>
</regex>
<regex>
<name>Address3</name>
<expres><![CDATA["c"="([^"]*)]]></expres>
<page>https://raw.githubusercontent.com/Magic-Dust/MagicDust/master/arconai.txt</page>
</regex>
</item>

<item>
<title>JoeDirt</title>
<thumbnail>https://fanart.tv/detailpreview/fanart/movies/10956/movieposter/joe-dirt-524cb8e43ef01.jpg</thumbnail>
<fanart>https://$doregex[Address]/logo.png</fanart>
<link>https://$doregex[Address2].$doregex[Address]/Movies/JoeDirt%282001%29.mp4</link>
<regex>
<name>Address</name>
<expres><![CDATA["x"="([^"]*)]]></expres>
<page>https://raw.githubusercontent.com/Magic-Dust/MagicDust/master/arconai.txt</page>
</regex>
<regex>
<name>Address2</name>
<expres><![CDATA["a"="([^"]*)]]></expres>
<page>https://raw.githubusercontent.com/Magic-Dust/MagicDust/master/arconai.txt</page>
</regex>
<regex>
<name>Address3</name>
<expres><![CDATA["c"="([^"]*)]]></expres>
<page>https://raw.githubusercontent.com/Magic-Dust/MagicDust/master/arconai.txt</page>
</regex>
</item>

<item>
<title>Lord of the Rings</title>
<thumbnail>https://fanart.tv/fanart/movies/119/movieposter/the-lord-of-the-rings-collection-566c12c1ec22f.jpg</thumbnail>
<fanart>https://$doregex[Address]/logo.png</fanart>
<multilink>
<link>https://$doregex[Address3].$doregex[Address]/Movies/Movies/TheLordoftheRingsTheFellowshipoftheRingExtendedEdition2001.mp4$$lsname=The Fellowship of the Ring</link>
<link>https://$doregex[Address3].$doregex[Address]/Movies/TheLordoftheRingsTheTwoTowersExtendedEdition2002.mp4$$lsname=The Two Towers</link>
<link>https://$doregex[Address3].$doregex[Address]/Movies/TheLordoftheRingsTheReturnoftheKingExtendedEdition2003.mp4$$lsname=The Return of the King</link>
<link>https://$doregex[Address3].$doregex[Address]/Movies/TheHobbitAnUnexpectedJourney2012.mp4$$lsname=An Unexpected Journey</link>
<link>https://$doregex[Address3].$doregex[Address]/Movies/TheHobbitTheDesolationofSmaug2013.mp4$$lsname=The Desolation of Smaug</link>
<link>https://$doregex[Address3].$doregex[Address]/Movies/TheHobbitTheBattleoftheFiveArmies2014.mp4$$lsname=The Battle of the Five Armies</link>
<multilink>
<regex>
<name>Address</name>
<expres><![CDATA["x"="([^"]*)]]></expres>
<page>https://raw.githubusercontent.com/Magic-Dust/MagicDust/master/arconai.txt</page>
</regex>
<regex>
<name>Address2</name>
<expres><![CDATA["a"="([^"]*)]]></expres>
<page>https://raw.githubusercontent.com/Magic-Dust/MagicDust/master/arconai.txt</page>
</regex>
<regex>
<name>Address3</name>
<expres><![CDATA["c"="([^"]*)]]></expres>
<page>https://raw.githubusercontent.com/Magic-Dust/MagicDust/master/arconai.txt</page>
</regex>
</item>

<item>
<title>MIB</title>
<thumbnail>https://image.tmdb.org/t/p/w500/rWcgZaoJ0nxTFRn0H6w9bdtoDUI.jpg</thumbnail>
<fanart>https://$doregex[Address]/logo.png</fanart>
<multilink>
<link>https://$doregex[Address2].$doregex[Address]/Movies/MIB.mp4$$lsname=MIB</link>
<link>https://$doregex[Address2].$doregex[Address]/Movies/MIB2.mp4$$lsname=MIB 2</link>
<multilink>
<regex>
<name>Address</name>
<expres><![CDATA["x"="([^"]*)]]></expres>
<page>https://raw.githubusercontent.com/Magic-Dust/MagicDust/master/arconai.txt</page>
</regex>
<regex>
<name>Address2</name>
<expres><![CDATA["a"="([^"]*)]]></expres>
<page>https://raw.githubusercontent.com/Magic-Dust/MagicDust/master/arconai.txt</page>
</regex>
<regex>
<name>Address3</name>
<expres><![CDATA["c"="([^"]*)]]></expres>
<page>https://raw.githubusercontent.com/Magic-Dust/MagicDust/master/arconai.txt</page>
</regex>
</item>

<item>
<title>Mr.Deeds</title>
<thumbnail>https://image.tmdb.org/t/p/original/7gGk3pkpRsNlJ4PrJgEfgY9PG43.jpg</thumbnail>
<fanart>https://$doregex[Address]/logo.png</fanart>
<link>https://$doregex[Address2].$doregex[Address]/Movies/Mr.Deeds.2002.mp4</link>
<regex>
<name>Address</name>
<expres><![CDATA["x"="([^"]*)]]></expres>
<page>https://raw.githubusercontent.com/Magic-Dust/MagicDust/master/arconai.txt</page>
</regex>
<regex>
<name>Address2</name>
<expres><![CDATA["a"="([^"]*)]]></expres>
<page>https://raw.githubusercontent.com/Magic-Dust/MagicDust/master/arconai.txt</page>
</regex>
<regex>
<name>Address3</name>
<expres><![CDATA["c"="([^"]*)]]></expres>
<page>https://raw.githubusercontent.com/Magic-Dust/MagicDust/master/arconai.txt</page>
</regex>
</item>

<item>
<title>Old School</title>
<thumbnail>https://fanart.tv/detailpreview/fanart/movies/11635/movieposter/old-school-56a14502e3abb.jpg</thumbnail>
<fanart>https://$doregex[Address]/logo.png</fanart>
<link>https://$doregex[Address2].$doregex[Address]/Movies/Old%20School%20%282003%29.mp4</link>
<regex>
<name>Address</name>
<expres><![CDATA["x"="([^"]*)]]></expres>
<page>https://raw.githubusercontent.com/Magic-Dust/MagicDust/master/arconai.txt</page>
</regex>
<regex>
<name>Address2</name>
<expres><![CDATA["a"="([^"]*)]]></expres>
<page>https://raw.githubusercontent.com/Magic-Dust/MagicDust/master/arconai.txt</page>
</regex>
<regex>
<name>Address3</name>
<expres><![CDATA["c"="([^"]*)]]></expres>
<page>https://raw.githubusercontent.com/Magic-Dust/MagicDust/master/arconai.txt</page>
</regex>
</item>

<item>
<title>Step Brothers</title>
<thumbnail>https://artworks.thetvdb.com/banners/movies/790/posters/790.jpg</thumbnail>
<fanart>https://$doregex[Address]/logo.png</fanart>
<link>https://$doregex[Address2].$doregex[Address]/Movies/Step.Brothers.Extended.Version.2008.mp4</link>
<regex>
<name>Address</name>
<expres><![CDATA["x"="([^"]*)]]></expres>
<page>https://raw.githubusercontent.com/Magic-Dust/MagicDust/master/arconai.txt</page>
</regex>
<regex>
<name>Address2</name>
<expres><![CDATA["a"="([^"]*)]]></expres>
<page>https://raw.githubusercontent.com/Magic-Dust/MagicDust/master/arconai.txt</page>
</regex>
<regex>
<name>Address3</name>
<expres><![CDATA["c"="([^"]*)]]></expres>
<page>https://raw.githubusercontent.com/Magic-Dust/MagicDust/master/arconai.txt</page>
</regex>
</item>

<item>
<title>Superbad</title>
<thumbnail>https://fanart.tv/fanart/movies/8363/movieposter/superbad-54c4da079d351.jpg</thumbnail>
<fanart>https://$doregex[Address]/logo.png</fanart>
<link>https://$doregex[Address2].$doregex[Address]/Movies/Superbad.2007.Unrated.BrRip.720p.264.YIFY.mp4</link>
<regex>
<name>Address</name>
<expres><![CDATA["x"="([^"]*)]]></expres>
<page>https://raw.githubusercontent.com/Magic-Dust/MagicDust/master/arconai.txt</page>
</regex>
<regex>
<name>Address2</name>
<expres><![CDATA["a"="([^"]*)]]></expres>
<page>https://raw.githubusercontent.com/Magic-Dust/MagicDust/master/arconai.txt</page>
</regex>
<regex>
<name>Address3</name>
<expres><![CDATA["c"="([^"]*)]]></expres>
<page>https://raw.githubusercontent.com/Magic-Dust/MagicDust/master/arconai.txt</page>
</regex>
</item>

<item>
<title>Talladega.Nights.The.Ballad.of.Ricky.Bobby</title>
<thumbnail>https://fanart.tv/fanart/movies/9718/movieposter/talladega-nights-the-ballad-of-ricky-bobby-54dc498c37fdf.jpg</thumbnail>
<fanart>https://$doregex[Address]/logo.png</fanart>
<link>https://$doregex[Address2].$doregex[Address]/Movies/Talladega.Nights.The.Ballad.of.Ricky.Bobby.2006.mp4</link>
<regex>
<name>Address</name>
<expres><![CDATA["x"="([^"]*)]]></expres>
<page>https://raw.githubusercontent.com/Magic-Dust/MagicDust/master/arconai.txt</page>
</regex>
<regex>
<name>Address2</name>
<expres><![CDATA["a"="([^"]*)]]></expres>
<page>https://raw.githubusercontent.com/Magic-Dust/MagicDust/master/arconai.txt</page>
</regex>
<regex>
<name>Address3</name>
<expres><![CDATA["c"="([^"]*)]]></expres>
<page>https://raw.githubusercontent.com/Magic-Dust/MagicDust/master/arconai.txt</page>
</regex>
</item>

<item>
<title>There Something About Mary</title>
<thumbnail>https://fanart.tv/fanart/movies/544/movieposter/theres-something-about-mary-569d4acf8751b.jpg</thumbnail>
<fanart>https://$doregex[Address]/logo.png</fanart>
<link>https://$doregex[Address2].$doregex[Address]/Movies/There%27s%20Something%20About%20Mary%20%5B1998%5D.mp4</link>
<regex>
<name>Address</name>
<expres><![CDATA["x"="([^"]*)]]></expres>
<page>https://raw.githubusercontent.com/Magic-Dust/MagicDust/master/arconai.txt</page>
</regex>
<regex>
<name>Address2</name>
<expres><![CDATA["a"="([^"]*)]]></expres>
<page>https://raw.githubusercontent.com/Magic-Dust/MagicDust/master/arconai.txt</page>
</regex>
<regex>
<name>Address3</name>
<expres><![CDATA["c"="([^"]*)]]></expres>
<page>https://raw.githubusercontent.com/Magic-Dust/MagicDust/master/arconai.txt</page>
</regex>
</item>

<subchannel>
<name>More Movies</name>
<thumbnail>https://st2.depositphotos.com/1688079/5466/i/950/depositphotos_54666709-stock-photo-next-icon-glossy-green-round.jpg</thumbnail>
<fanart>https://github.com/Magic-Dust/MagicDust/raw/master/fanart.jpg</fanart>
<subitems>

<subitem>
<title>Agent Clockwork Orange</title>
<thumbnail>https://fanart.tv/fanart/movies/185/movieposter/a-clockwork-orange-5597548f2879e.jpg</thumbnail>
<fanart>https://$doregex[Address]/logo.png</fanart>
<link>https://$doregex[Address2].$doregex[Address]/Movies/A.Clockwork.Orange.1971.mp4</link>
<regex>
<name>Address</name>
<expres><![CDATA["x"="([^"]*)]]></expres>
<page>https://raw.githubusercontent.com/Magic-Dust/MagicDust/master/arconai.txt</page>
</regex>
<regex>
<name>Address2</name>
<expres><![CDATA["a"="([^"]*)]]></expres>
<page>https://raw.githubusercontent.com/Magic-Dust/MagicDust/master/arconai.txt</page>
</regex>
<regex>
<name>Address3</name>
<expres><![CDATA["c"="([^"]*)]]></expres>
<page>https://raw.githubusercontent.com/Magic-Dust/MagicDust/master/arconai.txt</page>
</regex>
</subitem>

<subitem>
<title>Back to the Future</title>
<thumbnail>https://fanart.tv/fanart/movies/105/movieposter/back-to-the-future-52c1c24d75ca9.jpg</thumbnail>
<fanart>https://$doregex[Address]/logo.png</fanart>
<multilink>
<link>https://$doregex[Address2].$doregex[Address]/Movies/BTTF.mp4$$lsname=Back to the Future</link>
<link>https://$doregex[Address2].$doregex[Address]/Movies/BTTF2.mp4$$lsname=Back to the Future 2</link>
<link>https://$doregex[Address2].$doregex[Address]/Movies/BTTF3.mp4$$lsname=Back to the Future 3</link>
<multilink>
<regex>
<name>Address</name>
<expres><![CDATA["x"="([^"]*)]]></expres>
<page>https://raw.githubusercontent.com/Magic-Dust/MagicDust/master/arconai.txt</page>
</regex>
<regex>
<name>Address2</name>
<expres><![CDATA["a"="([^"]*)]]></expres>
<page>https://raw.githubusercontent.com/Magic-Dust/MagicDust/master/arconai.txt</page>
</regex>
<regex>
<name>Address3</name>
<expres><![CDATA["c"="([^"]*)]]></expres>
<page>https://raw.githubusercontent.com/Magic-Dust/MagicDust/master/arconai.txt</page>
</regex>
</subitem>

<subitem>
<title>A Time to Kill</title>
<thumbnail>https://fanart.tv/fanart/movies/1645/movieposter/a-time-to-kill-5695b0cf338c6.jpg</thumbnail>
<fanart>https://$doregex[Address]/logo.png</fanart>
<link>https://$doregex[Address2].$doregex[Address]/Movies/A.Time.to.Kill.1996.mp4</link>
<regex>
<name>Address</name>
<expres><![CDATA["x"="([^"]*)]]></expres>
<page>https://raw.githubusercontent.com/Magic-Dust/MagicDust/master/arconai.txt</page>
</regex>
<regex>
<name>Address2</name>
<expres><![CDATA["a"="([^"]*)]]></expres>
<page>https://raw.githubusercontent.com/Magic-Dust/MagicDust/master/arconai.txt</page>
</regex>
<regex>
<name>Address3</name>
<expres><![CDATA["c"="([^"]*)]]></expres>
<page>https://raw.githubusercontent.com/Magic-Dust/MagicDust/master/arconai.txt</page>
</regex>
</subitem>

<subitem>
<title>Batman</title>
<thumbnail>https://fanart.tv/fanart/movies/268/movieposter/batman-5346ed8a23c7f.jpg</thumbnail>
<fanart>https://$doregex[Address]/logo.png</fanart>
<multilink>
<link>https://$doregex[Address2].$doregex[Address]/Movies/Batman.mp4$$lsname=Batman</link>
<link>https://$doregex[Address2].$doregex[Address]/Movies/BatmanReturns.mp4$$lsname=Batman Returns</link>
<link>https://$doregex[Address2].$doregex[Address]/Movies/Joker.2019.mp4$$lsname=Joker</link>
<multilink>
<regex>
<name>Address</name>
<expres><![CDATA["x"="([^"]*)]]></expres>
<page>https://raw.githubusercontent.com/Magic-Dust/MagicDust/master/arconai.txt</page>
</regex>
<regex>
<name>Address2</name>
<expres><![CDATA["a"="([^"]*)]]></expres>
<page>https://raw.githubusercontent.com/Magic-Dust/MagicDust/master/arconai.txt</page>
</regex>
<regex>
<name>Address3</name>
<expres><![CDATA["c"="([^"]*)]]></expres>
<page>https://raw.githubusercontent.com/Magic-Dust/MagicDust/master/arconai.txt</page>
</regex>
</subitem>

<subitem>
<title>Birds Of Prey</title>
<thumbnail>https://specials-images.forbesimg.com/imageserve/5d810c3f22254b0008e0a81d/960x0.jpg?fit=scale</thumbnail>
<fanart>https://$doregex[Address]/logo.png</fanart>
<link>https://$doregex[Address3].$doregex[Address]/Movies/BirdsOfPrey%282020%29.mp4</link>
<regex>
<name>Address</name>
<expres><![CDATA["x"="([^"]*)]]></expres>
<page>https://raw.githubusercontent.com/Magic-Dust/MagicDust/master/arconai.txt</page>
</regex>
<regex>
<name>Address2</name>
<expres><![CDATA["a"="([^"]*)]]></expres>
<page>https://raw.githubusercontent.com/Magic-Dust/MagicDust/master/arconai.txt</page>
</regex>
<regex>
<name>Address3</name>
<expres><![CDATA["c"="([^"]*)]]></expres>
<page>https://raw.githubusercontent.com/Magic-Dust/MagicDust/master/arconai.txt</page>
</regex>
</subitem>

<subitem>
<title>Cast Away</title>
<thumbnail>https://fanart.tv/fanart/movies/8358/movieposter/cast-away-5325f6c02c1b4.jpg</thumbnail>
<fanart>https://$doregex[Address]/logo.png</fanart>
<link>https://$doregex[Address2].$doregex[Address]/Movies/Cast.Away.2000.mp4</link>
<regex>
<name>Address</name>
<expres><![CDATA["x"="([^"]*)]]></expres>
<page>https://raw.githubusercontent.com/Magic-Dust/MagicDust/master/arconai.txt</page>
</regex>
<regex>
<name>Address2</name>
<expres><![CDATA["a"="([^"]*)]]></expres>
<page>https://raw.githubusercontent.com/Magic-Dust/MagicDust/master/arconai.txt</page>
</regex>
<regex>
<name>Address3</name>
<expres><![CDATA["c"="([^"]*)]]></expres>
<page>https://raw.githubusercontent.com/Magic-Dust/MagicDust/master/arconai.txt</page>
</regex>
</subitem>

<subitem>
<title>Dazed and Confused</title>
<thumbnail>https://img.reelgood.com/content/movie/7c7660c2-98e3-470d-8bdd-4914ccb74a11/poster-780.jpg</thumbnail>
<fanart>https://$doregex[Address]/logo.png</fanart>
<link>https://$doregex[Address2].$doregex[Address]/Movies/Dazed.and.Confused.1993.mp4</link>
<regex>
<name>Address</name>
<expres><![CDATA["x"="([^"]*)]]></expres>
<page>https://raw.githubusercontent.com/Magic-Dust/MagicDust/master/arconai.txt</page>
</regex>
<regex>
<name>Address2</name>
<expres><![CDATA["a"="([^"]*)]]></expres>
<page>https://raw.githubusercontent.com/Magic-Dust/MagicDust/master/arconai.txt</page>
</regex>
<regex>
<name>Address3</name>
<expres><![CDATA["c"="([^"]*)]]></expres>
<page>https://raw.githubusercontent.com/Magic-Dust/MagicDust/master/arconai.txt</page>
</regex>
</subitem>

<subitem>
<title>Ferris Buellers Day Off</title>
<thumbnail>https://fanart.tv/fanart/movies/9377/movieposter/ferris-buellers-day-off-53efe2df8cf0e.jpg</thumbnail>
<fanart>https://$doregex[Address]/logo.png</fanart>
<link>https://$doregex[Address2].$doregex[Address]/Movies/Ferris.Buellers.Day.Off.1986.mp4</link>
<regex>
<name>Address</name>
<expres><![CDATA["x"="([^"]*)]]></expres>
<page>https://raw.githubusercontent.com/Magic-Dust/MagicDust/master/arconai.txt</page>
</regex>
<regex>
<name>Address2</name>
<expres><![CDATA["a"="([^"]*)]]></expres>
<page>https://raw.githubusercontent.com/Magic-Dust/MagicDust/master/arconai.txt</page>
</regex>
<regex>
<name>Address3</name>
<expres><![CDATA["c"="([^"]*)]]></expres>
<page>https://raw.githubusercontent.com/Magic-Dust/MagicDust/master/arconai.txt</page>
</regex>
</subitem>

<subitem>
<title>Fight Club</title>
<thumbnail>https://fanart.tv/fanart/movies/550/movieposter/fight-club-554d292eebda8.jpg</thumbnail>
<fanart>https://$doregex[Address]/logo.png</fanart>
<link>https://$doregex[Address2].$doregex[Address]/Movies/Fight.Club.10th.Anniversary.Edition.1999.mp4</link>
<regex>
<name>Address</name>
<expres><![CDATA["x"="([^"]*)]]></expres>
<page>https://raw.githubusercontent.com/Magic-Dust/MagicDust/master/arconai.txt</page>
</regex>
<regex>
<name>Address2</name>
<expres><![CDATA["a"="([^"]*)]]></expres>
<page>https://raw.githubusercontent.com/Magic-Dust/MagicDust/master/arconai.txt</page>
</regex>
<regex>
<name>Address3</name>
<expres><![CDATA["c"="([^"]*)]]></expres>
<page>https://raw.githubusercontent.com/Magic-Dust/MagicDust/master/arconai.txt</page>
</regex>
</subitem>

<subitem>
<title>Forrest Gump</title>
<thumbnail>https://image.tmdb.org/t/p/original/8aBHdTp6MZ7RRE45maIYrEPo6IJ.jpg</thumbnail>
<fanart>https://$doregex[Address]/logo.png</fanart>
<link>https://$doregex[Address2].$doregex[Address]/Movies/Forrest%20Gump%20%281994%29.mp4</link>
<regex>
<name>Address</name>
<expres><![CDATA["x"="([^"]*)]]></expres>
<page>https://raw.githubusercontent.com/Magic-Dust/MagicDust/master/arconai.txt</page>
</regex>
<regex>
<name>Address2</name>
<expres><![CDATA["a"="([^"]*)]]></expres>
<page>https://raw.githubusercontent.com/Magic-Dust/MagicDust/master/arconai.txt</page>
</regex>
<regex>
<name>Address3</name>
<expres><![CDATA["c"="([^"]*)]]></expres>
<page>https://raw.githubusercontent.com/Magic-Dust/MagicDust/master/arconai.txt</page>
</regex>
</subitem>

<subitem>
<title>Ghostbusters</title>
<thumbnail>https://fanart.tv/fanart/movies/620/movieposter/ghostbusters-5dfcdb589ac07.jpg</thumbnail>
<fanart>https://$doregex[Address]/logo.png</fanart>
<link>https://$doregex[Address2].$doregex[Address]/Movies/Ghostbusters.mp4</link>
<regex>
<name>Address</name>
<expres><![CDATA["x"="([^"]*)]]></expres>
<page>https://raw.githubusercontent.com/Magic-Dust/MagicDust/master/arconai.txt</page>
</regex>
<regex>
<name>Address2</name>
<expres><![CDATA["a"="([^"]*)]]></expres>
<page>https://raw.githubusercontent.com/Magic-Dust/MagicDust/master/arconai.txt</page>
</regex>
<regex>
<name>Address3</name>
<expres><![CDATA["c"="([^"]*)]]></expres>
<page>https://raw.githubusercontent.com/Magic-Dust/MagicDust/master/arconai.txt</page>
</regex>
</subitem>

<subitem>
<title>Godzilla</title>
<thumbnail>https://www.newdvdreleasedates.com/images/posters/large/godzilla-king-of-the-monsters-2019-13.jpg</thumbnail>
<fanart>https://$doregex[Address]/logo.png</fanart>
<link>https://$doregex[Address2].$doregex[Address]/Movies/Godzilla%20King%20Of%20The%20Monsters%202019.mp4</link>
<regex>
<name>Address</name>
<expres><![CDATA["x"="([^"]*)]]></expres>
<page>https://raw.githubusercontent.com/Magic-Dust/MagicDust/master/arconai.txt</page>
</regex>
<regex>
<name>Address2</name>
<expres><![CDATA["a"="([^"]*)]]></expres>
<page>https://raw.githubusercontent.com/Magic-Dust/MagicDust/master/arconai.txt</page>
</regex>
<regex>
<name>Address3</name>
<expres><![CDATA["c"="([^"]*)]]></expres>
<page>https://raw.githubusercontent.com/Magic-Dust/MagicDust/master/arconai.txt</page>
</regex>
</subitem>

<subitem>
<title>Inception</title>
<thumbnail>https://upload.wikimedia.org/wikipedia/en/2/2e/Inception_(2010)_theatrical_poster.jpg</thumbnail>
<fanart>https://$doregex[Address]/logo.png</fanart>
<link>https://$doregex[Address3].$doregex[Address]/Movies/Inception2010.mp4</link>
<regex>
<name>Address</name>
<expres><![CDATA["x"="([^"]*)]]></expres>
<page>https://raw.githubusercontent.com/Magic-Dust/MagicDust/master/arconai.txt</page>
</regex>
<regex>
<name>Address2</name>
<expres><![CDATA["a"="([^"]*)]]></expres>
<page>https://raw.githubusercontent.com/Magic-Dust/MagicDust/master/arconai.txt</page>
</regex>
<regex>
<name>Address3</name>
<expres><![CDATA["c"="([^"]*)]]></expres>
<page>https://raw.githubusercontent.com/Magic-Dust/MagicDust/master/arconai.txt</page>
</regex>
</subitem>

<subitem>
<title>Incredibles</title>
<thumbnail>https://fanart.tv/fanart/movies/9806/movieposter/the-incredibles-5707f9611ed47.jpg</thumbnail>
<fanart>https://$doregex[Address]/logo.png</fanart>
<multilink>
<link>https://$doregex[Address2].$doregex[Address]/Movies/Incredibles.mp4$$lsname=Incredibles</link>
<link>https://$doregex[Address2].$doregex[Address]/Movies/Incredibles2.2018.mp4$$lsname=Incredibles 2</link>
<multilink>
<regex>
<name>Address</name>
<expres><![CDATA["x"="([^"]*)]]></expres>
<page>https://raw.githubusercontent.com/Magic-Dust/MagicDust/master/arconai.txt</page>
</regex>
<regex>
<name>Address2</name>
<expres><![CDATA["a"="([^"]*)]]></expres>
<page>https://raw.githubusercontent.com/Magic-Dust/MagicDust/master/arconai.txt</page>
</regex>
<regex>
<name>Address3</name>
<expres><![CDATA["c"="([^"]*)]]></expres>
<page>https://raw.githubusercontent.com/Magic-Dust/MagicDust/master/arconai.txt</page>
</regex>
</subitem>

<subitem>
<title>Indiana Jones</title>
<thumbnail>https://image.tmdb.org/t/p/original/u4SIcYL7HccPuYkxu65zkm7YCf2.jpg</thumbnail>
<fanart>https://$doregex[Address]/logo.png</fanart>
<multilink>
<link>https://$doregex[Address2].$doregex[Address]/Movies/Raiders.mp4$$lsname=Raiders of the Lost Arc</link>
<link>https://$doregex[Address2].$doregex[Address]/Movies/LastCrusade.mp4$$lsname=Last Crusade</link>
<multilink>
<regex>
<name>Address</name>
<expres><![CDATA["x"="([^"]*)]]></expres>
<page>https://raw.githubusercontent.com/Magic-Dust/MagicDust/master/arconai.txt</page>
</regex>
<regex>
<name>Address2</name>
<expres><![CDATA["a"="([^"]*)]]></expres>
<page>https://raw.githubusercontent.com/Magic-Dust/MagicDust/master/arconai.txt</page>
</regex>
<regex>
<name>Address3</name>
<expres><![CDATA["c"="([^"]*)]]></expres>
<page>https://raw.githubusercontent.com/Magic-Dust/MagicDust/master/arconai.txt</page>
</regex>
</subitem>

<subitem>
<title>Knives Out</title>
<thumbnail>https://fanart.tv/fanart/movies/546554/movieposter/knives-out-5e465fbad7643.jpg</thumbnail>
<fanart>https://$doregex[Address]/logo.png</fanart>
<link>https://$doregex[Address2].$doregex[Address]/Movies/Knives.Out.2019.mp4</link>
<regex>
<name>Address</name>
<expres><![CDATA["x"="([^"]*)]]></expres>
<page>https://raw.githubusercontent.com/Magic-Dust/MagicDust/master/arconai.txt</page>
</regex>
<regex>
<name>Address2</name>
<expres><![CDATA["a"="([^"]*)]]></expres>
<page>https://raw.githubusercontent.com/Magic-Dust/MagicDust/master/arconai.txt</page>
</regex>
<regex>
<name>Address3</name>
<expres><![CDATA["c"="([^"]*)]]></expres>
<page>https://raw.githubusercontent.com/Magic-Dust/MagicDust/master/arconai.txt</page>
</regex>
</subitem>

<subitem>
<title>Labyrinth</title>
<thumbnail>https://image.tmdb.org/t/p/original/wt70lcuAkLnnF2m9PadoaXm6ciS.jpg</thumbnail>
<fanart>https://$doregex[Address]/logo.png</fanart>
<link>https://$doregex[Address2].$doregex[Address]/taffy/Labyrinth.mp4</link>
<regex>
<name>Address</name>
<expres><![CDATA["x"="([^"]*)]]></expres>
<page>https://raw.githubusercontent.com/Magic-Dust/MagicDust/master/arconai.txt</page>
</regex>
<regex>
<name>Address2</name>
<expres><![CDATA["a"="([^"]*)]]></expres>
<page>https://raw.githubusercontent.com/Magic-Dust/MagicDust/master/arconai.txt</page>
</regex>
<regex>
<name>Address3</name>
<expres><![CDATA["c"="([^"]*)]]></expres>
<page>https://raw.githubusercontent.com/Magic-Dust/MagicDust/master/arconai.txt</page>
</regex>
</subitem>

<subitem>
<title>Lucky Number Slevin</title>
<thumbnail>https://fanart.tv/fanart/movies/186/movieposter/lucky-number-slevin-54664bbd56ca7.jpg</thumbnail>
<fanart>https://$doregex[Address]/logo.png</fanart>
<link>https://$doregex[Address2].$doregex[Address]/Movies/Lucky.Number.Slevin.2006.mp4</link>
<regex>
<name>Address</name>
<expres><![CDATA["x"="([^"]*)]]></expres>
<page>https://raw.githubusercontent.com/Magic-Dust/MagicDust/master/arconai.txt</page>
</regex>
<regex>
<name>Address2</name>
<expres><![CDATA["a"="([^"]*)]]></expres>
<page>https://raw.githubusercontent.com/Magic-Dust/MagicDust/master/arconai.txt</page>
</regex>
<regex>
<name>Address3</name>
<expres><![CDATA["c"="([^"]*)]]></expres>
<page>https://raw.githubusercontent.com/Magic-Dust/MagicDust/master/arconai.txt</page>
</regex>
</subitem>

<subitem>
<title>Mean Girls</title>
<thumbnail>https://fanart.tv/fanart/movies/10625/movieposter/mean-girls-52e2d512ebffa.jpg</thumbnail>
<fanart>https://$doregex[Address]/logo.png</fanart>
<link>https://$doregex[Address2].$doregex[Address]/Movies/Mean.Girls.2004.mp4</link>
<regex>
<name>Address</name>
<expres><![CDATA["x"="([^"]*)]]></expres>
<page>https://raw.githubusercontent.com/Magic-Dust/MagicDust/master/arconai.txt</page>
</regex>
<regex>
<name>Address2</name>
<expres><![CDATA["a"="([^"]*)]]></expres>
<page>https://raw.githubusercontent.com/Magic-Dust/MagicDust/master/arconai.txt</page>
</regex>
<regex>
<name>Address3</name>
<expres><![CDATA["c"="([^"]*)]]></expres>
<page>https://raw.githubusercontent.com/Magic-Dust/MagicDust/master/arconai.txt</page>
</regex>
</subitem>

<subitem>
<title>Monsters Inc</title>
<thumbnail>https://fanart.tv/fanart/movies/585/movieposter/monsters-inc-522249a8f0964.jpg</thumbnail>
<fanart>https://$doregex[Address]/logo.png</fanart>
<multilink>
<link>https://$doregex[Address2].$doregex[Address]/Movies/Monsters.Inc.2001.720p.BluRay.x264.YIFY.mp4$$lsname=Monsters Inc 2001</link>
<link>https://$doregex[Address2].$doregex[Address]/Movies/MonstersInc.mp4$$lsname=Monsters Inc 2</link>
<multilink>
<regex>
<name>Address</name>
<expres><![CDATA["x"="([^"]*)]]></expres>
<page>https://raw.githubusercontent.com/Magic-Dust/MagicDust/master/arconai.txt</page>
</regex>
<regex>
<name>Address2</name>
<expres><![CDATA["a"="([^"]*)]]></expres>
<page>https://raw.githubusercontent.com/Magic-Dust/MagicDust/master/arconai.txt</page>
</regex>
<regex>
<name>Address3</name>
<expres><![CDATA["c"="([^"]*)]]></expres>
<page>https://raw.githubusercontent.com/Magic-Dust/MagicDust/master/arconai.txt</page>
</regex>
</subitem>

<subitem>
<title>Napoleon Dynamite</title>
<thumbnail>https://img.moviesrankings.com/t/p/w1280/6Iv6Uwa2SBLN0dSGM00rdrwN4MJ.jpg</thumbnail>
<fanart>https://$doregex[Address]/logo.png</fanart>
<link>https://$doregex[Address2].$doregex[Address]/Movies/Napoleon.Dynamite.2004.mp4</link>
<regex>
<name>Address</name>
<expres><![CDATA["x"="([^"]*)]]></expres>
<page>https://raw.githubusercontent.com/Magic-Dust/MagicDust/master/arconai.txt</page>
</regex>
<regex>
<name>Address2</name>
<expres><![CDATA["a"="([^"]*)]]></expres>
<page>https://raw.githubusercontent.com/Magic-Dust/MagicDust/master/arconai.txt</page>
</regex>
<regex>
<name>Address3</name>
<expres><![CDATA["c"="([^"]*)]]></expres>
<page>https://raw.githubusercontent.com/Magic-Dust/MagicDust/master/arconai.txt</page>
</regex>
</subitem>

<subitem>
<title>Office Space</title>
<thumbnail>https://upload.wikimedia.org/wikipedia/en/8/8e/Office_space_poster.jpg</thumbnail>
<fanart>https://$doregex[Address]/logo.png</fanart>
<link>https://$doregex[Address2].$doregex[Address]/Movies/Office%20Space%201999.mp4</link>
<regex>
<name>Address</name>
<expres><![CDATA["x"="([^"]*)]]></expres>
<page>https://raw.githubusercontent.com/Magic-Dust/MagicDust/master/arconai.txt</page>
</regex>
<regex>
<name>Address2</name>
<expres><![CDATA["a"="([^"]*)]]></expres>
<page>https://raw.githubusercontent.com/Magic-Dust/MagicDust/master/arconai.txt</page>
</regex>
<regex>
<name>Address3</name>
<expres><![CDATA["c"="([^"]*)]]></expres>
<page>https://raw.githubusercontent.com/Magic-Dust/MagicDust/master/arconai.txt</page>
</regex>
</subitem>

<subitem>
<title>School Of Rock</title>
<thumbnail>https://fanart.tv/fanart/movies/1584/movieposter/school-of-rock-53f7a862c918b.jpg</thumbnail>
<fanart>https://$doregex[Address]/logo.png</fanart>
<link>https://$doregex[Address2].$doregex[Address]/Movies/SchoolOfRock.mp4</link>
<regex>
<name>Address</name>
<expres><![CDATA["x"="([^"]*)]]></expres>
<page>https://raw.githubusercontent.com/Magic-Dust/MagicDust/master/arconai.txt</page>
</regex>
<regex>
<name>Address2</name>
<expres><![CDATA["a"="([^"]*)]]></expres>
<page>https://raw.githubusercontent.com/Magic-Dust/MagicDust/master/arconai.txt</page>
</regex>
<regex>
<name>Address3</name>
<expres><![CDATA["c"="([^"]*)]]></expres>
<page>https://raw.githubusercontent.com/Magic-Dust/MagicDust/master/arconai.txt</page>
</regex>
</subitem>

<subitem>
<title>The Irishman</title>
<thumbnail>https://image.tmdb.org/t/p/original/9WvxIbI1unFhTBaQjV9PfqV87K3.jpg</thumbnail>
<fanart>https://$doregex[Address]/logo.png</fanart>
<link>https://$doregex[Address2].$doregex[Address]/Movies/The.Irishman.2019.mp4</link>
<regex>
<name>Address</name>
<expres><![CDATA["x"="([^"]*)]]></expres>
<page>https://raw.githubusercontent.com/Magic-Dust/MagicDust/master/arconai.txt</page>
</regex>
<regex>
<name>Address2</name>
<expres><![CDATA["a"="([^"]*)]]></expres>
<page>https://raw.githubusercontent.com/Magic-Dust/MagicDust/master/arconai.txt</page>
</regex>
<regex>
<name>Address3</name>
<expres><![CDATA["c"="([^"]*)]]></expres>
<page>https://raw.githubusercontent.com/Magic-Dust/MagicDust/master/arconai.txt</page>
</regex>
</subitem>

<subitem>
<title>The Shining</title>
<thumbnail>https://fanart.tv/fanart/movies/694/movieposter/the-shining-55eed8ff3d6ef.jpg</thumbnail>
<fanart>https://$doregex[Address]/logo.png</fanart>
<link>https://$doregex[Address2].$doregex[Address]/Movies/The.Shining.1980.mp4</link>
<regex>
<name>Address</name>
<expres><![CDATA["x"="([^"]*)]]></expres>
<page>https://raw.githubusercontent.com/Magic-Dust/MagicDust/master/arconai.txt</page>
</regex>
<regex>
<name>Address2</name>
<expres><![CDATA["a"="([^"]*)]]></expres>
<page>https://raw.githubusercontent.com/Magic-Dust/MagicDust/master/arconai.txt</page>
</regex>
<regex>
<name>Address3</name>
<expres><![CDATA["c"="([^"]*)]]></expres>
<page>https://raw.githubusercontent.com/Magic-Dust/MagicDust/master/arconai.txt</page>
</regex>
</subitem>

<subitem>
<title>The Fifth Element</title>
<thumbnail>https://fanart.tv/fanart/movies/18/movieposter/the-fifth-element-5232a3cad1ade.jpg</thumbnail>
<fanart>https://$doregex[Address]/logo.png</fanart>
<link>https://$doregex[Address2].$doregex[Address]/Movies/TheFifthElement.mp4</link>
<regex>
<name>Address</name>
<expres><![CDATA["x"="([^"]*)]]></expres>
<page>https://raw.githubusercontent.com/Magic-Dust/MagicDust/master/arconai.txt</page>
</regex>
<regex>
<name>Address2</name>
<expres><![CDATA["a"="([^"]*)]]></expres>
<page>https://raw.githubusercontent.com/Magic-Dust/MagicDust/master/arconai.txt</page>
</regex>
<regex>
<name>Address3</name>
<expres><![CDATA["c"="([^"]*)]]></expres>
<page>https://raw.githubusercontent.com/Magic-Dust/MagicDust/master/arconai.txt</page>
</regex>
</subitem>

<subitem>
<title>The Lost Boys</title>
<thumbnail>https://ia.media-imdb.com/images/M/MV5BMWEzNmUxZTMtZjY0My00OGNmLWIyNDctODM2YzZjM2YwZWEwXkEyXkFqcGdeQXVyMTQxNzMzNDI@._V1_UY1200_CR95,0,630,1200_AL_.jpg</thumbnail>
<fanart>https://$doregex[Address]/logo.png</fanart>
<link>https://$doregex[Address3].$doregex[Address]/Movies/TheLostBoys1987.mp4</link>
<regex>
<name>Address</name>
<expres><![CDATA["x"="([^"]*)]]></expres>
<page>https://raw.githubusercontent.com/Magic-Dust/MagicDust/master/arconai.txt</page>
</regex>
<regex>
<name>Address2</name>
<expres><![CDATA["a"="([^"]*)]]></expres>
<page>https://raw.githubusercontent.com/Magic-Dust/MagicDust/master/arconai.txt</page>
</regex>
<regex>
<name>Address3</name>
<expres><![CDATA["c"="([^"]*)]]></expres>
<page>https://raw.githubusercontent.com/Magic-Dust/MagicDust/master/arconai.txt</page>
</regex>
</subitem>

<subitem>
<title>The Princess Bride</title>
<thumbnail>https://film.org/wp-content/uploads/2018/03/ThePrincessBride-web_original.jpg</thumbnail>
<fanart>https://$doregex[Address]/logo.png</fanart>
<link>https://$doregex[Address3].$doregex[Address]/Movies/ThePrincessBride1987.mp4</link>
<regex>
<name>Address</name>
<expres><![CDATA["x"="([^"]*)]]></expres>
<page>https://raw.githubusercontent.com/Magic-Dust/MagicDust/master/arconai.txt</page>
</regex>
<regex>
<name>Address2</name>
<expres><![CDATA["a"="([^"]*)]]></expres>
<page>https://raw.githubusercontent.com/Magic-Dust/MagicDust/master/arconai.txt</page>
</regex>
<regex>
<name>Address3</name>
<expres><![CDATA["c"="([^"]*)]]></expres>
<page>https://raw.githubusercontent.com/Magic-Dust/MagicDust/master/arconai.txt</page>
</regex>
</subitem>

<subitem>
<title>Troy</title>
<thumbnail>https://static.tvtropes.org/pmwiki/pub/images/TROY.jpg</thumbnail>
<fanart>https://$doregex[Address]/logo.png</fanart>
<link>https://$doregex[Address3].$doregex[Address]/Movies/Troy2004.mp4</link>
<regex>
<name>Address</name>
<expres><![CDATA["x"="([^"]*)]]></expres>
<page>https://raw.githubusercontent.com/Magic-Dust/MagicDust/master/arconai.txt</page>
</regex>
<regex>
<name>Address2</name>
<expres><![CDATA["a"="([^"]*)]]></expres>
<page>https://raw.githubusercontent.com/Magic-Dust/MagicDust/master/arconai.txt</page>
</regex>
<regex>
<name>Address3</name>
<expres><![CDATA["c"="([^"]*)]]></expres>
<page>https://raw.githubusercontent.com/Magic-Dust/MagicDust/master/arconai.txt</page>
</regex>
</subitem>

<subitem>
<title>Waiting</title>
<thumbnail>http://content9.flixster.com/movie/11/17/77/11177767_800.jpg</thumbnail>
<fanart>https://$doregex[Address]/logo.png</fanart>
<link>https://$doregex[Address2].$doregex[Address]/Movies/Waiting.2005.mp4</link>
<regex>
<name>Address</name>
<expres><![CDATA["x"="([^"]*)]]></expres>
<page>https://raw.githubusercontent.com/Magic-Dust/MagicDust/master/arconai.txt</page>
</regex>
<regex>
<name>Address2</name>
<expres><![CDATA["a"="([^"]*)]]></expres>
<page>https://raw.githubusercontent.com/Magic-Dust/MagicDust/master/arconai.txt</page>
</regex>
<regex>
<name>Address3</name>
<expres><![CDATA["c"="([^"]*)]]></expres>
<page>https://raw.githubusercontent.com/Magic-Dust/MagicDust/master/arconai.txt</page>
</regex>
</subitem>

<subitem>
<title>Walk Hard The Dewey Cox Story</title>
<thumbnail>https://image.tmdb.org/t/p/original/yfzNTre4BrEPw9UOpZky12N5nln.jpg</thumbnail>
<fanart>https://$doregex[Address]/logo.png</fanart>
<link>https://$doregex[Address2].$doregex[Address]/Movies/Walk.Hard.The.Dewey.Cox.Story.2007.mp4</link>
<regex>
<name>Address</name>
<expres><![CDATA["x"="([^"]*)]]></expres>
<page>https://raw.githubusercontent.com/Magic-Dust/MagicDust/master/arconai.txt</page>
</regex>
<regex>
<name>Address2</name>
<expres><![CDATA["a"="([^"]*)]]></expres>
<page>https://raw.githubusercontent.com/Magic-Dust/MagicDust/master/arconai.txt</page>
</regex>
<regex>
<name>Address3</name>
<expres><![CDATA["c"="([^"]*)]]></expres>
<page>https://raw.githubusercontent.com/Magic-Dust/MagicDust/master/arconai.txt</page>
</regex>
</subitem>

<subitem>
<title>Zoolander</title>
<thumbnail>https://fanart.tv/fanart/movies/9398/movieposter/zoolander-556b6ef0404f4.jpg</thumbnail>
<fanart>https://$doregex[Address]/logo.png</fanart>
<link>https://$doregex[Address2].$doregex[Address]/Movies/Zoolander.2001.mp4</link>
<regex>
<name>Address</name>
<expres><![CDATA["x"="([^"]*)]]></expres>
<page>https://raw.githubusercontent.com/Magic-Dust/MagicDust/master/arconai.txt</page>
</regex>
<regex>
<name>Address2</name>
<expres><![CDATA["a"="([^"]*)]]></expres>
<page>https://raw.githubusercontent.com/Magic-Dust/MagicDust/master/arconai.txt</page>
</regex>
<regex>
<name>Address3</name>
<expres><![CDATA["c"="([^"]*)]]></expres>
<page>https://raw.githubusercontent.com/Magic-Dust/MagicDust/master/arconai.txt</page>
</regex>
</subitem>

</subitems>
</items>
</subchannel>
</channel>
</channels>

