<item>
<title>[COLOR gold]Hurricane Central[/COLOR]</title>
<thumbnail>https://www.redcross.org/content/dam/redcross/icons/disasters/hurricane/Hurricane-1000x1000-R-RC.png.img.png</thumbnail>
<fanart>https://github.com/Magic-Dust/MagicDust/raw/master/fanart.jpg</fanart>
<link>$doregex[makelist]</link>
<regex>
<name>makelist</name>
<listrepeat><![CDATA[
  <title>[COLOR gold][makelist.param2][/COLOR]</title>
  <urlsolve>https://www.youtube.com/watch?v=[makelist.param3]</urlsolve>
  <thumbnail>[makelist.param1]</thumbnail>
  <fanart>https://github.com/Magic-Dust/MagicDust/raw/master/fanart.jpg</fanart>
]]></listrepeat>
  <expres><![CDATA["thumbnail":{"thumbnails":\[{"url":"([^"]*)".*?"title":{"runs":\[{"text":"([^"]*)".*?watch\?v=([^"]*)]]></expres>
  <page>https://www.youtube.com/results?search_query=hurricane</page>
</regex>
</item>

