<item>
<title>MLB</title>
<link>$doregex[makelist]</link>
<thumbnail>https://freepngimg.com/download/major_league_baseball/29753-5-mlb-photos.png</thumbnail>
<fanart>https://github.com/Magic-Dust/MagicDust/raw/master/fanart.jpg</fanart>
<regex>
<name>makelist</name>
<listrepeat><![CDATA[
<title>[COLOR orange][makelist.param1][/COLOR] -[makelist.param3]</title>
<link>$doregex[Gamelinks]</link>
<thumbnail>https://freepngimg.com/download/major_league_baseball/29753-5-mlb-photos.png</thumbnail>
<fanart>https://github.com/Magic-Dust/MagicDust/raw/master/fanart.jpg</fanart>
]]></listrepeat>
<expres><![CDATA[: ([^<\]]*\])<.*?<li.*?href="([^"]*)[^>]*>([^<]*)]]></expres>
<page>$doregex[homecookie]</page>
</regex>
<regex>
<name>Gamelinks</name>
<listrepeat><![CDATA[
<title>[COLOR orange][Gamelinks.param1][/COLOR] -[Gamelinks.param2]</title>
<link>$doregex[Gameurl]</link>
<thumbnail>https://freepngimg.com/download/major_league_baseball/29753-5-mlb-photos.png</thumbnail>
<fanart>https://github.com/Magic-Dust/MagicDust/raw/master/fanart.jpg</fanart>
]]></listrepeat>
<expres><![CDATA[strong.*?strong[^<]*<a href="(http[^"]*)[^\|]*\|([^<]*)]]></expres>
<page>[makelist.param2]</page>
</regex>
<regex>
<name>Gameurl</name>
<expres><![CDATA[#$pyFunction
def GetLSProData(page_data,Cookie_Jar,m,url='[Gamelinks.param1]'):
   import liveresolver
   u = liveresolver.resolve(url)
   return u
]]></expres>
<page></page>
<cookieJar></cookieJar>
</regex>
<regex>
<name>homecookie</name>
<expres>$pyFunction:sucuri_cookie.createCookie('https://www.reddit.com/r/MLBStreams/',Cookie_Jar,'Mozilla/5.0 (Windows NT 10.0) AppleWebKit/537.36 (KHTML, like Gecko) Chrome/64.0.3282.140 Safari/537.36 Edge/18.17763')</expres>
<page></page>
</regex>
</item>

<item>
<title>NCAA Basketball</title>
<link>$doregex[makelist]</link>
<thumbnail>https://amhsnewspaper.com/wp-content/uploads/2017/02/NCAA-March-Madness.png</thumbnail>
<fanart>https://github.com/Magic-Dust/MagicDust/raw/master/fanart.jpg</fanart>
<regex>
<name>makelist</name>
<listrepeat><![CDATA[
<title>[COLOR orange][makelist.param1][/COLOR] -[makelist.param3]</title>
<link>$doregex[Gamelinks]</link>
<thumbnail>https://amhsnewspaper.com/wp-content/uploads/2017/02/NCAA-March-Madness.png</thumbnail>
<fanart>https://github.com/Magic-Dust/MagicDust/raw/master/fanart.jpg</fanart>
]]></listrepeat>
<expres><![CDATA[: ([^<\]]*\])<.*?<li.*?href="([^"]*)[^>]*>([^<]*)]]></expres>
<page>$doregex[homecookie]</page>
</regex>
<regex>
<name>Gamelinks</name>
<listrepeat><![CDATA[
<title>[COLOR orange][Gamelinks.param1][/COLOR] -[Gamelinks.param2]</title>
<link>$doregex[Gameurl]</link>
<thumbnail>https://amhsnewspaper.com/wp-content/uploads/2017/02/NCAA-March-Madness.png</thumbnail>
<fanart>https://github.com/Magic-Dust/MagicDust/raw/master/fanart.jpg</fanart>
]]></listrepeat>
<expres><![CDATA[strong.*?strong[^<]*<a href="(http[^"]*)[^\|]*\|([^<]*)]]></expres>
<page>[makelist.param2]</page>
</regex>
<regex>
<name>Gameurl</name>
<expres><![CDATA[#$pyFunction
def GetLSProData(page_data,Cookie_Jar,m,url='[Gamelinks.param1]'):
   import liveresolver
   u = liveresolver.resolve(url)
   return u
]]></expres>
<page></page>
<cookieJar></cookieJar>
</regex>
<regex>
<name>homecookie</name>
<expres>$pyFunction:sucuri_cookie.createCookie('https://www.reddit.com/r/ncaaBBallStreams/',Cookie_Jar,'Mozilla/5.0 (Windows NT 10.0) AppleWebKit/537.36 (KHTML, like Gecko) Chrome/64.0.3282.140 Safari/537.36 Edge/18.17763')</expres>
<page></page>
</regex>
</item>

<item>
<title>NBA</title>
<link>$doregex[makelist]</link>
<thumbnail>https://www.iphonelife.com/sites/iphonelife.com/files/NBA-Logo.png</thumbnail>
<fanart>https://github.com/Magic-Dust/MagicDust/raw/master/fanart.jpg</fanart>
<regex>
<name>makelist</name>
<listrepeat><![CDATA[
<title>[COLOR orange][makelist.param2][/COLOR] -[makelist.param3]</title>
<link>$doregex[gameurl]$$LSPlayOnlyOne$$</link>
<link>$doregex[gameurlB]</link>
<thumbnail>https://www.iphonelife.com/sites/iphonelife.com/files/NBA-Logo.png</thumbnail>
<fanart>https://github.com/Magic-Dust/MagicDust/raw/master/fanart.jpg</fanart>
]]></listrepeat>
<expres><![CDATA[<a href='([^']*)[^<]*<[^<]*<[^<]*<[^<]*<[^<]*<[^<]*[^>]*>([^<]*)[^>]*>[^>]*>([^<]*)]]></expres>
<page>$doregex[homecookie]</page>
</regex>
<regex>
<name>hoster</name>
<expres><![CDATA[<iframe.*?src="([^"]*)]]></expres>
<page>[makelist.param1]</page>
</regex>
<regex>
<name>gameurl</name>
<expres><![CDATA[source: "([^"]*)]]></expres>
<page>$doregex[hoster]</page>
</regex>
<regex>
<name>gameurlB</name>
<expres><![CDATA[source: "([^"]*)]]></expres>
<page>[makelist.param1]/$doregex[hoster]</page>
</regex>
<regex>
<name>homecookie</name>
<expres>$pyFunction:sucuri_cookie.createCookie('http://crackstreams.com/nbastreams/',Cookie_Jar,'Mozilla/5.0 (Windows NT 10.0) AppleWebKit/537.36 (KHTML, like Gecko) Chrome/64.0.3282.140 Safari/537.36 Edge/18.17763')</expres>
<page></page>
</regex>
</item>

<item>
<title>NCAA Football</title>
<link>$doregex[makelist]</link>
<thumbnail>https://s22908.pcdn.co/stream-sports/wp-content/uploads/sites/3/2016/08/ncaa-football-280x280.png</thumbnail>
<fanart>https://github.com/Magic-Dust/MagicDust/raw/master/fanart.jpg</fanart>
<regex>
<name>makelist</name>
<listrepeat><![CDATA[
<title>[COLOR orange][makelist.param2][/COLOR] -[makelist.param3]</title>
<link>$doregex[gameurl]$$LSPlayOnlyOne$$</link>
<link>$doregex[gameurlB]</link>
<thumbnail>https://s22908.pcdn.co/stream-sports/wp-content/uploads/sites/3/2016/08/ncaa-football-280x280.png</thumbnail>
<fanart>https://github.com/Magic-Dust/MagicDust/raw/master/fanart.jpg</fanart>
]]></listrepeat>
<expres><![CDATA[<a href='([^']*)[^<]*<[^<]*<[^<]*<[^<]*<[^<]*<[^<]*[^>]*>([^<]*)[^>]*>[^>]*>([^<]*)]]></expres>
<page>$doregex[homecookie]</page>
</regex>
<regex>
<name>hoster</name>
<expres><![CDATA[<iframe.*?src="([^"]*)]]></expres>
<page>[makelist.param1]</page>
</regex>
<regex>
<name>gameurl</name>
<expres><![CDATA[source: "([^"]*)]]></expres>
<page>[makelist.param1]/$doregex[hoster]</page>
</regex>
<regex>
<name>gameurlB</name>
<expres><![CDATA[source: "([^"]*)]]></expres>
<page>[makelist.param1]/$doregex[hoster]</page>
</regex>
<regex>
<name>homecookie</name>
<expres>$pyFunction:sucuri_cookie.createCookie('http://crackstreams.com/cfbstreams/',Cookie_Jar,'Mozilla/5.0 (Windows NT 10.0) AppleWebKit/537.36 (KHTML, like Gecko) Chrome/64.0.3282.140 Safari/537.36 Edge/18.17763')</expres>
<page></page>
</regex>
</item>

<item>
<title>NFL</title>
<link>$doregex[makelist]</link>
<thumbnail>http://2.bp.blogspot.com/-NFFnhJPlg74/UEbswL9AmMI/AAAAAAAAEYw/3aQAG9gDGqs/s1600/NFL+Logo+08.png</thumbnail>
<fanart>https://github.com/Magic-Dust/MagicDust/raw/master/fanart.jpg</fanart>
<regex>
<name>makelist</name>
<listrepeat><![CDATA[
<title>[COLOR orange][makelist.param2][/COLOR] -[makelist.param3]</title>
<link>$doregex[gameurl]$$LSPlayOnlyOne$$</link>
<link>$doregex[gameurlB]</link>
<thumbnail>https://s22908.pcdn.co/stream-sports/wp-content/uploads/sites/3/2016/08/ncaa-football-280x280.png</thumbnail>
<fanart>https://github.com/Magic-Dust/MagicDust/raw/master/fanart.jpg</fanart>
]]></listrepeat>
<expres><![CDATA[<a href='([^']*)[^<]*<[^<]*<[^<]*<[^<]*<[^<]*<[^<]*[^>]*>([^<]*)[^>]*>[^>]*>([^<]*)]]></expres>
<page>$doregex[homecookie]</page>
</regex>
<regex>
<name>hoster</name>
<expres><![CDATA[<iframe.*?src="([^"]*)]]></expres>
<page>[makelist.param1]</page>
</regex>
<regex>
<name>gameurl</name>
<expres><![CDATA[source: "([^"]*)]]></expres>
<page>[makelist.param1]/$doregex[hoster]</page>
</regex>
<regex>
<name>gameurlB</name>
<expres><![CDATA[source: "([^"]*)]]></expres>
<page>[makelist.param1]/$doregex[hoster]</page>
</regex>
<regex>
<name>homecookie</name>
<expres>$pyFunction:sucuri_cookie.createCookie('http://crackstreams.com/nfl-streams/',Cookie_Jar,'Mozilla/5.0 (Windows NT 10.0) AppleWebKit/537.36 (KHTML, like Gecko) Chrome/64.0.3282.140 Safari/537.36 Edge/18.17763')</expres>
<page></page>
</regex>
</item>

<item>
<title>NHL</title>
<link>$doregex[makelist]</link>
<thumbnail>http://2.bp.blogspot.com/-owuDiJmYRKo/TvPXuWzB45I/AAAAAAAADXY/qAOckKR7qJo/s1600/NHL+Network+logo+2011.png</thumbnail>
<fanart>https://github.com/Magic-Dust/MagicDust/raw/master/fanart.jpg</fanart>
<regex>
<name>makelist</name>
<listrepeat><![CDATA[
<title>[COLOR orange][makelist.param1][/COLOR] -[makelist.param3]</title>
<link>$doregex[Gamelinks]</link>
<thumbnail>http://2.bp.blogspot.com/-owuDiJmYRKo/TvPXuWzB45I/AAAAAAAADXY/qAOckKR7qJo/s1600/NHL+Network+logo+2011.png</thumbnail>
<fanart>https://github.com/Magic-Dust/MagicDust/raw/master/fanart.jpg</fanart>
]]></listrepeat>
<expres><![CDATA[: ([^<\]]*\])<.*?<li.*?href="([^"]*)[^>]*>([^<]*)]]></expres>
<page>$doregex[homecookie]</page>
</regex>
<regex>
<name>Gamelinks</name>
<listrepeat><![CDATA[
<title>[COLOR orange][Gamelinks.param1][/COLOR] -[Gamelinks.param2]</title>
<link>$doregex[Gameurl]</link>
<thumbnail>http://2.bp.blogspot.com/-owuDiJmYRKo/TvPXuWzB45I/AAAAAAAADXY/qAOckKR7qJo/s1600/NHL+Network+logo+2011.png</thumbnail>
<fanart>https://github.com/Magic-Dust/MagicDust/raw/master/fanart.jpg</fanart>
]]></listrepeat>
<expres><![CDATA[strong.*?strong[^<]*<a href="(http[^"]*)[^\|]*\|([^<]*)]]></expres>
<page>[makelist.param2]</page>
</regex>
<regex>
<name>Gameurl</name>
<expres><![CDATA[#$pyFunction
def GetLSProData(page_data,Cookie_Jar,m,url='[Gamelinks.param1]'):
   import liveresolver
   u = liveresolver.resolve(url)
   return u
]]></expres>
<page></page>
<cookieJar></cookieJar>
</regex>
<regex>
<name>homecookie</name>
<expres>$pyFunction:sucuri_cookie.createCookie('https://www.reddit.com/r/NHLStreams/',Cookie_Jar,'Mozilla/5.0 (Windows NT 10.0) AppleWebKit/537.36 (KHTML, like Gecko) Chrome/64.0.3282.140 Safari/537.36 Edge/18.17763')</expres>
<page></page>
</regex>
</item>

<item>
<title>MMA\UFC</title>
<link>$doregex[makelist]</link>
<thumbnail>http://clipart-library.com/image_gallery/590620.png</thumbnail>
<fanart>https://github.com/Magic-Dust/MagicDust/raw/master/fanart.jpg</fanart>
<regex>
<name>makelist</name>
<listrepeat><![CDATA[
<title>[COLOR orange][makelist.param2][/COLOR] -[makelist.param3]</title>
<link>$doregex[gameurl]$$LSPlayOnlyOne$$</link>
<link>$doregex[gameurlB]</link>
<thumbnail>http://clipart-library.com/image_gallery/590620.png</thumbnail>
<fanart>https://github.com/Magic-Dust/MagicDust/raw/master/fanart.jpg</fanart>
]]></listrepeat>
<expres><![CDATA[<a href='([^']*)[^<]*<[^<]*<[^<]*<[^<]*<[^<]*<[^<]*[^>]*>([^<]*)[^>]*>[^>]*>([^<]*)]]></expres>
<page>$doregex[homecookie]</page>
</regex>
<regex>
<name>hoster</name>
<expres><![CDATA[<iframe.*?src="([^"]*)]]></expres>
<page>[makelist.param1]</page>
</regex>
<regex>
<name>gameurl</name>
<expres><![CDATA[source: "([^"]*)]]></expres>
<page>[makelist.param1]/$doregex[hoster]</page>
</regex>
<regex>
<name>gameurlB</name>
<expres><![CDATA[source: "([^"]*)]]></expres>
<page>[makelist.param1]/$doregex[hoster]</page>
</regex>
<regex>
<name>homecookie</name>
<expres>$pyFunction:sucuri_cookie.createCookie('http://crackstreams.com/mmastreams/',Cookie_Jar,'Mozilla/5.0 (Windows NT 10.0) AppleWebKit/537.36 (KHTML, like Gecko) Chrome/64.0.3282.140 Safari/537.36 Edge/18.17763')</expres>
<page></page>
</regex>
</item>

<item>
<title>Boxing</title>
<link>$doregex[makelist]</link>
<thumbnail>http://www.pngall.com/wp-content/uploads/2016/05/Boxing-Gloves-PNG-HD.png</thumbnail>
<fanart>https://github.com/Magic-Dust/MagicDust/raw/master/fanart.jpg</fanart>
<regex>
<name>makelist</name>
<listrepeat><![CDATA[
<title>[COLOR orange][makelist.param2][/COLOR] -[makelist.param3]</title>
<link>$doregex[gameurl]$$LSPlayOnlyOne$$</link>
<link>$doregex[gameurlB]</link>
<thumbnail>http://www.pngall.com/wp-content/uploads/2016/05/Boxing-Gloves-PNG-HD.png</thumbnail>
<fanart>https://github.com/Magic-Dust/MagicDust/raw/master/fanart.jpg</fanart>
]]></listrepeat>
<expres><![CDATA[<a href='([^']*)[^<]*<[^<]*<[^<]*<[^<]*<[^<]*<[^<]*[^>]*>([^<]*)[^>]*>[^>]*>([^<]*)]]></expres>
<page>$doregex[homecookie]</page>
</regex>
<regex>
<name>hoster</name>
<expres><![CDATA[<iframe.*?src="([^"]*)]]></expres>
<page>[makelist.param1]</page>
</regex>
<regex>
<name>gameurl</name>
<expres><![CDATA[source: "([^"]*)]]></expres>
<page>[makelist.param1]/$doregex[hoster]</page>
</regex>
<regex>
<name>gameurlB</name>
<expres><![CDATA[source: "([^"]*)]]></expres>
<page>[makelist.param1]/$doregex[hoster]</page>
</regex>
<regex>
<name>homecookie</name>
<expres>$pyFunction:sucuri_cookie.createCookie('http://crackstreams.com/boxingstreams/',Cookie_Jar,'Mozilla/5.0 (Windows NT 10.0) AppleWebKit/537.36 (KHTML, like Gecko) Chrome/64.0.3282.140 Safari/537.36 Edge/18.17763')</expres>
<page></page>
</regex>
</item>

<item>
<title>WWE</title>
<link>$doregex[makelist]</link>
<thumbnail>http://1.bp.blogspot.com/-DCum4-haq7o/U5nKKmofn2I/AAAAAAAAKoI/SwzfE4rNRW4/s1600/WWE-Network-Logo.png</thumbnail>
<fanart>https://github.com/Magic-Dust/MagicDust/raw/master/fanart.jpg</fanart>
<regex>
<name>makelist</name>
<listrepeat><![CDATA[
<title>[COLOR orange][makelist.param1][/COLOR] -[makelist.param3]</title>
<link>$doregex[Gamelinks]</link>
<thumbnail>http://1.bp.blogspot.com/-DCum4-haq7o/U5nKKmofn2I/AAAAAAAAKoI/SwzfE4rNRW4/s1600/WWE-Network-Logo.png</thumbnail>
<fanart>https://github.com/Magic-Dust/MagicDust/raw/master/fanart.jpg</fanart>
]]></listrepeat>
<expres><![CDATA[data-permalink=".*?"title".*?href[^>]*>([^<]*).*?<li class="first".*?href="([^"]*)[^>]*>([^<]*)]]></expres>
<page>$doregex[homecookie]</page>
</regex>
<regex>
<name>Gamelinks</name>
<listrepeat><![CDATA[
<title>[COLOR orange][Gamelinks.param1][/COLOR] -[Gamelinks.param2]</title>
<link>$doregex[Gameurl]</link>
<thumbnail>http://1.bp.blogspot.com/-DCum4-haq7o/U5nKKmofn2I/AAAAAAAAKoI/SwzfE4rNRW4/s1600/WWE-Network-Logo.png</thumbnail>
<fanart>https://github.com/Magic-Dust/MagicDust/raw/master/fanart.jpg</fanart>
]]></listrepeat>
<expres><![CDATA[strong.*?strong[^<]*<a href="(http[^"]*)[^\|]*\|([^<]*)]]></expres>
<page>[makelist.param2]</page>
</regex>
<regex>
<name>Gameurl</name>
<expres><![CDATA[#$pyFunction
def GetLSProData(page_data,Cookie_Jar,m,url='[Gamelinks.param1]'):
   import liveresolver
   u = liveresolver.resolve(url)
   return u
]]></expres>
<page></page>
<cookieJar></cookieJar>
</regex>
<regex>
<name>homecookie</name>
<expres>$pyFunction:sucuri_cookie.createCookie('https://www.reddit.com/r/WWEstreams/',Cookie_Jar,'Mozilla/5.0 (Windows NT 10.0) AppleWebKit/537.36 (KHTML, like Gecko) Chrome/64.0.3282.140 Safari/537.36 Edge/18.17763')</expres>
<page></page>
</regex>
</item>