<item>
<title>ustvGO A</title>
<link>$doregex[makelist]</link>
<regex>
<name>makelist</name>
<listrepeat><![CDATA[
  <title>[makelist.param2] - [makelist.param1]</title>
  <link>$doregex[getUrl]|User-Agent=iPad&amp;Referer=https://ustvgo.tv/</link>
  <thumbnail></thumbnail>
]]></listrepeat>
<expres><![CDATA[[g|i]><a href="(https:\/\/ustvgo.tv\/[^\/]*\/)">([^<]*)<\/]]></expres>
<page>https://ustvgo.tv/</page>
</regex>
<regex>
<name>getUrl</name>
<expres>(.*)</expres>
<page>https://ustvgo.tv/data.php</page>
<referer>https://ustvgo.tv/</referer>
<post>stream:$doregex[stripper]</post>
</regex>
<regex>
<name>stripper</name>
<expres>src='\/clappr[^=]*=([^']*)</expres>
<page>[makelist.param1]</page>
</regex>
</item>

<item>
<title>ustvGO B</title>
<link>$doregex[makelist]</link>
<regex>
<name>makelist</name>
<listrepeat><![CDATA[
  <title>[makelist.param2] - [makelist.param1]</title>
  <link>$doregex[getUrl]|User-Agent=iPad&amp;Referer=https://ustvgo.tv/</link>
  <thumbnail></thumbnail>
]]></listrepeat>
<expres><![CDATA[[[g|i]><a href="(https:\/\/ustvgo.tv\/[^\/]*\/)"><strong>([^<]*)]]></expres>
<page>https://ustvgo.tv/</page>
</regex>
<regex>
<name>getUrl</name>
<expres>(.*)</expres>
<page>https://ustvgo.tv/data.php</page>
<referer>https://ustvgo.tv/</referer>
<post>stream:$doregex[stripper]</post>
</regex>
<regex>
<name>stripper</name>
<expres>src='\/clappr[^=]*=([^']*)</expres>
<page>[makelist.param1]</page>
</regex>
</item>