<item>
<title>ustv247.tv A</title>
<link>$doregex[makelist]</link>
<regex>
<name>makelist</name>
<listrepeat><![CDATA[
  <title>[makelist.param2] - [makelist.param1]</title>
  <link>$doregex[getUrl]|User-Agent=iPad&amp;Referer=https://ustv247.tv/</link>
  <thumbnail></thumbnail>
]]></listrepeat>
<expres><![CDATA[[[g|i]><a href="(https:\/\/ustv247.tv\/[^\/]*\/)">([^<]*)<\/]]></expres>
<page>https://ustv247.tv/</page>
</regex>
<regex>
<name>getUrl</name>
<expres>(.*)</expres>
<page>https://ustv247.tv/data.php</page>
<referer>https://ustv247.tv/</referer>
<post>stream:$doregex[stripper]</post>
</regex>
<regex>
<name>stripper</name>
<expres>src='\/clappr[^=]*=([^']*)</expres>
<page>[makelist.param1]</page>
</regex>
</item>

<item>
<title>ustv247.tv B</title>
<link>$doregex[makelist]</link>
<regex>
<name>makelist</name>
<listrepeat><![CDATA[
  <title>[makelist.param2] - [makelist.param1]</title>
  <link>$doregex[getUrl]|User-Agent=iPad&amp;Referer=https://ustv247.tv/</link>
  <thumbnail></thumbnail>
]]></listrepeat>
<expres><![CDATA[[[g|i]><a href="(https:\/\/ustv247.tv\/[^\/]*\/)"><strong>([^<]*)]]></expres>
<page>https://ustv247.tv/</page>
</regex>
<regex>
<name>getUrl</name>
<expres>(.*)</expres>
<page>https://ustv247.tv/data.php</page>
<referer>https://ustv247.tv/</referer>
<post>stream:$doregex[stripper]</post>
</regex>
<regex>
<name>stripper</name>
<expres>src='\/clappr[^=]*=([^']*)</expres>
<page>[makelist.param1]</page>
</regex>
</item>