<item>
<title>WPDE</title>
<thumbnail>https://yt3.ggpht.com/-c_qMPBpxrhg/AAAAAAAAAAI/AAAAAAAAAAA/XxUteOHOKLM/s900-c-k-no/photo.jpg</thumbnail>
<fanart>https://github.com/Magic-Dust/MagicDust/raw/master/fanart.jpg</fanart>
<link>$doregex[makelist]</link>
<regex>
<name>makelist</name>
<listrepeat><![CDATA[
  <title>[makelist.param1]</title>
  <link>$doregex[cleanlink]</link>
  <thumbnail>$doregex[cleanthumb]</thumbnail>
  <fanart>$doregex[cleanthumb]</fanart>
]]></listrepeat>
<expres><![CDATA["storyUuid":".+?"title":"([^"]*).+?"videoThumbUrl":"([^"]*)","videoUrl":"([^"]*)"]]></expres>
<page>https://wpde.com/watch</page>
</regex>
<regex>
<name>cleanthumb</name>
<expres>$pyFunction:'[makelist.param2]'.replace('/','\')</expres>
<page></page>
</regex>
<regex>
<name>cleanlink</name>
<expres>$pyFunction:'[makelist.param3]'.replace('/','\')</expres>
<page></page>
</regex>
</item>
</item>