<item>
<title>AmericanDad</title>
<thumbnail>http://i.huffpost.com/gen/1246754/thumbs/o-AMERICAN-DAD-TBS-facebook.jpg</thumbnail>
<fanart>https://$doregex[Address]/logo.png</fanart>
<link>$doregex[makelist]</link>
<regex>
<name>makelist</name>
<listrepeat><![CDATA[
  <title>[makelist.param1]</title>
  <link>https://$doregex[Address3].$doregex[Address]/AmericanDad/[makelist.param1]</link>
  <thumbnail></thumbnail>
  <fanart>https://$doregex[Address]/logo.png</fanart>
]]></listrepeat>
<expres><![CDATA[<a href="(S[^"]*)">(.*?)<]]></expres>
<page>https://$doregex[Address3].$doregex[Address]/AmericanDad/</page>
</regex>
<regex>
<name>Address</name>
<expres><![CDATA["x"="([^"]*)]]></expres>
<page>https://raw.githubusercontent.com/Magic-Dust/MagicDust/master/arconai.txt</page>
</regex>
<regex>
<name>Address2</name>
<expres><![CDATA["a"="([^"]*)]]></expres>
<page>https://raw.githubusercontent.com/Magic-Dust/MagicDust/master/arconai.txt</page>
</regex>
<regex>
<name>Address3</name>
<expres><![CDATA["c"="([^"]*)]]></expres>
<page>https://raw.githubusercontent.com/Magic-Dust/MagicDust/master/arconai.txt</page>
</regex>
</item>

<item>
<title>BigBangTheory</title>
<thumbnail>https://fanart.tv/fanart/tv/80379/tvposter/the-big-bang-theory-56a15211cd64f.jpg</thumbnail>
<fanart>https://$doregex[Address]/logo.png</fanart>
<link>$doregex[makelist]</link>
<regex>
<name>makelist</name>
<listrepeat><![CDATA[
  <title>[makelist.param1]</title>
  <link>https://$doregex[Address2].$doregex[Address]/BigBangTheory/[makelist.param1]</link>
  <thumbnail></thumbnail>
  <fanart>https://$doregex[Address]/logo.png</fanart>
]]></listrepeat>
<expres><![CDATA[<a href="(S[^"]*)">(.*?)<]]></expres>
<page>https://$doregex[Address2].$doregex[Address]/BigBangTheory/</page>
</regex>
<regex>
<name>Address</name>
<expres><![CDATA["x"="([^"]*)]]></expres>
<page>https://raw.githubusercontent.com/Magic-Dust/MagicDust/master/arconai.txt</page>
</regex>
<regex>
<name>Address2</name>
<expres><![CDATA["a"="([^"]*)]]></expres>
<page>https://raw.githubusercontent.com/Magic-Dust/MagicDust/master/arconai.txt</page>
</regex>
<regex>
<name>Address3</name>
<expres><![CDATA["c"="([^"]*)]]></expres>
<page>https://raw.githubusercontent.com/Magic-Dust/MagicDust/master/arconai.txt</page>
</regex>
</item>

<item>
<title>FamilyGuy</title>
<thumbnail>http://2.bp.blogspot.com/-X3WgPKUJIlc/U3G5_ryhp_I/AAAAAAAAeLc/U73kQAvM1tg/s1600/familyguy.png</thumbnail>
<fanart>https://$doregex[Address]/logo.png</fanart>
<link>$doregex[makelist]</link>
<regex>
<name>makelist</name>
<listrepeat><![CDATA[
  <title>[makelist.param1]</title>
  <link>https://$doregex[Address2].$doregex[Address]/BigBangTheory/[makelist.param1]</link>
  <thumbnail></thumbnail>
  <fanart>https://$doregex[Address]/logo.png</fanart>
]]></listrepeat>
<expres><![CDATA[<a href="(S[^"]*)">(.*?)<]]></expres>
<page>https://$doregex[Address2].$doregex[Address]/FamilyGuy__/</page>
</regex>
<regex>
<name>Address</name>
<expres><![CDATA["x"="([^"]*)]]></expres>
<page>https://raw.githubusercontent.com/Magic-Dust/MagicDust/master/arconai.txt</page>
</regex>
<regex>
<name>Address2</name>
<expres><![CDATA["a"="([^"]*)]]></expres>
<page>https://raw.githubusercontent.com/Magic-Dust/MagicDust/master/arconai.txt</page>
</regex>
<regex>
<name>Address3</name>
<expres><![CDATA["c"="([^"]*)]]></expres>
<page>https://raw.githubusercontent.com/Magic-Dust/MagicDust/master/arconai.txt</page>
</regex>
</item>

<item>
<title>Frasier</title>
<thumbnail>https://pisces.bbystatic.com/image2/BestBuy_US/images/products/6392/6392682_so.jpg</thumbnail>
<fanart>https://$doregex[Address]/logo.png</fanart>
<link>$doregex[makelist]</link>
<regex>
<name>makelist</name>
<listrepeat><![CDATA[
  <title>[makelist.param1]</title>
  <link>https://$doregex[Address3].$doregex[Address]/Frasier/[makelist.param1]</link>
  <thumbnail></thumbnail>
  <fanart>https://$doregex[Address]/logo.png</fanart>
]]></listrepeat>
<expres><![CDATA[<a href="(S[^"]*)">(.*?)<]]></expres>
<page>https://$doregex[Address3].$doregex[Address]/Frasier/</page>
</regex>
<regex>
<name>Address</name>
<expres><![CDATA["x"="([^"]*)]]></expres>
<page>https://raw.githubusercontent.com/Magic-Dust/MagicDust/master/arconai.txt</page>
</regex>
<regex>
<name>Address2</name>
<expres><![CDATA["a"="([^"]*)]]></expres>
<page>https://raw.githubusercontent.com/Magic-Dust/MagicDust/master/arconai.txt</page>
</regex>
<regex>
<name>Address3</name>
<expres><![CDATA["c"="([^"]*)]]></expres>
<page>https://raw.githubusercontent.com/Magic-Dust/MagicDust/master/arconai.txt</page>
</regex>
</item>

<item>
<title>Friends</title>
<thumbnail>http://www.hd-compare.de/_cover/friends_pilot_bd.jpg</thumbnail>
<fanart>https://$doregex[Address]/logo.png</fanart>
<link>$doregex[makelist]</link>
<regex>
<name>makelist</name>
<listrepeat><![CDATA[
  <title>[makelist.param1]</title>
  <link>https://$doregex[Address3].$doregex[Address]/Friends/[makelist.param1]</link>
  <thumbnail></thumbnail>
  <fanart>https://$doregex[Address]/logo.png</fanart>
]]></listrepeat>
<expres><![CDATA[<a href="(S[^"]*)">(.*?)<]]></expres>
<page>https://$doregex[Address3].$doregex[Address]/Friends/</page>
</regex>
<regex>
<name>Address</name>
<expres><![CDATA["x"="([^"]*)]]></expres>
<page>https://raw.githubusercontent.com/Magic-Dust/MagicDust/master/arconai.txt</page>
</regex>
<regex>
<name>Address2</name>
<expres><![CDATA["a"="([^"]*)]]></expres>
<page>https://raw.githubusercontent.com/Magic-Dust/MagicDust/master/arconai.txt</page>
</regex>
<regex>
<name>Address3</name>
<expres><![CDATA["c"="([^"]*)]]></expres>
<page>https://raw.githubusercontent.com/Magic-Dust/MagicDust/master/arconai.txt</page>
</regex>
</item>

<item>
<title>Goosebumps</title>
<thumbnail>https://cdn.shopify.com/s/files/1/0674/9357/products/1_567f6fc7-834a-43fe-95a9-b7b7abfede4b.jpg?v=1439321501</thumbnail>
<fanart>https://$doregex[Address]/logo.png</fanart>
<link>$doregex[makelist]</link>
<regex>
<name>makelist</name>
<listrepeat><![CDATA[
  <title>[makelist.param1]</title>
  <link>https://$doregex[Address3].$doregex[Address]/Goosebumps/[makelist.param1]</link>
  <thumbnail></thumbnail>
  <fanart>https://$doregex[Address]/logo.png</fanart>
]]></listrepeat>
<expres><![CDATA[<a href="(S[^"]*)">(.*?)<]]></expres>
<page>https://$doregex[Address3].$doregex[Address]/Goosebumps/</page>
</regex>
<regex>
<name>Address</name>
<expres><![CDATA["x"="([^"]*)]]></expres>
<page>https://raw.githubusercontent.com/Magic-Dust/MagicDust/master/arconai.txt</page>
</regex>
<regex>
<name>Address2</name>
<expres><![CDATA["a"="([^"]*)]]></expres>
<page>https://raw.githubusercontent.com/Magic-Dust/MagicDust/master/arconai.txt</page>
</regex>
<regex>
<name>Address3</name>
<expres><![CDATA["c"="([^"]*)]]></expres>
<page>https://raw.githubusercontent.com/Magic-Dust/MagicDust/master/arconai.txt</page>
</regex>
</item>

<item>
<title>HowIMetYourMother</title>
<thumbnail>https://fanart.tv/fanart/tv/75760/tvposter/how-i-met-your-mother-52c431c6cefef.jpg</thumbnail>
<fanart>https://$doregex[Address]/logo.png</fanart>
<link>$doregex[makelist]</link>
<regex>
<name>makelist</name>
<listrepeat><![CDATA[
  <title>[makelist.param1]</title>
  <link>https://$doregex[Address2].$doregex[Address]/HIMYM/[makelist.param1]</link>
  <thumbnail></thumbnail>
  <fanart>https://$doregex[Address]/logo.png</fanart>
]]></listrepeat>
<expres><![CDATA[<a href="(S[^"]*)">(.*?)<]]></expres>
<page>https://$doregex[Address2].$doregex[Address]/HIMYM/</page>
</regex>
<regex>
<name>Address</name>
<expres><![CDATA["x"="([^"]*)]]></expres>
<page>https://raw.githubusercontent.com/Magic-Dust/MagicDust/master/arconai.txt</page>
</regex>
<regex>
<name>Address2</name>
<expres><![CDATA["a"="([^"]*)]]></expres>
<page>https://raw.githubusercontent.com/Magic-Dust/MagicDust/master/arconai.txt</page>
</regex>
<regex>
<name>Address3</name>
<expres><![CDATA["c"="([^"]*)]]></expres>
<page>https://raw.githubusercontent.com/Magic-Dust/MagicDust/master/arconai.txt</page>
</regex>
</item>

<item>
<title>JohnnyBravo</title>
<thumbnail>https://teepublic.zendesk.com/hc/article_attachments/360039557274/Screen_Shot_2019-02-21_at_10.33.46_AM.png</thumbnail>
<fanart>https://$doregex[Address]/logo.png</fanart>
<link>$doregex[makelist]</link>
<regex>
<name>makelist</name>
<listrepeat><![CDATA[
  <title>[makelist.param1]</title>
  <link>https://$doregex[Address2].$doregex[Address]/JohnnyBravo/[makelist.param1]</link>
  <thumbnail></thumbnail>
  <fanart>https://$doregex[Address]/logo.png</fanart>
]]></listrepeat>
<expres><![CDATA[<a href="(S[^"]*)">(.*?)<]]></expres>
<page>https://$doregex[Address2].$doregex[Address]/JohnnyBravo/</page>
</regex>
<regex>
<name>Address</name>
<expres><![CDATA["x"="([^"]*)]]></expres>
<page>https://raw.githubusercontent.com/Magic-Dust/MagicDust/master/arconai.txt</page>
</regex>
<regex>
<name>Address2</name>
<expres><![CDATA["a"="([^"]*)]]></expres>
<page>https://raw.githubusercontent.com/Magic-Dust/MagicDust/master/arconai.txt</page>
</regex>
<regex>
<name>Address3</name>
<expres><![CDATA["c"="([^"]*)]]></expres>
<page>https://raw.githubusercontent.com/Magic-Dust/MagicDust/master/arconai.txt</page>
</regex>
</item>

<item>
<title>Letterkenny Seasons (1-6)</title>
<thumbnail>http://static.tvmaze.com/uploads/images/original_untouched/209/523570.jpg</thumbnail>
<fanart>https://$doregex[Address]/logo.png</fanart>
<link>$doregex[makelist]</link>
<regex>
<name>makelist</name>
<listrepeat><![CDATA[
  <title>[makelist.param1]</title>
  <link>$doregex[GetSubVideo]</link>
  <thumbnail></thumbnail>
  <fanart>https://$doregex[Address]/logo.png</fanart>
]]></listrepeat>
<expres><![CDATA[<a href="(S[^"]*)">(.*?)<]]></expres>
<page>https://$doregex[Address2].$doregex[Address]/letterkenny/</page>
</regex>
<regex>
<name>GetSubVideo</name>
<listrepeat><![CDATA[
  <title>[GetSubVideo.param1]</title>
  <link>https://$doregex[Address2].$doregex[Address]/letterkenny/[makelist.param2]/[GetSubVideo.param1]</link>
  <thumbnail></thumbnail>
  <fanart>https://$doregex[Address]/logo.png</fanart>
]]></listrepeat>
<expres><![CDATA[<a href="(S[^"]*)">(.*?)]]></expres>
<page>https://$doregex[Address2].$doregex[Address]/letterkenny/[makelist.param2]</page>
</regex>
<regex>
<name>Address</name>
<expres><![CDATA["x"="([^"]*)]]></expres>
<page>https://raw.githubusercontent.com/Magic-Dust/MagicDust/master/arconai.txt</page>
</regex>
<regex>
<name>Address2</name>
<expres><![CDATA["a"="([^"]*)]]></expres>
<page>https://raw.githubusercontent.com/Magic-Dust/MagicDust/master/arconai.txt</page>
</regex>
<regex>
<name>Address3</name>
<expres><![CDATA["c"="([^"]*)]]></expres>
<page>https://raw.githubusercontent.com/Magic-Dust/MagicDust/master/arconai.txt</page>
</regex>
</item>

<item>
<title>Letterkenny Seasons (7-8)</title>
<thumbnail>http://static.tvmaze.com/uploads/images/original_untouched/209/523570.jpg</thumbnail>
<fanart>https://$doregex[Address]/logo.png</fanart>
<link>$doregex[makelist]</link>
<regex>
<name>makelist</name>
<listrepeat><![CDATA[
  <title>[makelist.param1]</title>
  <link>https://$doregex[Address2].$doregex[Address]/Letterkenny/[makelist.param1]</link>
  <thumbnail></thumbnail>
  <fanart>https://$doregex[Address]/logo.png</fanart>
]]></listrepeat>
<expres><![CDATA[<a href="(S[^"]*)">(.*?)<]]></expres>
<page>https://$doregex[Address2].$doregex[Address]/Letterkenny/</page>
</regex>
<regex>
<name>Address</name>
<expres><![CDATA["x"="([^"]*)]]></expres>
<page>https://raw.githubusercontent.com/Magic-Dust/MagicDust/master/arconai.txt</page>
</regex>
<regex>
<name>Address2</name>
<expres><![CDATA["a"="([^"]*)]]></expres>
<page>https://raw.githubusercontent.com/Magic-Dust/MagicDust/master/arconai.txt</page>
</regex>
<regex>
<name>Address3</name>
<expres><![CDATA["c"="([^"]*)]]></expres>
<page>https://raw.githubusercontent.com/Magic-Dust/MagicDust/master/arconai.txt</page>
</regex>
</item>

<item>
<title>LooneyTunes</title>
<thumbnail>https://fanart.tv/fanart/tv/72514/tvposter/looney-tunes-56dbb69625120.jpg</thumbnail>
<fanart>https://$doregex[Address]/logo.png</fanart>
<link>$doregex[makelist]</link>
<regex>
<name>makelist</name>
<listrepeat><![CDATA[
  <title>[makelist.param1]</title>
  <link>https://$doregex[Address3].$doregex[Address]/LooneyTunes/[makelist.param1]</link>
  <thumbnail></thumbnail>
  <fanart>https://$doregex[Address]/logo.png</fanart>
]]></listrepeat>
<expres><![CDATA[<a href="(S[^"]*)">(.*?)<]]></expres>
<page>https://$doregex[Address3].$doregex[Address]/LooneyTunes/</page>
</regex>
<regex>
<name>Address</name>
<expres><![CDATA["x"="([^"]*)]]></expres>
<page>https://raw.githubusercontent.com/Magic-Dust/MagicDust/master/arconai.txt</page>
</regex>
<regex>
<name>Address2</name>
<expres><![CDATA["a"="([^"]*)]]></expres>
<page>https://raw.githubusercontent.com/Magic-Dust/MagicDust/master/arconai.txt</page>
</regex>
<regex>
<name>Address3</name>
<expres><![CDATA["c"="([^"]*)]]></expres>
<page>https://raw.githubusercontent.com/Magic-Dust/MagicDust/master/arconai.txt</page>
</regex>
</item>

<item>
<title>Mythbusters</title>
<thumbnail>https://fanart.tv/fanart/tv/73388/seasonposter/mythbusters-536a97a33ba95.jpg</thumbnail>
<fanart>https://$doregex[Address]/logo.png</fanart>
<link>$doregex[makelist]</link>
<regex>
<name>makelist</name>
<listrepeat><![CDATA[
  <title>[makelist.param1]</title>
  <link>https://$doregex[Address3].$doregex[Address]/Mythbusters/[makelist.param1]</link>
  <thumbnail></thumbnail>
  <fanart>https://$doregex[Address]/logo.png</fanart>
]]></listrepeat>
<expres><![CDATA[<a href="(S[^"]*)">(.*?)<]]></expres>
<page>https://$doregex[Address3].$doregex[Address]/Mythbusters/</page>
</regex>
<regex>
<name>Address</name>
<expres><![CDATA["x"="([^"]*)]]></expres>
<page>https://raw.githubusercontent.com/Magic-Dust/MagicDust/master/arconai.txt</page>
</regex>
<regex>
<name>Address2</name>
<expres><![CDATA["a"="([^"]*)]]></expres>
<page>https://raw.githubusercontent.com/Magic-Dust/MagicDust/master/arconai.txt</page>
</regex>
<regex>
<name>Address3</name>
<expres><![CDATA["c"="([^"]*)]]></expres>
<page>https://raw.githubusercontent.com/Magic-Dust/MagicDust/master/arconai.txt</page>
</regex>
</item>

<title>Seinfeld</title>
<thumbnail>https://upload.wikimedia.org/wikipedia/en/thumb/2/28/Seinfeld7.jpg/250px-Seinfeld7.jpg</thumbnail>
<fanart>https://$doregex[Address]/logo.png</fanart>
<link>$doregex[makelist]</link>
<regex>
<name>makelist</name>
<listrepeat><![CDATA[
  <title>[makelist.param1]</title>
  <link>https://$doregex[Address2].$doregex[Address]/seinfeld/[makelist.param1]</link>
  <thumbnail></thumbnail>
  <fanart>https://$doregex[Address]/logo.png</fanart>
]]></listrepeat>
<expres><![CDATA[<a href="(S[^"]*)">(.*?)<]]></expres>
<page>https://$doregex[Address2].$doregex[Address]/seinfeld/</page>
</regex>
<regex>
<name>Address</name>
<expres><![CDATA["x"="([^"]*)]]></expres>
<page>https://raw.githubusercontent.com/Magic-Dust/MagicDust/master/arconai.txt</page>
</regex>
<regex>
<name>Address2</name>
<expres><![CDATA["a"="([^"]*)]]></expres>
<page>https://raw.githubusercontent.com/Magic-Dust/MagicDust/master/arconai.txt</page>
</regex>
<regex>
<name>Address3</name>
<expres><![CDATA["c"="([^"]*)]]></expres>
<page>https://raw.githubusercontent.com/Magic-Dust/MagicDust/master/arconai.txt</page>
</regex>
</item>

<item>
<title>ScoobyDoo</title>
<thumbnail>https://www.pinclipart.com/picdir/big/8-84121_shaggy-scooby-doo-scooby-doo-shaggy-and-scooby.png</thumbnail>
<fanart>https://$doregex[Address]/logo.png</fanart>
<fanart>https://$doregex[Address]/logo.png</fanart>
<link>$doregex[makelist]</link>
<regex>
<name>makelist</name>
<listrepeat><![CDATA[
  <title>[makelist.param1]</title>
  <link>$doregex[GetSubVideo]</link>
  <thumbnail></thumbnail>
  <fanart>https://$doregex[Address]/logo.png</fanart>
]]></listrepeat>
<expres><![CDATA[<a href="(S[^"]*)">(.*?)<]]></expres>
<page>https://$doregex[Address2].$doregex[Address]/ScoobyDoo/</page>
</regex>
<regex>
<name>GetSubVideo</name>
<listrepeat><![CDATA[
  <title>[GetSubVideo.param1]</title>
  <link>https://$doregex[Address2].$doregex[Address]/ScoobyDoo/[makelist.param2]/[GetSubVideo.param1]</link>
  <thumbnail></thumbnail>
]]></listrepeat>
<expres><![CDATA[<a href="(S[^"]*)">(.*?)]]></expres>
<page>https://$doregex[Address2].$doregex[Address]/ScoobyDoo/[makelist.param2]</page>
</regex>
<regex>
<name>Address</name>
<expres><![CDATA["x"="([^"]*)]]></expres>
<page>https://raw.githubusercontent.com/Magic-Dust/MagicDust/master/arconai.txt</page>
</regex>
<regex>
<name>Address2</name>
<expres><![CDATA["a"="([^"]*)]]></expres>
<page>https://raw.githubusercontent.com/Magic-Dust/MagicDust/master/arconai.txt</page>
</regex>
<regex>
<name>Address3</name>
<expres><![CDATA["c"="([^"]*)]]></expres>
<page>https://raw.githubusercontent.com/Magic-Dust/MagicDust/master/arconai.txt</page>
</regex>
</item>

<item>
<title>SouthPark</title>
<thumbnail>https://assets1.ignimgs.com/2015/11/10/south-park-ob1jpg-a808ca.jpg</thumbnail>
<fanart>https://$doregex[Address]/logo.png</fanart>
<link>$doregex[makelist]</link>
<regex>
<name>makelist</name>
<listrepeat><![CDATA[
  <title>[makelist.param1]</title>
  <link>$doregex[GetVideo]</link>
  <thumbnail></thumbnail>
]]></listrepeat>
<expres><![CDATA[<a href="([^\/]*)\/">([^<]*)]]></expres>
<page>https://$doregex[Address2].$doregex[Address]/</page>
</regex>
<regex>
<name>GetVideo</name>
<listrepeat><![CDATA[
  <title>[GetVideo.param1]</title>
  <link>$doregex[GetSubVideo]</link>
  <thumbnail></thumbnail>
  <fanart>https://$doregex[Address]/logo.png</fanart>
]]></listrepeat>
<expres><![CDATA[<a href="(S[^"]*)">(.*?)<]]></expres>
<page>https://$doregex[Address2].$doregex[Address]/[makelist.param2]</page>
</regex>
<regex>
<name>GetSubVideo</name>
<listrepeat><![CDATA[
  <title>[GetSubVideo.param1]</title>
  <link>https://$doregex[Address2].$doregex[Address]/[makelist.param2]/[GetVideo.param1]/[GetSubVideo.param1]</link>
  <thumbnail></thumbnail>
  <fanart>https://$doregex[Address]/logo.png</fanart>
]]></listrepeat>
<expres><![CDATA[<a href="(S[^"]*)">(.*?)]]></expres>
<page>https://$doregex[Address2].$doregex[Address]/[makelist.param2]/[GetVideo.param1]</page>
</regex>
<regex>
<name>Address</name>
<expres><![CDATA["x"="([^"]*)]]></expres>
<page>https://raw.githubusercontent.com/Magic-Dust/MagicDust/master/arconai.txt</page>
</regex>
<regex>
<name>Address2</name>
<expres><![CDATA["a"="([^"]*)]]></expres>
<page>https://raw.githubusercontent.com/Magic-Dust/MagicDust/master/arconai.txt</page>
</regex>
<regex>
<name>Address3</name>
<expres><![CDATA["c"="([^"]*)]]></expres>
<page>https://raw.githubusercontent.com/Magic-Dust/MagicDust/master/arconai.txt</page>
</regex>
</item>

<item>
<title>SpaceGhost</title>
<thumbnail>http://vignette1.wikia.nocookie.net/athfwiki/images/9/92/SpaceGhost2.jpg/revision/latest?cb=20120412230755</thumbnail>
<fanart>https://$doregex[Address]/logo.png</fanart>
<link>$doregex[makelist]</link>
<regex>
<name>makelist</name>
<listrepeat><![CDATA[
  <title>[makelist.param1]</title>
  <link>https://$doregex[Address2].$doregex[Address]/SpaceGhost/[makelist.param1]</link>
  <thumbnail></thumbnail>
  <fanart>https://$doregex[Address]/logo.png</fanart>
]]></listrepeat>
<expres><![CDATA[<a href="(S[^"]*)">(.*?)<]]></expres>
<page>https://$doregex[Address2].$doregex[Address]/SpaceGhost/</page>
</regex>
<regex>
<name>Address</name>
<expres><![CDATA["x"="([^"]*)]]></expres>
<page>https://raw.githubusercontent.com/Magic-Dust/MagicDust/master/arconai.txt</page>
</regex>
<regex>
<name>Address2</name>
<expres><![CDATA["a"="([^"]*)]]></expres>
<page>https://raw.githubusercontent.com/Magic-Dust/MagicDust/master/arconai.txt</page>
</regex>
<regex>
<name>Address3</name>
<expres><![CDATA["c"="([^"]*)]]></expres>
<page>https://raw.githubusercontent.com/Magic-Dust/MagicDust/master/arconai.txt</page>
</regex>
</item>

<item>
<title>Squidbillies</title>
<thumbnail>https://i.pinimg.com/736x/ed/65/22/ed6522d4e36e1d23c2d7e9dbd2b5617c.jpg</thumbnail>
<fanart>https://$doregex[Address]/logo.png</fanart>
<link>$doregex[makelist]</link>
<regex>
<name>makelist</name>
<listrepeat><![CDATA[
  <title>[makelist.param1]</title>
  <link>https://$doregex[Address2].$doregex[Address]/Squidbillies/[makelist.param1]</link>
  <thumbnail></thumbnail>
  <fanart>https://$doregex[Address]/logo.png</fanart>
]]></listrepeat>
<expres><![CDATA[<a href="(S[^"]*)">(.*?)<]]></expres>
<page>https://$doregex[Address2].$doregex[Address]/Squidbillies/</page>
</regex>
<item>
<regex>
<name>Address</name>
<expres><![CDATA["x"="([^"]*)]]></expres>
<page>https://raw.githubusercontent.com/Magic-Dust/MagicDust/master/arconai.txt</page>
</regex>
<regex>
<name>Address2</name>
<expres><![CDATA["a"="([^"]*)]]></expres>
<page>https://raw.githubusercontent.com/Magic-Dust/MagicDust/master/arconai.txt</page>
</regex>
<regex>
<name>Address3</name>
<expres><![CDATA["c"="([^"]*)]]></expres>
<page>https://raw.githubusercontent.com/Magic-Dust/MagicDust/master/arconai.txt</page>
</regex>
</item>

<item>
<title>TwoAndAHalfMen</title>
<thumbnail>http://1.bp.blogspot.com/-3NSp34a_U28/UM950x0EBQI/AAAAAAACLyc/VsHUQkc-CX8/s1600/two_and_half_men_poster21.jpg</thumbnail>
<fanart>https://$doregex[Address]/logo.png</fanart>
<link>$doregex[makelist]</link>
<regex>
<name>makelist</name>
<listrepeat><![CDATA[
  <title>[makelist.param1]</title>
  <link>https://$doregex[Address2].$doregex[Address]/tahm/[makelist.param1]</link>
  <thumbnail></thumbnail>
  <fanart>https://$doregex[Address]/logo.png</fanart>
]]></listrepeat>
<expres><![CDATA[<a href="(S[^"]*)">(.*?)<]]></expres>
<page>https://$doregex[Address2].$doregex[Address]/tahm/</page>
</regex>
<regex>
<name>Address</name>
<expres><![CDATA["x"="([^"]*)]]></expres>
<page>https://raw.githubusercontent.com/Magic-Dust/MagicDust/master/arconai.txt</page>
</regex>
<regex>
<name>Address2</name>
<expres><![CDATA["a"="([^"]*)]]></expres>
<page>https://raw.githubusercontent.com/Magic-Dust/MagicDust/master/arconai.txt</page>
</regex>
<regex>
<name>Address3</name>
<expres><![CDATA["c"="([^"]*)]]></expres>
<page>https://raw.githubusercontent.com/Magic-Dust/MagicDust/master/arconai.txt</page>
</regex>
</item>