<item>
<title>[COLOR gold]Just the News[/COLOR]</title>
<thumbnail>https://podcastbusinessjournal.com/wp-content/uploads/sites/5/2020/01/Just-The-News-e1579635111782.jpg</thumbnail>
<fanart>https://github.com/Magic-Dust/MagicDust/raw/master/fanart.jpg</fanart>
<link>$doregex[makelist]</link>
<regex>
<name>makelist</name>
<listrepeat><![CDATA[
  <title>[COLOR gold][makelist.param2][/COLOR]</title>
  <urlsolve>https://www.youtube.com/watch?v=[makelist.param3]</urlsolve>
  <thumbnail>[makelist.param1]</thumbnail>
  <fanart>[makelist.param1]</fanart>
]]></listrepeat>
  <expres><![CDATA["thumbnail":{"thumbnails":\[{"url":"([^"]*)".*?simpleText":"([^"]*)".*?watch\?v=([^"]*)]]></expres>
  <page>https://www.youtube.com/channel/UC588htN7jqso3D80OnGGrAw</page>
</regex>
</item>

<item>
<title>[COLOR gold]Judicial watch[/COLOR]</title>
<thumbnail>https://cloudfront.mediamatters.org/styles/scale_180px/s3/static/D8Image/2019/11/06/tom-fitton-mmfa-tag.png</thumbnail>
<fanart>https://github.com/Magic-Dust/MagicDust/raw/master/fanart.jpg</fanart>
<link>$doregex[makelist]</link>
<regex>
<name>makelist</name>
<listrepeat><![CDATA[
  <title>[COLOR gold][makelist.param2][/COLOR]</title>
  <urlsolve>https://www.youtube.com/watch?v=[makelist.param3]</urlsolve>
  <thumbnail>[makelist.param1]</thumbnail>
  <fanart>[makelist.param1]</fanart>
]]></listrepeat>
  <expres><![CDATA["thumbnail":{"thumbnails":\[{"url":"([^"]*)".*?simpleText":"([^"]*)".*?watch\?v=([^"]*)]]></expres>
  <page>https://www.youtube.com/user/JudicialWatch</page>
</regex>
</item>

<item>
<title>[COLOR gold]Breitbart[/COLOR]</title>
<thumbnail>https://upload.wikimedia.org/wikipedia/commons/thumb/f/fe/Breitbart_News.svg/1200px-Breitbart_News.svg.png</thumbnail>
<fanart>https://github.com/Magic-Dust/MagicDust/raw/master/fanart.jpg</fanart>
<link>$doregex[makelist]</link>
<regex>
<name>makelist</name>
<listrepeat><![CDATA[
  <title>[COLOR gold][makelist.param2][/COLOR]</title>
  <urlsolve>https://www.youtube.com/watch?v=[makelist.param3]</urlsolve>
  <thumbnail>[makelist.param1]</thumbnail>
  <fanart>[makelist.param1]</fanart>
]]></listrepeat>
  <expres><![CDATA["thumbnail":{"thumbnails":\[{"url":"([^"]*)".*?simpleText":"([^"]*)".*?watch\?v=([^"]*)]]></expres>
  <page>https://www.youtube.com/channel/UCmgnsaQIK1IR808Ebde-ssA</page>
</regex>
</item>

<item>
<title>[COLOR gold]NYPost[/COLOR]</title>
<thumbnail>https://logos-download.com/wp-content/uploads/2016/10/NYP_New_York_Post_logo_wordmark-700x124.png</thumbnail>
<fanart>https://github.com/Magic-Dust/MagicDust/raw/master/fanart.jpg</fanart>
<link>$doregex[makelist]</link>
<regex>
<name>makelist</name>
<listrepeat><![CDATA[
  <title>[COLOR gold][makelist.param2][/COLOR]</title>
  <urlsolve>https://www.youtube.com/watch?v=[makelist.param3]</urlsolve>
  <thumbnail>[makelist.param1]</thumbnail>
  <fanart>[makelist.param1]</fanart>
]]></listrepeat>
  <expres><![CDATA["thumbnail":{"thumbnails":\[{"url":"([^"]*)".*?simpleText":"([^"]*)".*?watch\?v=([^"]*)]]></expres>
  <page>https://www.youtube.com/playlist?list=PLDE5E5342DD85FB86</page>
</regex>
</item>