<item>
<title>[COLOR gold]Hurricane Central[/COLOR]</title>
<thumbnail>https://www.redcross.org/content/dam/redcross/icons/disasters/hurricane/Hurricane-1000x1000-R-RC.png.img.png</thumbnail>
<fanart>https://github.com/Magic-Dust/MagicDust/raw/master/fanart.jpg</fanart>
<link>$doregex[makelist]</link>
<regex>
<name>makelist</name>
<listrepeat><![CDATA[
  <title>[COLOR gold][makelist.param3][/COLOR]</title>
  <link>$doregex[resolved]</link>
  <thumbnail>[makelist.param2]</thumbnail>
  <fanart>https://github.com/Magic-Dust/MagicDust/raw/master/fanart.jpg</fanart>
]]></listrepeat>
<expres><![CDATA[#$pyFunction
def GetLSProData(page_data,Cookie_Jar,m):#NOAA
  import re,urllib.request
  from urllib.request import urlopen
  source = urllib.request.urlopen('https://www.youtube.com/results?search_query=Tropical+weather+updates&sp=EgIIAw%253D%253D').read().decode('utf-8')
  return re.findall('videoRenderer":.*?videoId":"([^"]*).*?url":"([^"]*).*?label":"([^"]*)',source)[0]
]]></expres>
<page>https://www.youtube.com/results?search_query=Tropical+weather+updates&amp;sp=EgIIAw%253D%253D</page>
</regex>
<regex>
<name>resolved</name>
<expres><![CDATA[#$pyFunction
def GetLSProData(page_data,Cookie_Jar,m):#RESOLVE
  import resolveurl
  url = 'https://www.youtube.com/watch?v='+[makelist.param1]
  try:
    u = resolveurl.resolve(url)
  except:
    u = 'http://devimages.apple.com/iphone/samples/bipbop/bipbopall.m3u8'
  return u
]]></expres>
<page></page>
</regex>      
</item>