<?xml version="1.0" encoding="UTF-8"?>
<items>

<item>
<title>WPDE Weather</title>
<thumbnail>https://yt3.ggpht.com/-c_qMPBpxrhg/AAAAAAAAAAI/AAAAAAAAAAA/XxUteOHOKLM/s900-c-k-no/photo.jpg</thumbnail>
<fanart>https://github.com/Magic-Dust/MagicDust/raw/master/fanart.jpg</fanart>
<link>$doregex[makelist]</link>
<regex>
<name>makelist</name>
<expres><![CDATA["embedUrl": "[^=]*=([^"]*)]]></expres>
<page>https://wpde.com/weather</page>
</regex>
</item>

<item>
<title>WRGB Weather</title>
<thumbnail>https://lh3.googleusercontent.com/siKcQFpccfv6nRptFrAZjlJ9wyFkn7ZIDczeEpXV6-HjuUG-P1YlraQUK9ZLjyuZCSY</thumbnail>
<fanart>https://github.com/Magic-Dust/MagicDust/raw/master/fanart.jpg</fanart>
<link>$doregex[makelist]</link>
<regex>
<name>makelist</name>
<expres><![CDATA["embedUrl": "[^=]*=([^"]*)]]></expres>
<page>https://cbs6albany.com/weather</page>
</regex>
</item>

</items>