<?xml version="1.0" encoding="UTF-8"?>
<items>

<item>
<title>24/7 Live Channels | daddylive.fun</title>
<fanart></fanart>
<thumbnail>https://i.imgur.com/8EL6mr3.png</thumbnail>
<link>$doregex[makelist]</link>
<regex>
<name>makelist</name>
<listrepeat><![CDATA[
<title>[makelist.param2]</title>
<link>$doregex[m5]|User-Agent=Mozilla/5.0&amp;Referer=https://widevine.licenses4.me/</link>
<fanart></fanart>
<thumbnail>https://i.imgur.com/8EL6mr3.png</thumbnail>
]]></listrepeat>
<expres><![CDATA[grid-item"><a href="([^"]+).*?strong>([^<]+)]]></expres>
<page>https://daddylive.eu/24-hours-channels.php</page>
<referer>https://daddylive.eu/</referer>
</regex>
<regex>
<name>m5</name>
<expres>Clappr.Player[\w\W]*?.source:['"]([^'"]+)</expres>
<page>$doregex[m4]</page>
<info>https://rkc.primetubsub.xyz/</info>
<referer>https://widevine.licenses4.me/</referer>
</regex>
<regex>
<name>m4</name>
<expres>iframe\s*src="([^"]+)</expres>
<page>$doregex[m3]</page>
<referer>https://daddylive.eu/</referer>
</regex>
<regex>
<name>m3</name>
<expres>iframe\s*src="([^"]+)</expres>
<page>https://daddylive.fun[makelist.param1]</page>
<referer>https://daddylive.eu/</referer>
</regex>
</item>

<item>
<title>[B][COLOR cyan]DADDYLIVE[/COLOR][/B]Today Games</title>
<thumbnail>https://i.imgur.com/8EL6mr3.png</thumbnail>
<fanart>https://github.com/Magic-Dust/MagicDust/raw/master/fanart.jpg</fanart>
<link>$doregex[makelist]</link>
<regex>
<name>makelist</name>
<listrepeat><![CDATA[
<title>[COLOR cyan][B][makelist.param4][/B]- $doregex[getEST][makelist.param3] -[/COLOR] [COLOR green] [makelist.param6][/COLOR]</title>
<link>$doregex[m5]|User-Agent=Mozilla/5.0&amp;Referer=https://widevine.licenses4.me/</link>
<genre>[makelist.param1][makelist.param2][makelist.param3]</genre>
<description>[makelist.param6]</description>
<thumbnail></thumbnail>
]]></listrepeat>
<expres><![CDATA[<hr>(\d)(\d)([^ ]*) ([^<]*).*?href="[^-]*-([^.]*).php"[^>]*>([^<]*)]]></expres>
<page>https://daddylive.eu/index.php</page>
</regex>
<regex>
<name>m5</name>
<expres>Clappr.Player[\w\W]*?.source:['"]([^'"]+)</expres>
<page>$doregex[m4]</page>
<info>https://rkc.primetubsub.xyz/</info>
<referer>https://widevine.licenses4.me/</referer>
</regex>
<regex>
<name>m4</name>
<expres>iframe\s*src="([^"]+)</expres>
<page>$doregex[m3]</page>
<referer>https://daddylive.eu/</referer>
</regex>
<regex>
<name>m3</name>
<expres>iframe\s*src="([^"]+)</expres>
<page>https://daddylive.eu/stream/stream-[makelist.param5].php</page>
<referer>https://daddylive.eu/</referer>
</regex>
<regex>
<name>getEST</name>
<expres><![CDATA[#$pyFunction
def GetLSProData(page_data,Cookie_Jar,m):
    h1 = str([makelist.param1])
    h2 = str([makelist.param2])
    if h1 == "0":
      x = h2
    else:
      x = h1 + h2
    x = int(x)
    x = x + 7
    y = 12
    if x > 24 :
      x = x - y - y
    elif x > 12 :
      x = x - y
    return x
]]></expres>
<page></page>
</regex>
</item>

<item>
<title>[B][COLOR cyan]DADDYLIVE[/COLOR][/B] NCAA Football</title>
<thumbnail>https://www.clipartkey.com/mpngs/m/206-2060275_the-2015-ncaa-football-season-is-right-around.png</thumbnail>
<fanart>https://github.com/Magic-Dust/MagicDust/raw/master/fanart.jpg</fanart>
<link>$doregex[makelist]</link>
<regex>
<name>makelist</name>
<listrepeat><![CDATA[
<title>[COLOR cyan][B][makelist.param4][/B]- $doregex[getEST][makelist.param3] -[/COLOR] [COLOR green] [makelist.param6][/COLOR]</title>
<link>$doregex[m5]|User-Agent=Mozilla/5.0&amp;Referer=https://widevine.licenses4.me/</link>
<genre>[makelist.param1][makelist.param2][makelist.param3]</genre>
<description>[makelist.param6]</description>
<thumbnail></thumbnail>
]]></listrepeat>
<expres><![CDATA[<hr>(\d)(\d)([^ ]*) (NCAA FB[^<]*).*?href="[^-]*-([^.]*).php"[^>]*>([^<]*)]]></expres>
<page>https://daddylive.eu/index.php</page>
</regex>
<regex>
<name>m5</name>
<expres>Clappr.Player[\w\W]*?.source:['"]([^'"]+)</expres>
<page>$doregex[m4]</page>
<info>https://rkc.primetubsub.xyz/</info>
<referer>https://widevine.licenses4.me/</referer>
</regex>
<regex>
<name>m4</name>
<expres>iframe\s*src="([^"]+)</expres>
<page>$doregex[m3]</page>
<referer>https://daddylive.eu/</referer>
</regex>
<regex>
<name>m3</name>
<expres>iframe\s*src="([^"]+)</expres>
<page>https://daddylive.eu/stream/stream-[makelist.param5].php</page>
<referer>https://daddylive.eu/</referer>
</regex>
<regex>
<name>getEST</name>
<expres><![CDATA[#$pyFunction
def GetLSProData(page_data,Cookie_Jar,m):
    h1 = str([makelist.param1])
    h2 = str([makelist.param2])
    if h1 == "0":
      x = h2
    else:
      x = h1 + h2
    x = int(x)
    x = x + 7
    y = 12
    if x > 24 :
      x = x - y - y
    elif x > 12 :
      x = x - y
    return x
]]></expres>
<page></page>
</regex>
</item>

<item>
<title>[B][COLOR cyan]DADDYLIVE[/COLOR][/B] NCAA Basketball</title>
<thumbnail>https://amhsnewspaper.com/wp-content/uploads/2017/02/NCAA-March-Madness.png</thumbnail>
<fanart>https://github.com/Magic-Dust/MagicDust/raw/master/fanart.jpg</fanart>
<link>$doregex[makelist]</link>
<regex>
<name>makelist</name>
<listrepeat><![CDATA[
<title>[COLOR cyan][B][makelist.param4][/B]- $doregex[getEST][makelist.param3] -[/COLOR] [COLOR green] [makelist.param6][/COLOR]</title>
<link>$doregex[m5]|User-Agent=Mozilla/5.0&amp;Referer=https://widevine.licenses4.me/</link>
<genre>[makelist.param1][makelist.param2][makelist.param3]</genre>
<description>[makelist.param6]</description>
<thumbnail></thumbnail>
]]></listrepeat>
<expres><![CDATA[<hr>(\d)(\d)([^ ]*) (NCAA :[^<]*).*?href="[^-]*-([^.]*).php"[^>]*>([^<]*)]]></expres>
<page>https://daddylive.eu/index.php</page>
</regex>
<regex>
<name>m5</name>
<expres>Clappr.Player[\w\W]*?.source:['"]([^'"]+)</expres>
<page>$doregex[m4]</page>
<info>https://rkc.primetubsub.xyz/</info>
<referer>https://widevine.licenses4.me/</referer>
</regex>
<regex>
<name>m4</name>
<expres>iframe\s*src="([^"]+)</expres>
<page>$doregex[m3]</page>
<referer>https://daddylive.eu/</referer>
</regex>
<regex>
<name>m3</name>
<expres>iframe\s*src="([^"]+)</expres>
<page>https://daddylive.eu/stream/stream-[makelist.param5].php</page>
<referer>https://daddylive.eu/</referer>
</regex>
<regex>
<name>getEST</name>
<expres><![CDATA[#$pyFunction
def GetLSProData(page_data,Cookie_Jar,m):
    h1 = str([makelist.param1])
    h2 = str([makelist.param2])
    if h1 == "0":
      x = h2
    else:
      x = h1 + h2
    x = int(x)
    x = x + 7
    y = 12
    if x > 24 :
      x = x - y - y
    elif x > 12 :
      x = x - y
    return x
]]></expres>
<page></page>
</regex>
</item>

<item>
<title>[B][COLOR cyan]DADDYLIVE[/COLOR][/B] MLB</title>
<thumbnail>https://upload.wikimedia.org/wikipedia/en/thumb/a/ac/MLBNetworkLogo.svg/1200px-MLBNetworkLogo.svg.png</thumbnail>
<fanart>https://github.com/Magic-Dust/MagicDust/raw/master/fanart.jpg</fanart>
<link>$doregex[makelist]</link>
<regex>
<name>makelist</name>
<listrepeat><![CDATA[
<title>[COLOR cyan][B][makelist.param4][/B]- $doregex[getEST][makelist.param3] -[/COLOR] [COLOR green] [makelist.param6][/COLOR]</title>
<link>$doregex[m5]|User-Agent=Mozilla/5.0&amp;Referer=https://widevine.licenses4.me/</link>
<genre>[makelist.param1][makelist.param2][makelist.param3]</genre>
<description>[makelist.param6]</description>
<thumbnail></thumbnail>
]]></listrepeat>
<expres><![CDATA[<hr>(\d)(\d)([^ ]*) (MLB[^<]*).*?href="[^-]*-([^.]*).php"[^>]*>([^<]*)]]></expres>
<page>https://daddylive.eu/index.php</page>
</regex>
<regex>
<name>m5</name>
<expres>Clappr.Player[\w\W]*?.source:['"]([^'"]+)</expres>
<page>$doregex[m4]</page>
<info>https://rkc.primetubsub.xyz/</info>
<referer>https://widevine.licenses4.me/</referer>
</regex>
<regex>
<name>m4</name>
<expres>iframe\s*src="([^"]+)</expres>
<page>$doregex[m3]</page>
<referer>https://daddylive.eu/</referer>
</regex>
<regex>
<name>m3</name>
<expres>iframe\s*src="([^"]+)</expres>
<page>https://daddylive.eu/stream/stream-[makelist.param5].php</page>
<referer>https://daddylive.eu/</referer>
</regex>
<regex>
<name>getEST</name>
<expres><![CDATA[#$pyFunction
def GetLSProData(page_data,Cookie_Jar,m):
    h1 = str([makelist.param1])
    h2 = str([makelist.param2])
    if h1 == "0":
      x = h2
    else:
      x = h1 + h2
    x = int(x)
    x = x + 7
    y = 12
    if x > 24 :
      x = x - y - y
    elif x > 12 :
      x = x - y
    return x
]]></expres>
<page></page>
</regex>
</item>

<item>
<title>[B][COLOR cyan]DADDYLIVE[/COLOR][/B] NBA</title>
<thumbnail>https://wallpapercave.com/wp/35vaCYB.jpg</thumbnail>
<fanart>https://github.com/Magic-Dust/MagicDust/raw/master/fanart.jpg</fanart>
<link>$doregex[makelist]</link>
<regex>
<name>makelist</name>
<listrepeat><![CDATA[
<title>[COLOR cyan][B][makelist.param4][/B]- $doregex[getEST][makelist.param3] -[/COLOR] [COLOR green] [makelist.param6][/COLOR]</title>
<link>$doregex[m5]|User-Agent=Mozilla/5.0&amp;Referer=https://widevine.licenses4.me/</link>
<genre>[makelist.param1][makelist.param2][makelist.param3]</genre>
<description>[makelist.param6]</description>
<thumbnail></thumbnail>
]]></listrepeat>
<expres><![CDATA[<hr>(\d)(\d)([^ ]*) (NBA[^<]*).*?href="[^-]*-([^.]*).php"[^>]*>([^<]*)]]></expres>
<page>https://daddylive.eu/index.php</page>
</regex>
<regex>
<name>m5</name>
<expres>Clappr.Player[\w\W]*?.source:['"]([^'"]+)</expres>
<page>$doregex[m4]</page>
<info>https://rkc.primetubsub.xyz/</info>
<referer>https://widevine.licenses4.me/</referer>
</regex>
<regex>
<name>m4</name>
<expres>iframe\s*src="([^"]+)</expres>
<page>$doregex[m3]</page>
<referer>https://daddylive.eu/</referer>
</regex>
<regex>
<name>m3</name>
<expres>iframe\s*src="([^"]+)</expres>
<page>https://daddylive.eu/stream/stream-[makelist.param5].php</page>
<referer>https://daddylive.eu/</referer>
</regex>
<regex>
<name>getEST</name>
<expres><![CDATA[#$pyFunction
def GetLSProData(page_data,Cookie_Jar,m):
    h1 = str([makelist.param1])
    h2 = str([makelist.param2])
    if h1 == "0":
      x = h2
    else:
      x = h1 + h2
    x = int(x)
    x = x + 7
    y = 12
    if x > 24 :
      x = x - y - y
    elif x > 12 :
      x = x - y
    return x
]]></expres>
<page></page>
</regex>
</item>

<item>
<title>[B][COLOR cyan]DADDYLIVE[/COLOR][/B] NFL</title>
<thumbnail>https://1.bp.blogspot.com/-3cfgF2tRUgY/Tt5QuCxt5LI/AAAAAAAABnQ/IyVSpGY55ZY/s1600/NFL_Logo.jpg</thumbnail>
<fanart>https://github.com/Magic-Dust/MagicDust/raw/master/fanart.jpg</fanart>
<link>$doregex[makelist]</link>
<regex>
<name>makelist</name>
<listrepeat><![CDATA[
<title>[COLOR cyan][B][makelist.param4][/B]- $doregex[getEST][makelist.param3] -[/COLOR] [COLOR green] [makelist.param6][/COLOR]</title>
<link>$doregex[m5]|User-Agent=Mozilla/5.0&amp;Referer=https://widevine.licenses4.me/</link>
<genre>[makelist.param1][makelist.param2][makelist.param3]</genre>
<description>[makelist.param6]</description>
<thumbnail></thumbnail>
]]></listrepeat>
<expres><![CDATA[<hr>(\d)(\d)([^ ]*) (NFL[^<]*).*?href="[^-]*-([^.]*).php"[^>]*>([^<]*)]]></expres>
<page>https://daddylive.eu/index.php</page>
</regex>
<regex>
<name>m5</name>
<expres>Clappr.Player[\w\W]*?.source:['"]([^'"]+)</expres>
<page>$doregex[m4]</page>
<info>https://rkc.primetubsub.xyz/</info>
<referer>https://widevine.licenses4.me/</referer>
</regex>
<regex>
<name>m4</name>
<expres>iframe\s*src="([^"]+)</expres>
<page>$doregex[m3]</page>
<referer>https://daddylive.eu/</referer>
</regex>
<regex>
<name>m3</name>
<expres>iframe\s*src="([^"]+)</expres>
<page>https://daddylive.eu/stream/stream-[makelist.param5].php</page>
<referer>https://daddylive.eu/</referer>
</regex>
<regex>
<name>getEST</name>
<expres><![CDATA[#$pyFunction
def GetLSProData(page_data,Cookie_Jar,m):
    h1 = str([makelist.param1])
    h2 = str([makelist.param2])
    if h1 == "0":
      x = h2
    else:
      x = h1 + h2
    x = int(x)
    x = x + 7
    y = 12
    if x > 24 :
      x = x - y - y
    elif x > 12 :
      x = x - y
    return x
]]></expres>
<page></page>
</regex>
</item>

<item>
<title>[B][COLOR cyan]DADDYLIVE[/COLOR][/B] NHL</title>
<thumbnail>https://wallpapercave.com/wp/jtCN9Z3.jpg</thumbnail>
<fanart>https://github.com/Magic-Dust/MagicDust/raw/master/fanart.jpg</fanart>
<link>$doregex[makelist]</link>
<regex>
<name>makelist</name>
<listrepeat><![CDATA[
<title>[COLOR cyan][B][makelist.param4][/B]- $doregex[getEST][makelist.param3] -[/COLOR] [COLOR green] [makelist.param6][/COLOR]</title>
<link>$doregex[m5]|User-Agent=Mozilla/5.0&amp;Referer=https://widevine.licenses4.me/</link>
<genre>[makelist.param1][makelist.param2][makelist.param3]</genre>
<description>[makelist.param6]</description>
<thumbnail></thumbnail>
]]></listrepeat>
<expres><![CDATA[<hr>(\d)(\d)([^ ]*) (NHL[^<]*).*?href="[^-]*-([^.]*).php"[^>]*>([^<]*)]]></expres>
<page>https://daddylive.eu/index.php</page>
</regex>
<regex>
<name>m5</name>
<expres>Clappr.Player[\w\W]*?.source:['"]([^'"]+)</expres>
<page>$doregex[m4]</page>
<info>https://rkc.primetubsub.xyz/</info>
<referer>https://widevine.licenses4.me/</referer>
</regex>
<regex>
<name>m4</name>
<expres>iframe\s*src="([^"]+)</expres>
<page>$doregex[m3]</page>
<referer>https://daddylive.eu/</referer>
</regex>
<regex>
<name>m3</name>
<expres>iframe\s*src="([^"]+)</expres>
<page>https://daddylive.eu/stream/stream-[makelist.param5].php</page>
<referer>https://daddylive.eu/</referer>
</regex>
<regex>
<name>getEST</name>
<expres><![CDATA[#$pyFunction
def GetLSProData(page_data,Cookie_Jar,m):
    h1 = str([makelist.param1])
    h2 = str([makelist.param2])
    if h1 == "0":
      x = h2
    else:
      x = h1 + h2
    x = int(x)
    x = x + 7
    y = 12
    if x > 24 :
      x = x - y - y
    elif x > 12 :
      x = x - y
    return x
]]></expres>
<page></page>
</regex>
</item>

</items>