<?xml version="1.0" encoding="UTF-8"?>
<items>

<item>
<title>Insolence TV</title>
<thumbnail></thumbnail>
<fanart></fanart>
<link>$doregex[makelist]</link>
<regex>
<name>makelist</name>
<listrepeat><![CDATA[
<title>[COLOR=FF00FFFF][makelist.param1][/COLOR]</title>
<thumbnail></thumbnail>
<fanart></fanart>
<link>plugin://plugin.video.f4mTester/?streamtype=HLSRETRY&amp;url=[makelist.param2]</link>
]]></listrepeat>
<expres>group-title="Live Channels",([^\n]*)\n(ht[^\s]*)</expres>
<page>https://github.com/InsolenceWillow/insolencetvgo/raw/refs/heads/main/insolencetvgo.m3u</page>
</regex>
</item>

<item>
<title>Streamsy</title>
<thumbnail></thumbnail>
<fanart></fanart>
<link>$doregex[makelist]</link>
<regex>
<name>makelist</name>
<listrepeat><![CDATA[
<title>[COLOR=FF00FFFF][makelist.param1][/COLOR]</title>
<thumbnail></thumbnail>
<fanart></fanart>
<link>plugin://plugin.video.f4mTester/?streamtype=HLSRETRY&amp;url=[makelist.param2]</link>
]]></listrepeat>
<expres>,USA...([^\n]*)\n(ht[^\s]*)</expres>
<page>http://streamsy.online:2999/get.php?username=Jaley1990&amp;password=L6KomjzBxv&amp;type=m3u_plus&amp;output=m3u8</page>
</regex>
</item>

<item>
<title>Cord-cutter 95549031</title>
<thumbnail></thumbnail>
<fanart></fanart>
<link>$doregex[makelist]</link>
<regex>
<name>makelist</name>
<listrepeat><![CDATA[
<title>[COLOR=FF00FFFF][makelist.param1][/COLOR]</title>
<thumbnail></thumbnail>
<fanart></fanart>
<link>plugin://plugin.video.f4mTester/?streamtype=HLSRETRY&amp;url=[makelist.param2]</link>
]]></listrepeat>
<expres>(?i),US.([^\n]*)\n(ht[^\s]*)</expres>
<page>http://cord-cutter.net:8080/get.php?username=95549031&amp;password=69361122&amp;type=m3u_plus&amp;output=m3u8</page>
<agent>Mozilla/5.0 (Windows NT 10.0; Win64; x64) AppleWebKit/537.36 (KHTML, like Gecko) Chrome/129.0.0.0 Safari/537.36 Edg/129.0.0.0</agent>
</regex>
</item>

<item>
<title>Cord-cutter k4Svp2</title>
<thumbnail></thumbnail>
<fanart></fanart>
<link>$doregex[makelist]</link>
<regex>
<name>makelist</name>
<listrepeat><![CDATA[
<title>[COLOR=FF00FFFF][makelist.param1][/COLOR]</title>
<thumbnail></thumbnail>
<fanart></fanart>
<link>plugin://plugin.video.f4mTester/?streamtype=HLSRETRY&amp;url=[makelist.param2]</link>
]]></listrepeat>
<expres>(?i),US.([^\n]*)\n(ht[^\s]*)</expres>
<page>http://cord-cutter.net:8080/get.php?username=k4Svp2&amp;password=645504&amp;type=m3u_plus&amp;output=m3u8</page>
<agent>Mozilla/5.0 (Windows NT 10.0; Win64; x64) AppleWebKit/537.36 (KHTML, like Gecko) Chrome/129.0.0.0 Safari/537.36 Edg/129.0.0.0</agent>
</regex>
</item>

<item>
<title>Cod5</title>
<thumbnail></thumbnail>
<fanart></fanart>
<link>$doregex[makelist]</link>
<regex>
<name>makelist</name>
<listrepeat><![CDATA[
<title>[COLOR=FF00FFFF][makelist.param1][/COLOR]</title>
<thumbnail></thumbnail>
<fanart></fanart>
<link>plugin://plugin.video.f4mTester/?streamtype=HLSRETRY&amp;url=[makelist.param2]</link>
]]></listrepeat>
<expres>,([^\n]+)\n(http:\/\/cod5.me[^\n]+)</expres>
<page>https://github.com/iptvtvmini/boss/raw/refs/heads/tv/cod5</page>
</regex>
</item>

<item>
<title>Ivue</title>
<thumbnail></thumbnail>
<fanart></fanart>
<link>$doregex[makelist]</link>
<regex>
<name>makelist</name>
<listrepeat><![CDATA[
<title>[COLOR=FF00FFFF][makelist.param1][/COLOR]</title>
<thumbnail></thumbnail>
<fanart></fanart>
<link>plugin://plugin.video.f4mTester/?streamtype=HLSRETRY&amp;url=[makelist.param2]</link>
]]></listrepeat>
<expres>,([^\n]+)\n(http:\/\/new.ivu[^\n]+)</expres>
<page>https://github.com/iptvtvmini/boss/raw/refs/heads/tv/ivue</page>
</regex>
</item>

<item>
<title>6oclock</title>
<thumbnail></thumbnail>
<fanart></fanart>
<link>$doregex[makelist]</link>
<regex>
<name>makelist</name>
<listrepeat><![CDATA[
<title>[COLOR=FF00FFFF][makelist.param1][/COLOR]</title>
<thumbnail></thumbnail>
<fanart></fanart>
<link>plugin://plugin.video.f4mTester/?streamtype=HLSRETRY&amp;url=[makelist.param2]</link>
]]></listrepeat>
<expres>group-title="[^\"]*",(.*)\(US\)[^\n]*\n(ht[^\s]*)</expres>
<page>https://6oclock.xyz:8443/get.php?username=Pumpkin1&amp;password=Pumpkin1&amp;type=m3u_plus&amp;output=m3u8</page>
</regex>
</item>

<item>
<title>Moveon</title>
<thumbnail></thumbnail>
<fanart></fanart>
<link>$doregex[makelist]</link>
<regex>
<name>makelist</name>
<listrepeat><![CDATA[
<title>[COLOR=FF00FFFF][makelist.param1][/COLOR]</title>
<thumbnail></thumbnail>
<fanart></fanart>
<link>plugin://plugin.video.f4mTester/?streamtype=HLSRETRY&amp;url=[makelist.param2]</link>
]]></listrepeat>
<expres>,([^\n]+)\n(http[^\n]+)</expres>
<page>https://github.com/iptv-org/iptv/raw/refs/heads/master/streams/us_moveonjoy.m3u</page>
</regex>
</item>

<item>
<title>TronicTV</title>
<thumbnail></thumbnail>
<fanart></fanart>
<link>$doregex[makelist]</link>
<regex>
<name>makelist</name>
<listrepeat><![CDATA[
<title>[COLOR=FF00FFFF][makelist.param1][/COLOR]</title>
<thumbnail></thumbnail>
<fanart></fanart>
<link>plugin://plugin.video.f4mTester/?streamtype=HLSRETRY&amp;url=[makelist.param2]</link>
]]></listrepeat>
<expres>,([^\n]+)\n(http:\/\/tronicstvpanel[^\n]+)</expres>
<page>https://github.com/iptvtvmini/boss/raw/refs/heads/tv/tronic</page>
</regex>
</item>

<item>
<title>Crystal</title>
<thumbnail></thumbnail>
<fanart></fanart>
<link>$doregex[makelist]</link>
<regex>
<name>makelist</name>
<listrepeat><![CDATA[
<title>[COLOR=FF00FFFF][makelist.param1][/COLOR]</title>
<thumbnail></thumbnail>
<fanart></fanart>
<link>plugin://plugin.video.f4mTester/?streamtype=HLSRETRY&amp;url=[makelist.param2]</link>
]]></listrepeat>
<expres>,([^\n]+)\n(http:\/\/crystaltv.tv[^\n]+)</expres>
<page>https://github.com/iptvtvmini/boss/raw/refs/heads/tv/crystal</page>
</regex>
</item>

<item>
<title>TBTV</title>
<thumbnail></thumbnail>
<fanart></fanart>
<link>$doregex[makelist]</link>
<regex>
<name>makelist</name>
<listrepeat><![CDATA[
<title>[COLOR=FF00FFFF][makelist.param1][/COLOR]</title>
<thumbnail></thumbnail>
<fanart></fanart>
<link>plugin://plugin.video.f4mTester/?streamtype=HLSRETRY&amp;url=[makelist.param2]</link>
]]></listrepeat>
<expres>,([^\n]+)\n(http:\/\/tbtv.me[^\n]+)</expres>
<page>https://github.com/iptvtvmini/boss/raw/refs/heads/tv/tbtv</page>
</regex>
</item>

</items>