<?xml version="1.0" encoding="UTF-8"?>
<items>

<items_info>
<title>MagicDust F4mTester Test</title>
<genre></genre>
<description></description>
<thumbnail>special://home/addons/plugin.video.f4mTester/icon.png</thumbnail>
<fanart>https://github.com/Magic-Dust/MagicDust/blob/master/fanart.jpg?raw=true</fanart>
</items_info>

<item>
<title>ADAPTATIVE</title>
<thumbnail></thumbnail>
<fanart></fanart>
<link>plugin://plugin.video.f4mTester/?streamtype=ADAPTATIVE&amp;url=http://cord-cutter.net:8080/7686199/9576982/120857</link>
</item>

<item>
<title>TSDOWNLOADER</title>
<thumbnail></thumbnail>
<fanart></fanart>
<link>plugin://plugin.video.f4mTester/?streamtype=TSDOWNLOADER&amp;url=http://cord-cutter.net:8080/7686199/9576982/120857</link>
</item>

<item>
<title>HLSRETRY</title>
<thumbnail></thumbnail>
<fanart></fanart>
<link>plugin://plugin.video.f4mTester/?streamtype=HLSRETRY&amp;url=http://cord-cutter.net:8080/live/7686199/9576982/120857.m3u8</link>
</item>

<item>
<title>Player Pick</title>
<thumbnail></thumbnail>
<fanart></fanart>
<link>plugin://plugin.video.f4mTester/?streamtype=PICK&amp;url=http://cord-cutter.net:8080/7686199/9576982/120857</link>
</item>

<item>
<title>No Player</title>
<thumbnail></thumbnail>
<fanart></fanart>
<link>plugin://plugin.video.f4mTester/?streamtype=""&amp;url=http://cord-cutter.net:8080/7686199/9576982/120857</link>
</item>

</items>