<?xml version="1.0" encoding="UTF-8"?>
<items>

<item>
<title>ABC LIVE</title>
<fanart></fanart>
<thumbnail></thumbnail>
<link>https://abcnews-streams.akamaized.net/hls/live/2023560/abcnews1/master.m3u8$$lsname=Feed 1</link>
<link>https://abcnews-streams.akamaized.net/hls/live/2023561/abcnews2/master.m3u8$$lsname=Feed 2</link>
<link>https://abcnews-streams.akamaized.net/hls/live/2023562/abcnews3/master.m3u8$$lsname=Feed 3</link>
<link>https://abcnews-streams.akamaized.net/hls/live/2023563/abcnews4/master.m3u8$$lsname=Feed 4</link>
<link>https://abcnews-streams.akamaized.net/hls/live/2023564/abcnews5/master.m3u8$$lsname=Feed 5</link>
</item>

<item>
<title>ABC Regional</title>
<fanart></fanart>
<thumbnail></thumbnail>
<link>https://livetv-fa.tubi.video/wcvb/playlist.m3u8$$lsname=Boston</link>
<link>https://content.uplynk.com/channel/64ca339f04964a5e961c3207a7771bf1.m3u8$$lsname=Denver</link>
<link>https://content.uplynk.com/channel/ext/72750b711f704e4a94b5cfe6dc99f5e1/wabc_24x7_news.m3u8$$lsname=New York</link>
</item>

<item>
<title>Beach TV</title>
<fanart></fanart>
<thumbnail></thumbnail>
<link>http://media4.tripsmarter.com:1935/LiveTV/DTVHD/playlist.m3u8$$lsname=Florida - Alabama</link>
<link>https://media4.tripsmarter.com:1935/LiveTV/KTVHD/playlist.m3u8$$lsname=Key West</link>
<link>https://5ed325193d4e1.streamlock.net:444/LiveTV/MTVHD/playlist.m3u8$$lsname=Myrtle Beach</link>
<link>http://media4.tripsmarter.com:1935/LiveTV/BTVHD/playlist.m3u8$$lsname=Panama City</link>
<link>http://media4.tripsmarter.com:1935/LiveTV/MTVHD/playlist.m3u8$$lsname=Pawley's Island</link>
</item>

<item>
<title>Bloomberg LIVE</title>
<fanart></fanart>
<thumbnail></thumbnail>
<link>https://bloomberg.com/media-manifest/streams/us-event.m3u8$$lsname=Live Event USA</link>
<link>https://bloomberg.com/media-manifest/streams/politics.m3u8$$lsname=Live Event US Politics</link>
<link>https://bloomberg.com/media-manifest/streams/eu-event.m3u8$$lsname=Live Event Europe</link>
<link>https://bloomberg.com/media-manifest/streams/phoenix-us.m3u8$$lsname=Bloomberg+</link>
</item>

<item>
<title>CBSN Regional</title>
<fanart></fanart>
<thumbnail></thumbnail>
<link></link>
<link></link>
<link></link>
<link></link>
</item>

<item>
<title>FOX Regional</title>
<fanart></fanart>
<thumbnail></thumbnail>
<link>https://livetv-fa.tubi.video/kdfw/index.m3u8$$lsname=Dallas</link>
<link>https://livetv-fa.tubi.video/wfld/index.m3u8$$lsname=Chicago</link>
<link>https://livetv-fa.tubi.video/kttv/index.m3u8$$lsname=Los Angeles</link>
<link>https://livetv-fa.tubi.video/wtvt/index.m3u8$$lsname=Miami</link>
</item>

<item>
<title>Global News</title>
<fanart></fanart>
<thumbnail></thumbnail>
<link>https://live.corusdigitaldev.com/groupa/live/48a5882b-a1ec-42d7-bfd7-6c2739e737da/live.isml/.m3u8$$lsname=BC</link>
<link>https://live.corusdigitaldev.com/groupa/live/6bfb7f13-9d9d-4211-9c50-fb56330e4ccd/live.isml/.m3u8$$lsname=Montreal</link>
<link>https://live.corusdigitaldev.com/groupd/live/49a91e7f-1023-430f-8d66-561055f3d0f7/live.isml/.m3u8$$lsname=National</link>
<link>https://live.corusdigitaldev.com/groupd/live/deb8cec5-87fb-460a-ab82-0929374fc5fb/live.isml/.m3u8$$lsname=Toronto</link>
</item>

<item>
<title>News 12</title>
<fanart></fanart>
<thumbnail></thumbnail>
<link>https://mdc.ott.alticeusa.net/live4.ott.optimum.net/live4-uploads/N12XH_A1/index_new.m3u8$$lsname=Bronx</link>
<link>https://mdc.ott.alticeusa.net/live4.ott.optimum.net/live4-uploads/N12KH_A1/index_new.m3u8$$lsname=Brooklyn</link>
<link>https://mdc.ott.alticeusa.net/live4.ott.optimum.net/live4-uploads/N12HH_A1/index_new.m3u8$$lsname=Hudson Valley</link>
<link>https://mdc.ott.alticeusa.net/live4.ott.optimum.net/live4-uploads/N12WH_A1/index_new.m3u8$$lsname=Westchester</link>
</item>

<item>
<title>NBCN Regional</title>
<fanart></fanart>
<thumbnail></thumbnail>
<link>plugin://slyguy.stirr.provider/?_=play&amp;_play=1&amp;id=6475&amp;_is_live=1&amp;_noresume=.pvr$$lsname=Albany</link>
<link>https://amg00884-nbcuniversal-nbcbos-pcr-xumo-9xxph.amagi.tv/playlist.m3u8$$lsname=Boston</link>
<link>https://amg00884-nbcuniversal-nbcch-pcr-xumo-e9lcl.amagi.tv/playlist.m3u8$$lsname=Chicago</link>
<link>https://amg00884-nbcuniversal-dfwnews-xumo-r5in7.amagi.tv/playlist.m3u8$$lsname=Dallas</link>
<link>https://amg00884-nbcuniversal-nbcnsf-pcr-xumo-78jf2.amagi.tv/playlist.m3u8$$lsname=Miami</link>
</item>

<item>
<title>Sky News Live Feeds</title>
<fanart></fanart>
<thumbnail></thumbnail>
<link>https://skynewsau-live.akamaized.net/hls/live/2002689/skynewsau-extra1/master.m3u8$$lsname=Extra 1</link>
<link>https://skynewsau-live.akamaized.net/hls/live/2002690/skynewsau-extra2/master.m3u8$$lsname=Extra 2</link>
<link>https://skynewsau-live.akamaized.net/hls/live/2002691/skynewsau-extra3/master.m3u8$$lsname=Extra 3</link>
</item>

<item>
<title>ABC TEST1</title>
<fanart></fanart>
<link>https://livetv-fa.tubi.video/kdfw/index.m3u8$$LSPlayOnlyOne$$</link>
<link>https://livetv-fa.tubi.video/wfld/index.m3u8</link>
<link>https://livetv-fa.tubi.video/kttv/index.m3u8</link>
<link>https://livetv-fa.tubi.video/wtvt/index.m3u8</link>
</item>

<item>
<title>ABC TEST2</title>
<fanart></fanart>
<link>https://livetv-fa.tubi.video/kdfw/index.m3u8</link>
<link>https://livetv-fa.tubi.video/wfld/index.m3u8</link>
<link>https://livetv-fa.tubi.video/kttv/index.m3u8</link>
<link>https://livetv-fa.tubi.video/wtvt/index.m3u8</link>
</item>

<item>
<title>Dudai Racing</title>
<fanart></fanart>
<link>https://dmisdracta.cdn.mgmlcdn.com/events/smil:events.stream.smil/chunklist_b700000.m3u8</link>
<link>https://dmithrvllta.cdn.mgmlcdn.com/dubairacing/smil:dubairacing.smil/chunklist_b300000.m3u8</link>
<link>https://dmithrvllta.cdn.mgmlcdn.com/dubaimubasher/smil:dubaimubasher.smil/chunklist_b300000.m3u8</link>
</item>

</items>