<keymap>
  <Global>
    <keyboard>
      <rewind>PageUp</rewind>
      <fastforward>PageDown</fastforward>
    </keyboard>
  </Global>
  <visualisation>
    <keyboard>
      <up>volumeup</up>
      <down>volumedown</down>
      <down mod="longpress">Mute</down>
    </keyboard>
  </visualisation>
  <FullscreenVideo>
    <keyboard>
      <up>volumeup</up>
      <down>volumedown</down>
      <down mod="longpress">Mute</down>
      <menu>Back</menu>
      <menu mod="longpress">RunScript(&quot;special://home/addons/plugin.program.magicdust/magic/iptvcat2.py&quot;)</menu>
      <backspace mod="longpress">RunScript(&quot;special://home/addons/plugin.program.magicdust/magic/iptvcat2.py&quot;)</backspace>
    </keyboard>
  </FullscreenVideo>  
  <videoosd>
    <keyboard>
      <up>Up</up>
      <down>Down</down>
    </keyboard>
  </videoosd>
  <FullscreenLiveTV>
    <keyboard>
      <up>VolumeUp</up>
      <down>VolumeDown</down>
      <down mod="longpress">Mute</down>
      <left>ChannelDown</left>
      <right>ChannelUp</right>
      <rewind>Number0</rewind>
      <fastforward>Number0</fastforward>
      <menu mod="longpress">RunScript(&quot;special://home/addons/plugin.program.magicdust/magic/iptvcat2.py&quot;)</menu>
      <backspace mod="longpress">RunScript(&quot;special://home/addons/plugin.program.magicdust/magic/iptvcat2.py&quot;)</backspace>
      <menu>ActivateWindow(pvrosdchannels)</menu>
      <play_pause>ActivateWindow(pvrchannelguide)</play_pause>
    </keyboard>
  </FullscreenLiveTV>
  <pvrosdchannels>
    <keyboard>
      <menu>ActivateWindow(pvrchannelguide)</menu>
      <menu mod="longpress">RunScript(&quot;special://home/addons/plugin.program.magicdust/magic/iptvcat2.py&quot;)</menu>
      <backspace mod="longpress">RunScript(&quot;special://home/addons/plugin.program.magicdust/magic/iptvcat2.py&quot;)</backspace>
    </keyboard>
  </pvrosdchannels>
  <FullscreenRadio>
    <keyboard>
      <up>VolumeUp</up>
      <down>VolumeDown</down>
      <down mod="longpress">Mute</down>
      <left>ChannelDown</left>
      <right>ChannelUp</right>
      <rewind>Number0</rewind>
      <fastforward>Number0</fastforward>
      <menu>ActivateWindow(pvrosdchannels)</menu>
    </keyboard>
  </FullscreenRadio>
  <TVGuide>
    <keyboard>
      <menu>SendClick(28)</menu>
      <rewind>PageUp</rewind>
      <fastforward>PageDown</fastforward>
      <play_pause>ActivateWindow(tvsearch)</play_pause>
      <menu mod="longpress">RunScript(&quot;special://home/addons/plugin.program.magicdust/magic/iptvcat2.py&quot;)</menu>
      <backspace mod="longpress">RunScript(&quot;special://home/addons/plugin.program.magicdust/magic/iptvcat2.py&quot;)</backspace>
    </keyboard>
  </TVGuide>
  <VideoOSD>
    <keyboard>
      <down mod="longpress">Mute</down>
    </keyboard>
  </VideoOSD>
  <Home>
    <keyboard>
      <backspace>Left&amp;Stop</backspace>
      <backspace mod="longpress">ActivateWindow(favouritesbrowser)</backspace>
      <menu>ActivateWindow(TVGuide)</menu>
      <menu mod="longpress">ActivateWindow(addonbrowser)</menu>
      <play_pause>Fullscreen</play_pause>
      <play_pause mod="longpress">Stop</play_pause>
    </keyboard>
  </Home>
  <Videos>
    <keyboard>
    </keyboard>
  </Videos>
</keymap>