<item>
<title>[COLOR=FF00FFFF]USA Channels [COLOR red]•[/COLOR][COLOR=FF00CCFF] iptvcat.com[/COLOR][/COLOR]</title>
<fanart>https://github.com/Magic-Dust/MagicDust/raw/master/fanart.jpg</fanart>
<link>$doregex[makelist]</link>
<regex>
<name>makelist</name>
<listrepeat><![CDATA[
<title>[COLOR=FF00FFFF]$doregex[Cleanup][COLOR red]•[/COLOR][COLOR=FF00CCFF] [makelist.param3]%[/COLOR][/COLOR]</title>
<link>[makelist.param2]</link>
]]></listrepeat>
<expres><![CDATA["channel":"([^"]+)","link":"(http://[k|m|u][^?]+)\?.*?"liveliness":"([^"]*)","status":"online".*?"format":".*?","mbps":".*?","URI"]]></expres>
<page>https://raw.githubusercontent.com/eliashussary/iptvcat-scraper/master/data/countries/united%20states%20of%20america.json</page>
<regex>
<name>Cleanup</name>
<expres>$pyFunction:'[makelist.param1]'.replace('\u0026','&').replace('US','').replace('FHD','').replace('HD','').replace('[B]','').replace('(ENG)','').replace('ENG','').replace('(Geo)','')</expres>
<page></page>
</regex>
</item>

<item>
<title>[COLOR=FF00FFFF]UK Channels [COLOR red]•[/COLOR][COLOR=FF00CCFF] iptvcat.com[/COLOR][/COLOR]</title>
<fanart>https://github.com/Magic-Dust/MagicDust/raw/master/fanart.jpg</fanart>
<link>$doregex[makelist]</link>
<regex>
<name>makelist</name>
<listrepeat><![CDATA[
<title>[COLOR=FF00FFFF]$doregex[Cleanup][COLOR red]•[/COLOR][COLOR=FF00CCFF] [makelist.param3]%[/COLOR][/COLOR]</title>
<link>[makelist.param2]</link>
]]></listrepeat>
<expres><![CDATA["channel":"([^"]+)","link":"(http://[k|m|u][^?]+)\?.*?"liveliness":"([^"]*)","status":"online".*?"format":".*?","mbps":".*?","URI"]]></expres>
<page>https://raw.githubusercontent.com/eliashussary/iptvcat-scraper/master/data/countries/united%20kingdom.json</page>
<regex>
<name>Cleanup</name>
<expres>$pyFunction:'[makelist.param1]'.replace('\u0026','&').replace('US','').replace('FHD','').replace('HD','').replace('[B]','').replace('(ENG)','').replace('ENG','').replace('(Geo)','')</expres>
<page></page>
</regex>
</item>

<item>
<title>[COLOR=FF00FFFF]Canada Channels [COLOR red]•[/COLOR][COLOR=FF00CCFF] iptvcat.com[/COLOR][/COLOR]</title>
<fanart>https://github.com/Magic-Dust/MagicDust/raw/master/fanart.jpg</fanart>
<link>$doregex[makelist]</link>
<regex>
<name>makelist</name>
<listrepeat><![CDATA[
<title>[COLOR=FF00FFFF]$doregex[Cleanup][COLOR red]•[/COLOR][COLOR=FF00CCFF] [makelist.param3]%[/COLOR][/COLOR]</title>
<link>[makelist.param2]</link>
]]></listrepeat>
<expres><![CDATA["channel":"([^"]+)","link":"(http://[k|m|u][^?]+)\?.*?"liveliness":"([^"]*)","status":"online".*?"format":".*?","mbps":".*?","URI"]]></expres>
<page>https://raw.githubusercontent.com/eliashussary/iptvcat-scraper/master/data/countries/canada.json</page>
<regex>
<name>Cleanup</name>
<expres>$pyFunction:'[makelist.param1]'.replace('\u0026','&').replace('US','').replace('FHD','').replace('HD','').replace('[B]','').replace('(ENG)','').replace('ENG','').replace('(Geo)','')</expres>
<page></page>
</regex>
</item>