<item>
<title>Pasta Streams - New England Sports</title>
<link>$doregex[makelist]</link>
<thumbnail>https://upload.wikimedia.org/wikipedia/commons/1/1e/New_England_Sports_Network_%28logo%29.png</thumbnail>
<fanart>http://2.bp.blogspot.com/-_H1dxtJ1oqI/VZ-7MS_phuI/AAAAAAAADDg/qFWPUhAD4cU/s1600/Massachusetts_sil.png</fanart>
<regex>
<name>makelist</name>
<listrepeat><![CDATA[
<title>[COLOR orange][makelist.param2][/COLOR]</title>
<link>$doregex[Gamelinks]</link>
<thumbnail>https://upload.wikimedia.org/wikipedia/commons/1/1e/New_England_Sports_Network_%28logo%29.png</thumbnail>
<fanart>http://2.bp.blogspot.com/-_H1dxtJ1oqI/VZ-7MS_phuI/AAAAAAAADDg/qFWPUhAD4cU/s1600/Massachusetts_sil.png</fanart>
]]></listrepeat>
<expres><![CDATA[<a href="([^"]*)">([^<]*)]]></expres>
<page>https://pasta.stream/sidebar.js</page>
</regex>
<regex>
<name>Gamelinks</name>
<listrepeat><![CDATA[
<title>[COLOR orange][Gamelinks.param1][/COLOR]</title>
<link>$doregex[Gameurl]</link>
<thumbnail>https://upload.wikimedia.org/wikipedia/commons/1/1e/New_England_Sports_Network_%28logo%29.png</thumbnail>
<fanart>http://2.bp.blogspot.com/-_H1dxtJ1oqI/VZ-7MS_phuI/AAAAAAAADDg/qFWPUhAD4cU/s1600/Massachusetts_sil.png</fanart>
]]></listrepeat>
<expres><![CDATA[<iframe src="([^"]*)]]></expres>
<page>https://pasta.stream/[makelist.param1]</page>
</regex>
<regex>
<name>Gameurl</name>
<expres><![CDATA[#$pyFunction
def GetLSProData(page_data,Cookie_Jar,m,url='[Gamelinks.param1]'):
   import liveresolver
   u = liveresolver.resolve(url)
   return u
]]></expres>
<page></page>
<cookieJar></cookieJar>
</regex>
</item>
