<item>
<title>A&E</title>
<fanart>https://github.com/Magic-Dust/MagicDust/raw/master/fanart.jpg</fanart>
<link>$doregex[get-decode]|Referer=http://myustv.com/watch/ae-ae/&amp;User-Agent=Mozilla/5.0 (Windows NT 10.0) AppleWebKit/537.36 (KHTML, like Gecko) Chrome/64.0.3282.140 Safari/537.36 Edge/18.17763</link>
<regex>
<name>base64</name>
<expres><![CDATA[link= atob\("([^"]*)]]></expres>
<page>http://myustv.com/watch/ae-ae/</page>
<cookieJar></cookieJar>
</regex>
<regex>
<name>get-decode</name>
<expres>$pyFunction:base64.b64decode("$doregex[base64]")</expres>
<page></page>
</regex>
</item>

<item>
<title>ABC</title>
<fanart>https://github.com/Magic-Dust/MagicDust/raw/master/fanart.jpg</fanart>
<link>$doregex[get-decode]|Referer=http://myustv.com/watch/abc/&amp;User-Agent=Mozilla/5.0 (Windows NT 10.0) AppleWebKit/537.36 (KHTML, like Gecko) Chrome/64.0.3282.140 Safari/537.36 Edge/18.17763</link>
<regex>
<name>base64</name>
<expres><![CDATA[link= atob\("([^"]*)]]></expres>
<page>http://myustv.com/watch/abc/</page>
<cookieJar></cookieJar>
</regex>
<regex>
<name>get-decode</name>
<expres>$pyFunction:base64.b64decode("$doregex[base64]")</expres>
<page></page>
</regex>
</item>

<item>
<title>American Heroes Channel</title>
<fanart>https://github.com/Magic-Dust/MagicDust/raw/master/fanart.jpg</fanart>
<link>$doregex[get-decode]|Referer=http://myustv.com/watch/ahc-american-heroes-channel/&amp;User-Agent=Mozilla/5.0 (Windows NT 10.0) AppleWebKit/537.36 (KHTML, like Gecko) Chrome/64.0.3282.140 Safari/537.36 Edge/18.17763</link>
<regex>
<name>base64</name>
<expres><![CDATA[link= atob\("([^"]*)]]></expres>
<page>http://myustv.com/watch/ahc-american-heroes-channel/</page>
<cookieJar></cookieJar>
</regex>
<regex>
<name>get-decode</name>
<expres>$pyFunction:base64.b64decode("$doregex[base64]")</expres>
<page></page>
</regex>
</item>

<item>
<title>AMC</title>
<fanart>https://github.com/Magic-Dust/MagicDust/raw/master/fanart.jpg</fanart>
<link>$doregex[get-decode]|Referer=http://myustv.com/watch/amc/&amp;User-Agent=Mozilla/5.0 (Windows NT 10.0) AppleWebKit/537.36 (KHTML, like Gecko) Chrome/64.0.3282.140 Safari/537.36 Edge/18.17763</link>
<regex>
<name>base64</name>
<expres><![CDATA[link= atob\("([^"]*)]]></expres>
<page>http://myustv.com/watch/amc/</page>
<cookieJar></cookieJar>
</regex>
<regex>
<name>get-decode</name>
<expres>$pyFunction:base64.b64decode("$doregex[base64]")</expres>
<page></page>
</regex>
</item>

<item>
<title>Animal Planet</title>
<fanart>https://github.com/Magic-Dust/MagicDust/raw/master/fanart.jpg</fanart>
<link>$doregex[get-decode]|Referer=http://myustv.com/watch/animal-planet/&amp;User-Agent=Mozilla/5.0 (Windows NT 10.0) AppleWebKit/537.36 (KHTML, like Gecko) Chrome/64.0.3282.140 Safari/537.36 Edge/18.17763</link>
<regex>
<name>base64</name>
<expres><![CDATA[link= atob\("([^"]*)]]></expres>
<page>http://myustv.com/watch/animal-planet/</page>
<cookieJar></cookieJar>
</regex>
<regex>
<name>get-decode</name>
<expres>$pyFunction:base64.b64decode("$doregex[base64]")</expres>
<page></page>
</regex>
</item>

<item>
<title>AXS</title>
<fanart>https://github.com/Magic-Dust/MagicDust/raw/master/fanart.jpg</fanart>
<link>$doregex[get-decode]|Referer=http://myustv.com/watch/axs-tv/&amp;User-Agent=Mozilla/5.0 (Windows NT 10.0) AppleWebKit/537.36 (KHTML, like Gecko) Chrome/64.0.3282.140 Safari/537.36 Edge/18.17763</link>
<regex>
<name>base64</name>
<expres><![CDATA[link= atob\("([^"]*)]]></expres>
<page>http://myustv.com/watch/axs-tv/</page>
<cookieJar></cookieJar>
</regex>
<regex>
<name>get-decode</name>
<expres>$pyFunction:base64.b64decode("$doregex[base64]")</expres>
<page></page>
</regex>
</item>

<item>
<title>Bein Sports USA</title>
<fanart>https://github.com/Magic-Dust/MagicDust/raw/master/fanart.jpg</fanart>
<link>$doregex[get-decode]|Referer=http://myustv.com/watch/bein-sports-usa/&amp;User-Agent=Mozilla/5.0 (Windows NT 10.0) AppleWebKit/537.36 (KHTML, like Gecko) Chrome/64.0.3282.140 Safari/537.36 Edge/18.17763</link>
<regex>
<name>base64</name>
<expres><![CDATA[link= atob\("([^"]*)]]></expres>
<page>http://myustv.com/watch/bein-sports-usa/</page>
<cookieJar></cookieJar>
</regex>
<regex>
<name>get-decode</name>
<expres>$pyFunction:base64.b64decode("$doregex[base64]")</expres>
<page></page>
</regex>
</item>

<item>
<title>Bloomberg</title>
<fanart>https://github.com/Magic-Dust/MagicDust/raw/master/fanart.jpg</fanart>
<link>$doregex[get-decode]|Referer=http://myustv.com/watch/bloomberg-usa/&amp;User-Agent=Mozilla/5.0 (Windows NT 10.0) AppleWebKit/537.36 (KHTML, like Gecko) Chrome/64.0.3282.140 Safari/537.36 Edge/18.17763</link>
<regex>
<name>base64</name>
<expres><![CDATA[link= atob\("([^"]*)]]></expres>
<page>http://myustv.com/watch/bloomberg-usa/</page>
<cookieJar></cookieJar>
</regex>
<regex>
<name>get-decode</name>
<expres>$pyFunction:base64.b64decode("$doregex[base64]")</expres>
<page></page>
</regex>
</item>

<item>
<title>Bravo</title>
<fanart>https://github.com/Magic-Dust/MagicDust/raw/master/fanart.jpg</fanart>
<link>$doregex[get-decode]|Referer=http://myustv.com/watch/bravo/&amp;User-Agent=Mozilla/5.0 (Windows NT 10.0) AppleWebKit/537.36 (KHTML, like Gecko) Chrome/64.0.3282.140 Safari/537.36 Edge/18.17763</link>
<regex>
<name>base64</name>
<expres><![CDATA[link= atob\("([^"]*)]]></expres>
<page>http://myustv.com/watch/bravo/</page>
<cookieJar></cookieJar>
</regex>
<regex>
<name>get-decode</name>
<expres>$pyFunction:base64.b64decode("$doregex[base64]")</expres>
<page></page>
</regex>
</item>

<item>
<title>BT Sport 1</title>
<fanart>https://github.com/Magic-Dust/MagicDust/raw/master/fanart.jpg</fanart>
<link>$doregex[get-decode]|Referer=http://myustv.com/watch/bt-sport-1/&amp;User-Agent=Mozilla/5.0 (Windows NT 10.0) AppleWebKit/537.36 (KHTML, like Gecko) Chrome/64.0.3282.140 Safari/537.36 Edge/18.17763</link>
<regex>
<name>base64</name>
<expres><![CDATA[link= atob\("([^"]*)]]></expres>
<page>http://myustv.com/watch/bt-sport-1/</page>
<cookieJar></cookieJar>
</regex>
<regex>
<name>get-decode</name>
<expres>$pyFunction:base64.b64decode("$doregex[base64]")</expres>
<page></page>
</regex>
</item>

<item>
<title>BT Sport 2</title>
<fanart>https://github.com/Magic-Dust/MagicDust/raw/master/fanart.jpg</fanart>
<link>$doregex[get-decode]|Referer=http://myustv.com/watch/bt-sport-2/&amp;User-Agent=Mozilla/5.0 (Windows NT 10.0) AppleWebKit/537.36 (KHTML, like Gecko) Chrome/64.0.3282.140 Safari/537.36 Edge/18.17763</link>
<regex>
<name>base64</name>
<expres><![CDATA[link= atob\("([^"]*)]]></expres>
<page>http://myustv.com/watch/bt-sport-2/</page>
<cookieJar></cookieJar>
</regex>
<regex>
<name>get-decode</name>
<expres>$pyFunction:base64.b64decode("$doregex[base64]")</expres>
<page></page>
</regex>
</item>

<item>
<title>BT Sport 3</title>
<fanart>https://github.com/Magic-Dust/MagicDust/raw/master/fanart.jpg</fanart>
<link>$doregex[get-decode]|Referer=http://myustv.com/watch/bt-sport-3/&amp;User-Agent=Mozilla/5.0 (Windows NT 10.0) AppleWebKit/537.36 (KHTML, like Gecko) Chrome/64.0.3282.140 Safari/537.36 Edge/18.17763</link>
<regex>
<name>base64</name>
<expres><![CDATA[link= atob\("([^"]*)]]></expres>
<page>http://myustv.com/watch/bt-sport-3/</page>
<cookieJar></cookieJar>
</regex>
<regex>
<name>get-decode</name>
<expres>$pyFunction:base64.b64decode("$doregex[base64]")</expres>
<page></page>
</regex>
</item>

<item>
<title>BT Sport Espn</title>
<fanart>https://github.com/Magic-Dust/MagicDust/raw/master/fanart.jpg</fanart>
<link>$doregex[get-decode]|Referer=http://myustv.com/watch/bt-sport-espn/&amp;User-Agent=Mozilla/5.0 (Windows NT 10.0) AppleWebKit/537.36 (KHTML, like Gecko) Chrome/64.0.3282.140 Safari/537.36 Edge/18.17763</link>
<regex>
<name>base64</name>
<expres><![CDATA[link= atob\("([^"]*)]]></expres>
<page>http://myustv.com/watch/bt-sport-espn/</page>
<cookieJar></cookieJar>
</regex>
<regex>
<name>get-decode</name>
<expres>$pyFunction:base64.b64decode("$doregex[base64]")</expres>
<page></page>
</regex>
</item>

<item>
<title>BTN 1</title>
<fanart>https://github.com/Magic-Dust/MagicDust/raw/master/fanart.jpg</fanart>
<link>$doregex[get-decode]|Referer=http://myustv.com/watch/big-ten-network-btn/&amp;User-Agent=Mozilla/5.0 (Windows NT 10.0) AppleWebKit/537.36 (KHTML, like Gecko) Chrome/64.0.3282.140 Safari/537.36 Edge/18.17763</link>
<regex>
<name>base64</name>
<expres><![CDATA[link= atob\("([^"]*)]]></expres>
<page>http://myustv.com/watch/big-ten-network-btn/</page>
<cookieJar></cookieJar>
</regex>
<regex>
<name>get-decode</name>
<expres>$pyFunction:base64.b64decode("$doregex[base64]")</expres>
<page></page>
</regex>
</item>

<item>
<title>BTN 2</title>
<fanart>https://github.com/Magic-Dust/MagicDust/raw/master/fanart.jpg</fanart>
<link>$doregex[get-decode]|Referer=http://myustv.com/watch/btn-2/&amp;User-Agent=Mozilla/5.0 (Windows NT 10.0) AppleWebKit/537.36 (KHTML, like Gecko) Chrome/64.0.3282.140 Safari/537.36 Edge/18.17763</link>
<regex>
<name>base64</name>
<expres><![CDATA[link= atob\("([^"]*)]]></expres>
<page>http://myustv.com/watch/btn-2/</page>
<cookieJar></cookieJar>
</regex>
<regex>
<name>get-decode</name>
<expres>$pyFunction:base64.b64decode("$doregex[base64]")</expres>
<page></page>
</regex>
</item>

<item>
<title>BTN 3</title>
<fanart>https://github.com/Magic-Dust/MagicDust/raw/master/fanart.jpg</fanart>
<link>$doregex[get-decode]|Referer=http://myustv.com/watch/btn-3/&amp;User-Agent=Mozilla/5.0 (Windows NT 10.0) AppleWebKit/537.36 (KHTML, like Gecko) Chrome/64.0.3282.140 Safari/537.36 Edge/18.17763</link>
<regex>
<name>base64</name>
<expres><![CDATA[link= atob\("([^"]*)]]></expres>
<page>http://myustv.com/watch/btn-3/</page>
<cookieJar></cookieJar>
</regex>
<regex>
<name>get-decode</name>
<expres>$pyFunction:base64.b64decode("$doregex[base64]")</expres>
<page></page>
</regex>
</item>

<item>
<title>BTN 4</title>
<fanart>https://github.com/Magic-Dust/MagicDust/raw/master/fanart.jpg</fanart>
<link>$doregex[get-decode]|Referer=http://myustv.com/watch/btn-4/&amp;User-Agent=Mozilla/5.0 (Windows NT 10.0) AppleWebKit/537.36 (KHTML, like Gecko) Chrome/64.0.3282.140 Safari/537.36 Edge/18.17763</link>
<regex>
<name>base64</name>
<expres><![CDATA[link= atob\("([^"]*)]]></expres>
<page>http://myustv.com/watch/btn-4/</page>
<cookieJar></cookieJar>
</regex>
<regex>
<name>get-decode</name>
<expres>$pyFunction:base64.b64decode("$doregex[base64]")</expres>
<page></page>
</regex>
</item>

<item>
<title>California Music Channel</title>
<fanart>https://github.com/Magic-Dust/MagicDust/raw/master/fanart.jpg</fanart>
<link>$doregex[get-decode]|Referer=http://myustv.com/watch/california-music-channel/&amp;User-Agent=Mozilla/5.0 (Windows NT 10.0) AppleWebKit/537.36 (KHTML, like Gecko) Chrome/64.0.3282.140 Safari/537.36 Edge/18.17763</link>
<regex>
<name>base64</name>
<expres><![CDATA[link= atob\("([^"]*)]]></expres>
<page>http://myustv.com/watch/california-music-channel/</page>
<cookieJar></cookieJar>
</regex>
<regex>
<name>get-decode</name>
<expres>$pyFunction:base64.b64decode("$doregex[base64]")</expres>
<page></page>
</regex>
</item>

<item>
<title>Cartoon Network</title>
<fanart>https://github.com/Magic-Dust/MagicDust/raw/master/fanart.jpg</fanart>
<link>$doregex[get-decode]|Referer=http://myustv.com/watch/cartoon-network/&amp;User-Agent=Mozilla/5.0 (Windows NT 10.0) AppleWebKit/537.36 (KHTML, like Gecko) Chrome/64.0.3282.140 Safari/537.36 Edge/18.17763</link>
<regex>
<name>base64</name>
<expres><![CDATA[link= atob\("([^"]*)]]></expres>
<page>http://myustv.com/watch/cartoon-network/</page>
<cookieJar></cookieJar>
</regex>
<regex>
<name>get-decode</name>
<expres>$pyFunction:base64.b64decode("$doregex[base64]")</expres>
<page></page>
</regex>
</item>

<item>
<title>CBS</title>
<fanart>https://github.com/Magic-Dust/MagicDust/raw/master/fanart.jpg</fanart>
<link>$doregex[get-decode]|Referer=http://myustv.com/watch/cbs/&amp;User-Agent=Mozilla/5.0 (Windows NT 10.0) AppleWebKit/537.36 (KHTML, like Gecko) Chrome/64.0.3282.140 Safari/537.36 Edge/18.17763</link>
<regex>
<name>base64</name>
<expres><![CDATA[link= atob\("([^"]*)]]></expres>
<page>http://myustv.com/watch/cbs/</page>
<cookieJar></cookieJar>
</regex>
<regex>
<name>get-decode</name>
<expres>$pyFunction:base64.b64decode("$doregex[base64]")</expres>
<page></page>
</regex>
</item>

<item>
<title>CBS Sports</title>
<fanart>https://github.com/Magic-Dust/MagicDust/raw/master/fanart.jpg</fanart>
<link>$doregex[get-decode]|Referer=http://myustv.com/watch/cbs-sports-network/&amp;User-Agent=Mozilla/5.0 (Windows NT 10.0) AppleWebKit/537.36 (KHTML, like Gecko) Chrome/64.0.3282.140 Safari/537.36 Edge/18.17763</link>
<regex>
<name>base64</name>
<expres><![CDATA[link= atob\("([^"]*)]]></expres>
<page>http://myustv.com/watch/cbs-sports-network/</page>
<cookieJar></cookieJar>
</regex>
<regex>
<name>get-decode</name>
<expres>$pyFunction:base64.b64decode("$doregex[base64]")</expres>
<page></page>
</regex>
</item>

<item>
<title>CNBC</title>
<fanart>https://github.com/Magic-Dust/MagicDust/raw/master/fanart.jpg</fanart>
<link>$doregex[get-decode]|Referer=http://myustv.com/watch/cnbc/&amp;User-Agent=Mozilla/5.0 (Windows NT 10.0) AppleWebKit/537.36 (KHTML, like Gecko) Chrome/64.0.3282.140 Safari/537.36 Edge/18.17763</link>
<regex>
<name>base64</name>
<expres><![CDATA[link= atob\("([^"]*)]]></expres>
<page>http://myustv.com/watch/cnbc/</page>
<cookieJar></cookieJar>
</regex>
<regex>
<name>get-decode</name>
<expres>$pyFunction:base64.b64decode("$doregex[base64]")</expres>
<page></page>
</regex>
</item>

<item>
<title>Cooking Channel</title>
<fanart>https://github.com/Magic-Dust/MagicDust/raw/master/fanart.jpg</fanart>
<link>$doregex[get-decode]|Referer=http://myustv.com/watch/cooking-channel/&amp;User-Agent=Mozilla/5.0 (Windows NT 10.0) AppleWebKit/537.36 (KHTML, like Gecko) Chrome/64.0.3282.140 Safari/537.36 Edge/18.17763</link>
<regex>
<name>base64</name>
<expres><![CDATA[link= atob\("([^"]*)]]></expres>
<page>http://myustv.com/watch/cooking-channel/</page>
<cookieJar></cookieJar>
</regex>
<regex>
<name>get-decode</name>
<expres>$pyFunction:base64.b64decode("$doregex[base64]")</expres>
<page></page>
</regex>
</item>

<item>
<title>Country Music Television</title>
<fanart>https://github.com/Magic-Dust/MagicDust/raw/master/fanart.jpg</fanart>
<link>$doregex[get-decode]|Referer=http://myustv.com/watch/cmt-country-music-television/&amp;User-Agent=Mozilla/5.0 (Windows NT 10.0) AppleWebKit/537.36 (KHTML, like Gecko) Chrome/64.0.3282.140 Safari/537.36 Edge/18.17763</link>
<regex>
<name>base64</name>
<expres><![CDATA[link= atob\("([^"]*)]]></expres>
<page>http://myustv.com/watch/cmt-country-music-television/</page>
<cookieJar></cookieJar>
</regex>
<regex>
<name>get-decode</name>
<expres>$pyFunction:base64.b64decode("$doregex[base64]")</expres>
<page></page>
</regex>
</item>

<item>
<title>Comedy Central</title>
<fanart>https://github.com/Magic-Dust/MagicDust/raw/master/fanart.jpg</fanart>
<link>$doregex[get-decode]|Referer=http://myustv.com/watch/comedy-central/&amp;User-Agent=Mozilla/5.0 (Windows NT 10.0) AppleWebKit/537.36 (KHTML, like Gecko) Chrome/64.0.3282.140 Safari/537.36 Edge/18.17763</link>
<regex>
<name>base64</name>
<expres><![CDATA[link= atob\("([^"]*)]]></expres>
<page>http://myustv.com/watch/comedy-central</page>
<cookieJar></cookieJar>
</regex>
<regex>
<name>get-decode</name>
<expres>$pyFunction:base64.b64decode("$doregex[base64]")</expres>
<page></page>
</regex>
</item>

<item>
<title>CW</title>
<fanart>https://github.com/Magic-Dust/MagicDust/raw/master/fanart.jpg</fanart>
<link>$doregex[get-decode]|Referer=http://myustv.com/watch/the-cw/&amp;User-Agent=Mozilla/5.0 (Windows NT 10.0) AppleWebKit/537.36 (KHTML, like Gecko) Chrome/64.0.3282.140 Safari/537.36 Edge/18.17763</link>
<regex>
<name>base64</name>
<expres><![CDATA[link= atob\("([^"]*)]]></expres>
<page>http://myustv.com/watch/the-cw/</page>
<cookieJar></cookieJar>
</regex>
<regex>
<name>get-decode</name>
<expres>$pyFunction:base64.b64decode("$doregex[base64]")</expres>
<page></page>
</regex>
</item>

<item>
<title>Discovery Channel</title>
<fanart>https://github.com/Magic-Dust/MagicDust/raw/master/fanart.jpg</fanart>
<link>$doregex[get-decode]|http://myustv.com/watch/discovery-channel/&amp;User-Agent=Mozilla/5.0 (Windows NT 10.0) AppleWebKit/537.36 (KHTML, like Gecko) Chrome/64.0.3282.140 Safari/537.36 Edge/18.17763</link>
<regex>
<name>base64</name>
<expres><![CDATA[link= atob\("([^"]*)]]></expres>
<page>http://myustv.com/watch/discovery-channel/</page>
<cookieJar></cookieJar>
</regex>
<regex>
<name>get-decode</name>
<expres>$pyFunction:base64.b64decode("$doregex[base64]")</expres>
<page></page>
</regex>
</item>

<item>
<title>Discovery Science</title>
<fanart>https://github.com/Magic-Dust/MagicDust/raw/master/fanart.jpg</fanart>
<link>$doregex[get-decode]|Referer=http://myustv.com/watch/science-channel/&amp;User-Agent=Mozilla/5.0 (Windows NT 10.0) AppleWebKit/537.36 (KHTML, like Gecko) Chrome/64.0.3282.140 Safari/537.36 Edge/18.17763</link>
<regex>
<name>base64</name>
<expres><![CDATA[link= atob\("([^"]*)]]></expres>
<page>http://myustv.com/watch/science-channel/</page>
<cookieJar></cookieJar>
</regex>
<regex>
<name>get-decode</name>
<expres>$pyFunction:base64.b64decode("$doregex[base64]")</expres>
<page></page>
</regex>
</item>

<item>
<title>Disney Channel</title>
<fanart>https://github.com/Magic-Dust/MagicDust/raw/master/fanart.jpg</fanart>
<link>$doregex[get-decode]|Referer=http://myustv.com/watch/disney-channel/&amp;User-Agent=Mozilla/5.0 (Windows NT 10.0) AppleWebKit/537.36 (KHTML, like Gecko) Chrome/64.0.3282.140 Safari/537.36 Edge/18.17763</link>
<regex>
<name>base64</name>
<expres><![CDATA[link= atob\("([^"]*)]]></expres>
<page>http://myustv.com/watch/disney-channel/</page>
<cookieJar></cookieJar>
</regex>
<regex>
<name>get-decode</name>
<expres>$pyFunction:base64.b64decode("$doregex[base64]")</expres>
<page></page>
</regex>
</item>

<item>
<title>Disney Junior</title>
<fanart>https://github.com/Magic-Dust/MagicDust/raw/master/fanart.jpg</fanart>
<link>$doregex[get-decode]|Referer=http://myustv.com/watch/disney-junior/&amp;User-Agent=Mozilla/5.0 (Windows NT 10.0) AppleWebKit/537.36 (KHTML, like Gecko) Chrome/64.0.3282.140 Safari/537.36 Edge/18.17763</link>
<regex>
<name>base64</name>
<expres><![CDATA[link= atob\("([^"]*)]]></expres>
<page>http://myustv.com/watch/disney-junior/</page>
<cookieJar></cookieJar>
</regex>
<regex>
<name>get-decode</name>
<expres>$pyFunction:base64.b64decode("$doregex[base64]")</expres>
<page></page>
</regex>
</item>

<item>
<title>Disney XD</title>
<fanart>https://github.com/Magic-Dust/MagicDust/raw/master/fanart.jpg</fanart>
<link>$doregex[get-decode]|Referer=http://myustv.com/watch/disney-xd/&amp;User-Agent=Mozilla/5.0 (Windows NT 10.0) AppleWebKit/537.36 (KHTML, like Gecko) Chrome/64.0.3282.140 Safari/537.36 Edge/18.17763</link>
<regex>
<name>base64</name>
<expres><![CDATA[link= atob\("([^"]*)]]></expres>
<page>http://myustv.com/watch/disney-xd/</page>
<cookieJar></cookieJar>
</regex>
<regex>
<name>get-decode</name>
<expres>$pyFunction:base64.b64decode("$doregex[base64]")</expres>
<page></page>
</regex>
</item>

<item>
<title>DIY</title>
<fanart>https://github.com/Magic-Dust/MagicDust/raw/master/fanart.jpg</fanart>
<link>$doregex[get-decode]|Referer=http://myustv.com/watch/diy-network/&amp;User-Agent=Mozilla/5.0 (Windows NT 10.0) AppleWebKit/537.36 (KHTML, like Gecko) Chrome/64.0.3282.140 Safari/537.36 Edge/18.17763</link>
<regex>
<name>base64</name>
<expres><![CDATA[link= atob\("([^"]*)]]></expres>
<page>http://myustv.com/watch/diy-network/</page>
<cookieJar></cookieJar>
</regex>
<regex>
<name>get-decode</name>
<expres>$pyFunction:base64.b64decode("$doregex[base64]")</expres>
<page></page>
</regex>
</item>

<item>
<title>E!</title>
<fanart>https://github.com/Magic-Dust/MagicDust/raw/master/fanart.jpg</fanart>
<link>$doregex[get-decode]|Referer=http://myustv.com/watch/e-network/&amp;User-Agent=Mozilla/5.0 (Windows NT 10.0) AppleWebKit/537.36 (KHTML, like Gecko) Chrome/64.0.3282.140 Safari/537.36 Edge/18.17763</link>
<regex>
<name>base64</name>
<expres><![CDATA[link= atob\("([^"]*)]]></expres>
<page>http://myustv.com/watch/e-network/</page>
<cookieJar></cookieJar>
</regex>
<regex>
<name>get-decode</name>
<expres>$pyFunction:base64.b64decode("$doregex[base64]")</expres>
<page></page>
</regex>
</item>

<item>
<title>ESPN</title>
<fanart>https://github.com/Magic-Dust/MagicDust/raw/master/fanart.jpg</fanart>
<link>$doregex[get-decode]|Referer=http://myustv.com/watch/espn/&amp;User-Agent=Mozilla/5.0 (Windows NT 10.0) AppleWebKit/537.36 (KHTML, like Gecko) Chrome/64.0.3282.140 Safari/537.36 Edge/18.17763</link>
<regex>
<name>base64</name>
<expres><![CDATA[link= atob\("([^"]*)]]></expres>
<page>http://myustv.com/watch/espn/</page>
<cookieJar></cookieJar>
</regex>
<regex>
<name>get-decode</name>
<expres>$pyFunction:base64.b64decode("$doregex[base64]")</expres>
<page></page>
</regex>
</item>

<item>
<title>ESPN2</title>
<fanart>https://github.com/Magic-Dust/MagicDust/raw/master/fanart.jpg</fanart>
<link>$doregex[get-decode]|Referer=http://myustv.com/watch/espn2/&amp;User-Agent=Mozilla/5.0 (Windows NT 10.0) AppleWebKit/537.36 (KHTML, like Gecko) Chrome/64.0.3282.140 Safari/537.36 Edge/18.17763</link>
<regex>
<name>base64</name>
<expres><![CDATA[link= atob\("([^"]*)]]></expres>
<page>http://myustv.com/watch/espn2/</page>
<cookieJar></cookieJar>
</regex>
<regex>
<name>get-decode</name>
<expres>$pyFunction:base64.b64decode("$doregex[base64]")</expres>
<page></page>
</regex>
</item>

<item>
<title>ESPN Longhorn</title>
<fanart>https://github.com/Magic-Dust/MagicDust/raw/master/fanart.jpg</fanart>
<link>$doregex[get-decode]|Referer=http://myustv.com/watch/longhorn-network/&amp;User-Agent=Mozilla/5.0 (Windows NT 10.0) AppleWebKit/537.36 (KHTML, like Gecko) Chrome/64.0.3282.140 Safari/537.36 Edge/18.17763</link>
<regex>
<name>base64</name>
<expres><![CDATA[link= atob\("([^"]*)]]></expres>
<page>http://myustv.com/watch/longhorn-network/</page>
<cookieJar></cookieJar>
</regex>
<regex>
<name>get-decode</name>
<expres>$pyFunction:base64.b64decode("$doregex[base64]")</expres>
<page></page>
</regex>
</item>

<item>
<title>ESPN News</title>
<fanart>https://github.com/Magic-Dust/MagicDust/raw/master/fanart.jpg</fanart>
<link>$doregex[get-decode]|Referer=http://myustv.com/watch/espn-news/&amp;User-Agent=Mozilla/5.0 (Windows NT 10.0) AppleWebKit/537.36 (KHTML, like Gecko) Chrome/64.0.3282.140 Safari/537.36 Edge/18.17763</link>
<regex>
<name>base64</name>
<expres><![CDATA[link= atob\("([^"]*)]]></expres>
<page>http://myustv.com/watch/espn-news/</page>
<cookieJar></cookieJar>
</regex>
<regex>
<name>get-decode</name>
<expres>$pyFunction:base64.b64decode("$doregex[base64]")</expres>
<page></page>
</regex>
</item>

<item>
<title>ESPN SEC Network</title>
<fanart>https://github.com/Magic-Dust/MagicDust/raw/master/fanart.jpg</fanart>
<link>$doregex[get-decode]|Referer=http://myustv.com/watch/sec-network/&amp;User-Agent=Mozilla/5.0 (Windows NT 10.0) AppleWebKit/537.36 (KHTML, like Gecko) Chrome/64.0.3282.140 Safari/537.36 Edge/18.17763</link>
<regex>
<name>base64</name>
<expres><![CDATA[link= atob\("([^"]*)]]></expres>
<page>http://myustv.com/watch/sec-network/</page>
<cookieJar></cookieJar>
</regex>
<regex>
<name>get-decode</name>
<expres>$pyFunction:base64.b64decode("$doregex[base64]")</expres>
<page></page>
</regex>
</item>

<item>
<title>ESPNU</title>
<fanart>https://github.com/Magic-Dust/MagicDust/raw/master/fanart.jpg</fanart>
<link>$doregex[get-decode]|Referer=http://myustv.com/watch/espnu/&amp;User-Agent=Mozilla/5.0 (Windows NT 10.0) AppleWebKit/537.36 (KHTML, like Gecko) Chrome/64.0.3282.140 Safari/537.36 Edge/18.17763</link>
<regex>
<name>base64</name>
<expres><![CDATA[link= atob\("([^"]*)]]></expres>
<page>http://myustv.com/watch/espnu/</page>
<cookieJar></cookieJar>
</regex>
<regex>
<name>get-decode</name>
<expres>$pyFunction:base64.b64decode("$doregex[base64]")</expres>
<page></page>
</regex>
</item>

<item>
<title>Fashiontv Global</title>
<fanart>https://github.com/Magic-Dust/MagicDust/raw/master/fanart.jpg</fanart>
<link>$doregex[get-decode]|Referer=http://myustv.com/watch/fashiontv-global/&amp;User-Agent=Mozilla/5.0 (Windows NT 10.0) AppleWebKit/537.36 (KHTML, like Gecko) Chrome/64.0.3282.140 Safari/537.36 Edge/18.17763</link>
<regex>
<name>base64</name>
<expres><![CDATA[link= atob\("([^"]*)]]></expres>
<page>http://myustv.com/watch/fashiontv-global/</page>
<cookieJar></cookieJar>
</regex>
<regex>
<name>get-decode</name>
<expres>$pyFunction:base64.b64decode("$doregex[base64]")</expres>
<page></page>
</regex>
</item>

<item>
<title>Food Network</title>
<fanart>https://github.com/Magic-Dust/MagicDust/raw/master/fanart.jpg</fanart>
<link>$doregex[get-decode]|Referer=http://myustv.com/watch/food-network/&amp;User-Agent=Mozilla/5.0 (Windows NT 10.0) AppleWebKit/537.36 (KHTML, like Gecko) Chrome/64.0.3282.140 Safari/537.36 Edge/18.17763</link>
<regex>
<name>base64</name>
<expres><![CDATA[link= atob\("([^"]*)]]></expres>
<page>http://myustv.com/watch/food-network/</page>
<cookieJar></cookieJar>
</regex>
<regex>
<name>get-decode</name>
<expres>$pyFunction:base64.b64decode("$doregex[base64]")</expres>
<page></page>
</regex>
</item>

<item>
<title>FOX</title>
<fanart>https://github.com/Magic-Dust/MagicDust/raw/master/fanart.jpg</fanart>
<link>$doregex[get-decode]|Referer=http://myustv.com/watch/fox-network/&amp;User-Agent=Mozilla/5.0 (Windows NT 10.0) AppleWebKit/537.36 (KHTML, like Gecko) Chrome/64.0.3282.140 Safari/537.36 Edge/18.17763</link>
<regex>
<name>base64</name>
<expres><![CDATA[link= atob\("([^"]*)]]></expres>
<page>http://myustv.com/watch/fox-network/</page>
<cookieJar></cookieJar>
</regex>
<regex>
<name>get-decode</name>
<expres>$pyFunction:base64.b64decode("$doregex[base64]")</expres>
<page></page>
</regex>
</item>

<item>
<title>Fox Business</title>
<fanart>https://github.com/Magic-Dust/MagicDust/raw/master/fanart.jpg</fanart>
<link>$doregex[get-decode]|Referer=http://myustv.com/watch/fox-business/&amp;User-Agent=Mozilla/5.0 (Windows NT 10.0) AppleWebKit/537.36 (KHTML, like Gecko) Chrome/64.0.3282.140 Safari/537.36 Edge/18.17763</link>
<regex>
<name>base64</name>
<expres><![CDATA[link= atob\("([^"]*)]]></expres>
<page>http://myustv.com/watch/fox-business/</page>
<cookieJar></cookieJar>
</regex>
<regex>
<name>get-decode</name>
<expres>$pyFunction:base64.b64decode("$doregex[base64]")</expres>
<page></page>
</regex>
</item>

<item>
<title>Fox News</title>
<fanart>https://github.com/Magic-Dust/MagicDust/raw/master/fanart.jpg</fanart>
<link>$doregex[get-decode]|Referer=http://myustv.com/watch/fox-news/&amp;User-Agent=Mozilla/5.0 (Windows NT 10.0) AppleWebKit/537.36 (KHTML, like Gecko) Chrome/64.0.3282.140 Safari/537.36 Edge/18.17763</link>
<regex>
<name>base64</name>
<expres><![CDATA[link= atob\("([^"]*)]]></expres>
<page>http://myustv.com/watch/fox-news/</page>
<cookieJar></cookieJar>
</regex>
<regex>
<name>get-decode</name>
<expres>$pyFunction:base64.b64decode("$doregex[base64]")</expres>
<page></page>
</regex>
</item>

<item>
<title>Fox Sports 1</title>
<fanart>https://github.com/Magic-Dust/MagicDust/raw/master/fanart.jpg</fanart>
<link>$doregex[get-decode]|Referer=http://myustv.com/watch/fox-sports-1/&amp;User-Agent=Mozilla/5.0 (Windows NT 10.0) AppleWebKit/537.36 (KHTML, like Gecko) Chrome/64.0.3282.140 Safari/537.36 Edge/18.17763</link>
<regex>
<name>base64</name>
<expres><![CDATA[link= atob\("([^"]*)]]></expres>
<page>http://myustv.com/watch/fox-sports-1/</page>
<cookieJar></cookieJar>
</regex>
<regex>
<name>get-decode</name>
<expres>$pyFunction:base64.b64decode("$doregex[base64]")</expres>
<page></page>
</regex>
</item>

<item>
<title>Fox Sports 2</title>
<fanart>https://github.com/Magic-Dust/MagicDust/raw/master/fanart.jpg</fanart>
<link>$doregex[get-decode]|Referer=http://myustv.com/watch/fox-sports-2/&amp;User-Agent=Mozilla/5.0 (Windows NT 10.0) AppleWebKit/537.36 (KHTML, like Gecko) Chrome/64.0.3282.140 Safari/537.36 Edge/18.17763</link>
<regex>
<name>base64</name>
<expres><![CDATA[link= atob\("([^"]*)]]></expres>
<page>http://myustv.com/watch/fox-sports-2/</page>
<cookieJar></cookieJar>
</regex>
<regex>
<name>get-decode</name>
<expres>$pyFunction:base64.b64decode("$doregex[base64]")</expres>
<page></page>
</regex>
</item>

<item>
<title>Fox College Atlantic</title>
<fanart>https://github.com/Magic-Dust/MagicDust/raw/master/fanart.jpg</fanart>
<link>$doregex[get-decode]|Referer=http://myustv.com/watch/fox-college-atlantic/&amp;User-Agent=Mozilla/5.0 (Windows NT 10.0) AppleWebKit/537.36 (KHTML, like Gecko) Chrome/64.0.3282.140 Safari/537.36 Edge/18.17763</link>
<regex>
<name>base64</name>
<expres><![CDATA[link= atob\("([^"]*)]]></expres>
<page>http://myustv.com/watch/fox-college-atlantic/</page>
<cookieJar></cookieJar>
</regex>
<regex>
<name>get-decode</name>
<expres>$pyFunction:base64.b64decode("$doregex[base64]")</expres>
<page></page>
</regex>
</item>

<item>
<title>Fox College Central</title>
<fanart>https://github.com/Magic-Dust/MagicDust/raw/master/fanart.jpg</fanart>
<link>$doregex[get-decode]|Referer=http://myustv.com/watch/fox-college-central/&amp;User-Agent=Mozilla/5.0 (Windows NT 10.0) AppleWebKit/537.36 (KHTML, like Gecko) Chrome/64.0.3282.140 Safari/537.36 Edge/18.17763</link>
<regex>
<name>base64</name>
<expres><![CDATA[link= atob\("([^"]*)]]></expres>
<page>http://myustv.com/watch/fox-college-central/</page>
<cookieJar></cookieJar>
</regex>
<regex>
<name>get-decode</name>
<expres>$pyFunction:base64.b64decode("$doregex[base64]")</expres>
<page></page>
</regex>
</item>

<item>
<title>Fox College Pacific</title>
<fanart>https://github.com/Magic-Dust/MagicDust/raw/master/fanart.jpg</fanart>
<link>$doregex[get-decode]|Referer=http://myustv.com/watch/fox-college-pacific/&amp;User-Agent=Mozilla/5.0 (Windows NT 10.0) AppleWebKit/537.36 (KHTML, like Gecko) Chrome/64.0.3282.140 Safari/537.36 Edge/18.17763</link>
<regex>
<name>base64</name>
<expres><![CDATA[link= atob\("([^"]*)]]></expres>
<page>http://myustv.com/watch/fox-college-pacific/</page>
<cookieJar></cookieJar>
</regex>
<regex>
<name>get-decode</name>
<expres>$pyFunction:base64.b64decode("$doregex[base64]")</expres>
<page></page>
</regex>
</item>

<item>
<title>Fox Soccer</title>
<fanart>https://github.com/Magic-Dust/MagicDust/raw/master/fanart.jpg</fanart>
<link>$doregex[get-decode]|Referer=http://myustv.com/watch/fox-soccer-plus/&amp;User-Agent=Mozilla/5.0 (Windows NT 10.0) AppleWebKit/537.36 (KHTML, like Gecko) Chrome/64.0.3282.140 Safari/537.36 Edge/18.17763</link>
<regex>
<name>base64</name>
<expres><![CDATA[link= atob\("([^"]*)]]></expres>
<page>http://myustv.com/watch/fox-soccer-plus/</page>
<cookieJar></cookieJar>
</regex>
<regex>
<name>get-decode</name>
<expres>$pyFunction:base64.b64decode("$doregex[base64]")</expres>
<page></page>
</regex>
</item>

<item>
<title>Fox Sports North</title>
<fanart>https://github.com/Magic-Dust/MagicDust/raw/master/fanart.jpg</fanart>
<link>$doregex[get-decode]|Referer=http://myustv.com/watch/fox-sports-north/&amp;User-Agent=Mozilla/5.0 (Windows NT 10.0) AppleWebKit/537.36 (KHTML, like Gecko) Chrome/64.0.3282.140 Safari/537.36 Edge/18.17763</link>
<regex>
<name>base64</name>
<expres><![CDATA[link= atob\("([^"]*)]]></expres>
<page>http://myustv.com/watch/fox-sports-north/</page>
<cookieJar></cookieJar>
</regex>
<regex>
<name>get-decode</name>
<expres>$pyFunction:base64.b64decode("$doregex[base64]")</expres>
<page></page>
</regex>
</item>

<item>
<title>Fox Sports South</title>
<fanart>https://github.com/Magic-Dust/MagicDust/raw/master/fanart.jpg</fanart>
<link>$doregex[get-decode]|Referer=http://myustv.com/watch/fox-sports-south/&amp;User-Agent=Mozilla/5.0 (Windows NT 10.0) AppleWebKit/537.36 (KHTML, like Gecko) Chrome/64.0.3282.140 Safari/537.36 Edge/18.17763</link>
<regex>
<name>base64</name>
<expres><![CDATA[link= atob\("([^"]*)]]></expres>
<page>http://myustv.com/watch/fox-sports-south/</page>
<cookieJar></cookieJar>
</regex>
<regex>
<name>get-decode</name>
<expres>$pyFunction:base64.b64decode("$doregex[base64]")</expres>
<page></page>
</regex>
</item>

<item>
<title>Fox Sports Southeast</title>
<fanart>https://github.com/Magic-Dust/MagicDust/raw/master/fanart.jpg</fanart>
<link>$doregex[get-decode]|Referer=http://myustv.com/watch/fox-sports-se/&amp;User-Agent=Mozilla/5.0 (Windows NT 10.0) AppleWebKit/537.36 (KHTML, like Gecko) Chrome/64.0.3282.140 Safari/537.36 Edge/18.17763</link>
<regex>
<name>base64</name>
<expres><![CDATA[link= atob\("([^"]*)]]></expres>
<page>http://myustv.com/watch/fox-sports-se/</page>
<cookieJar></cookieJar>
</regex>
<regex>
<name>get-decode</name>
<expres>$pyFunction:base64.b64decode("$doregex[base64]")</expres>
<page></page>
</regex>
</item>

<item>
<title>Fox Sports Southwest</title>
<fanart>https://github.com/Magic-Dust/MagicDust/raw/master/fanart.jpg</fanart>
<link>$doregex[get-decode]|Referer=http://myustv.com/watch/fox-sports-southwest/&amp;User-Agent=Mozilla/5.0 (Windows NT 10.0) AppleWebKit/537.36 (KHTML, like Gecko) Chrome/64.0.3282.140 Safari/537.36 Edge/18.17763</link>
<regex>
<name>base64</name>
<expres><![CDATA[link= atob\("([^"]*)]]></expres>
<page>http://myustv.com/watch/fox-sports-southwest/</page>
<cookieJar></cookieJar>
</regex>
<regex>
<name>get-decode</name>
<expres>$pyFunction:base64.b64decode("$doregex[base64]")</expres>
<page></page>
</regex>
</item>

<item>
<title>Fox Sports Midwest</title>
<fanart>https://github.com/Magic-Dust/MagicDust/raw/master/fanart.jpg</fanart>
<link>$doregex[get-decode]|Referer=http://myustv.com/watch/fox-sports-mid-west/&amp;User-Agent=Mozilla/5.0 (Windows NT 10.0) AppleWebKit/537.36 (KHTML, like Gecko) Chrome/64.0.3282.140 Safari/537.36 Edge/18.17763</link>
<regex>
<name>base64</name>
<expres><![CDATA[link= atob\("([^"]*)]]></expres>
<page>http://myustv.com/watch/fox-sports-mid-west/</page>
<cookieJar></cookieJar>
</regex>
<regex>
<name>get-decode</name>
<expres>$pyFunction:base64.b64decode("$doregex[base64]")</expres>
<page></page>
</regex>
</item>

<item>
<title>Fox Sports Arizona</title>
<fanart>https://github.com/Magic-Dust/MagicDust/raw/master/fanart.jpg</fanart>
<link>$doregex[get-decode]|Referer=http://myustv.com/watch/fox-sports-arizona/&amp;User-Agent=Mozilla/5.0 (Windows NT 10.0) AppleWebKit/537.36 (KHTML, like Gecko) Chrome/64.0.3282.140 Safari/537.36 Edge/18.17763</link>
<regex>
<name>base64</name>
<expres><![CDATA[link= atob\("([^"]*)]]></expres>
<page>http://myustv.com/watch/fox-sports-arizona/</page>
<cookieJar></cookieJar>
</regex>
<regex>
<name>get-decode</name>
<expres>$pyFunction:base64.b64decode("$doregex[base64]")</expres>
<page></page>
</regex>
</item>

<item>
<title>Fox Sports Carolinas</title>
<fanart>https://github.com/Magic-Dust/MagicDust/raw/master/fanart.jpg</fanart>
<link>$doregex[get-decode]|Referer=http://myustv.com/watch/fox-sports-carolina/&amp;User-Agent=Mozilla/5.0 (Windows NT 10.0) AppleWebKit/537.36 (KHTML, like Gecko) Chrome/64.0.3282.140 Safari/537.36 Edge/18.17763</link>
<regex>
<name>base64</name>
<expres><![CDATA[link= atob\("([^"]*)]]></expres>
<page>http://myustv.com/watch/fox-sports-carolina/</page>
<cookieJar></cookieJar>
</regex>
<regex>
<name>get-decode</name>
<expres>$pyFunction:base64.b64decode("$doregex[base64]")</expres>
<page></page>
</regex>
</item>

<item>
<title>Fox Sports Detroit</title>
<fanart>https://github.com/Magic-Dust/MagicDust/raw/master/fanart.jpg</fanart>
<link>$doregex[get-decode]|Referer=http://myustv.com/watch/fox-sports-detroit/&amp;User-Agent=Mozilla/5.0 (Windows NT 10.0) AppleWebKit/537.36 (KHTML, like Gecko) Chrome/64.0.3282.140 Safari/537.36 Edge/18.17763</link>
<regex>
<name>base64</name>
<expres><![CDATA[link= atob\("([^"]*)]]></expres>
<page>http://myustv.com/watch/fox-sports-detroit/</page>
<cookieJar></cookieJar>
</regex>
<regex>
<name>get-decode</name>
<expres>$pyFunction:base64.b64decode("$doregex[base64]")</expres>
<page></page>
</regex>
</item>

<item>
<title>Fox Sports Florida</title>
<fanart>https://github.com/Magic-Dust/MagicDust/raw/master/fanart.jpg</fanart>
<link>$doregex[get-decode]|Referer=http://myustv.com/watch/fox-sports-florida/&amp;User-Agent=Mozilla/5.0 (Windows NT 10.0) AppleWebKit/537.36 (KHTML, like Gecko) Chrome/64.0.3282.140 Safari/537.36 Edge/18.17763</link>
<regex>
<name>base64</name>
<expres><![CDATA[link= atob\("([^"]*)]]></expres>
<page>http://myustv.com/watch/fox-sports-florida/</page>
<cookieJar></cookieJar>
</regex>
<regex>
<name>get-decode</name>
<expres>$pyFunction:base64.b64decode("$doregex[base64]")</expres>
<page></page>
</regex>
</item>

<item>
<title>Fox Sports New Orleans</title>
<fanart>https://github.com/Magic-Dust/MagicDust/raw/master/fanart.jpg</fanart>
<link>$doregex[get-decode]|Referer=http://myustv.com/watch/fox-sports-new-orleans/&amp;User-Agent=Mozilla/5.0 (Windows NT 10.0) AppleWebKit/537.36 (KHTML, like Gecko) Chrome/64.0.3282.140 Safari/537.36 Edge/18.17763</link>
<regex>
<name>base64</name>
<expres><![CDATA[link= atob\("([^"]*)]]></expres>
<page>http://myustv.com/watch/fox-sports-new-orleans/</page>
<cookieJar></cookieJar>
</regex>
<regex>
<name>get-decode</name>
<expres>$pyFunction:base64.b64decode("$doregex[base64]")</expres>
<page></page>
</regex>
</item>

<item>
<title>Fox Sports Ohio</title>
<fanart>https://github.com/Magic-Dust/MagicDust/raw/master/fanart.jpg</fanart>
<link>$doregex[get-decode]|Referer=http://myustv.com/watch/fox-sports-ohio/&amp;User-Agent=Mozilla/5.0 (Windows NT 10.0) AppleWebKit/537.36 (KHTML, like Gecko) Chrome/64.0.3282.140 Safari/537.36 Edge/18.17763</link>
<regex>
<name>base64</name>
<expres><![CDATA[link= atob\("([^"]*)]]></expres>
<page>http://myustv.com/watch/fox-sports-ohio/</page>
<cookieJar></cookieJar>
</regex>
<regex>
<name>get-decode</name>
<expres>$pyFunction:base64.b64decode("$doregex[base64]")</expres>
<page></page>
</regex>
</item>

<item>
<title>Fox Sports Prime Ticket</title>
<fanart>https://github.com/Magic-Dust/MagicDust/raw/master/fanart.jpg</fanart>
<link>$doregex[get-decode]|Referer=http://myustv.com/watch/fox-sports-prime-ticket/&amp;User-Agent=Mozilla/5.0 (Windows NT 10.0) AppleWebKit/537.36 (KHTML, like Gecko) Chrome/64.0.3282.140 Safari/537.36 Edge/18.17763</link>
<regex>
<name>base64</name>
<expres><![CDATA[link= atob\("([^"]*)]]></expres>
<page>http://myustv.com/watch/fox-sports-prime-ticket/</page>
<cookieJar></cookieJar>
</regex>
<regex>
<name>get-decode</name>
<expres>$pyFunction:base64.b64decode("$doregex[base64]")</expres>
<page></page>
</regex>
</item>

<item>
<title>Fox Sports San Diego</title>
<fanart>https://github.com/Magic-Dust/MagicDust/raw/master/fanart.jpg</fanart>
<link>$doregex[get-decode]|Referer=http://myustv.com/watch/fox-sports-san-diego/&amp;User-Agent=Mozilla/5.0 (Windows NT 10.0) AppleWebKit/537.36 (KHTML, like Gecko) Chrome/64.0.3282.140 Safari/537.36 Edge/18.17763</link>
<regex>
<name>base64</name>
<expres><![CDATA[link= atob\("([^"]*)]]></expres>
<page>http://myustv.com/watch/fox-sports-san-diego/</page>
<cookieJar></cookieJar>
</regex>
<regex>
<name>get-decode</name>
<expres>$pyFunction:base64.b64decode("$doregex[base64]")</expres>
<page></page>
</regex>
</item>

<item>
<title>Fox Sports Sun</title>
<fanart>https://github.com/Magic-Dust/MagicDust/raw/master/fanart.jpg</fanart>
<link>$doregex[get-decode]|Referer=http://myustv.com/watch/fox-sports-sun/&amp;User-Agent=Mozilla/5.0 (Windows NT 10.0) AppleWebKit/537.36 (KHTML, like Gecko) Chrome/64.0.3282.140 Safari/537.36 Edge/18.17763</link>
<regex>
<name>base64</name>
<expres><![CDATA[link= atob\("([^"]*)]]></expres>
<page>http://myustv.com/watch/fox-sports-sun/</page>
<cookieJar></cookieJar>
</regex>
<regex>
<name>get-decode</name>
<expres>$pyFunction:base64.b64decode("$doregex[base64]")</expres>
<page></page>
</regex>
</item>

<item>
<title>Fox Sports Wisconsin</title>
<fanart>https://github.com/Magic-Dust/MagicDust/raw/master/fanart.jpg</fanart>
<link>$doregex[get-decode]|Referer=http://myustv.com/watch/fox-sports-wisconsin/&amp;User-Agent=Mozilla/5.0 (Windows NT 10.0) AppleWebKit/537.36 (KHTML, like Gecko) Chrome/64.0.3282.140 Safari/537.36 Edge/18.17763</link>
<regex>
<name>base64</name>
<expres><![CDATA[link= atob\("([^"]*)]]></expres>
<page>http://myustv.com/watch/fox-sports-wisconsin/</page>
<cookieJar></cookieJar>
</regex>
<regex>
<name>get-decode</name>
<expres>$pyFunction:base64.b64decode("$doregex[base64]")</expres>
<page></page>
</regex>
</item>

<item>
<title>Freeform</title>
<fanart>https://github.com/Magic-Dust/MagicDust/raw/master/fanart.jpg</fanart>
<link>$doregex[get-decode]|Referer=http://myustv.com/watch/freeform-abc-family/&amp;User-Agent=Mozilla/5.0 (Windows NT 10.0) AppleWebKit/537.36 (KHTML, like Gecko) Chrome/64.0.3282.140 Safari/537.36 Edge/18.17763</link>
<regex>
<name>base64</name>
<expres><![CDATA[link= atob\("([^"]*)]]></expres>
<page>http://myustv.com/watch/freeform-abc-family/</page>
<cookieJar></cookieJar>
</regex>
<regex>
<name>get-decode</name>
<expres>$pyFunction:base64.b64decode("$doregex[base64]")</expres>
<page></page>
</regex>
</item>

<item>
<title>Free Speech</title>
<fanart>https://github.com/Magic-Dust/MagicDust/raw/master/fanart.jpg</fanart>
<link>$doregex[get-decode]|Referer=http://myustv.com/watch/free-speech-tv/&amp;User-Agent=Mozilla/5.0 (Windows NT 10.0) AppleWebKit/537.36 (KHTML, like Gecko) Chrome/64.0.3282.140 Safari/537.36 Edge/18.17763</link>
<regex>
<name>base64</name>
<expres><![CDATA[link= atob\("([^"]*)]]></expres>
<page>http://myustv.com/watch/free-speech-tv/</page>
<cookieJar></cookieJar>
</regex>
<regex>
<name>get-decode</name>
<expres>$pyFunction:base64.b64decode("$doregex[base64]")</expres>
<page></page>
</regex>
</item>

<item>
<title>Ftv Midnight Secrets</title>
<fanart>https://github.com/Magic-Dust/MagicDust/raw/master/fanart.jpg</fanart>
<link>$doregex[get-decode]|Referer=http://myustv.com/watch/ftv-midnight-secrets/&amp;User-Agent=Mozilla/5.0 (Windows NT 10.0) AppleWebKit/537.36 (KHTML, like Gecko) Chrome/64.0.3282.140 Safari/537.36 Edge/18.17763</link>
<regex>
<name>base64</name>
<expres><![CDATA[link= atob\("([^"]*)]]></expres>
<page>http://myustv.com/watch/ftv-midnight-secrets/</page>
<cookieJar></cookieJar>
</regex>
<regex>
<name>get-decode</name>
<expres>$pyFunction:base64.b64decode("$doregex[base64]")</expres>
<page></page>
</regex>
</item>

<item>
<title>FX</title>
<fanart>https://github.com/Magic-Dust/MagicDust/raw/master/fanart.jpg</fanart>
<link>$doregex[get-decode]|Referer=http://myustv.com/watch/fx-networks/&amp;User-Agent=Mozilla/5.0 (Windows NT 10.0) AppleWebKit/537.36 (KHTML, like Gecko) Chrome/64.0.3282.140 Safari/537.36 Edge/18.17763</link>
<regex>
<name>base64</name>
<expres><![CDATA[link= atob\("([^"]*)]]></expres>
<page>http://myustv.com/watch/fx-networks/</page>
<cookieJar></cookieJar>
</regex>
<regex>
<name>get-decode</name>
<expres>$pyFunction:base64.b64decode("$doregex[base64]")</expres>
<page></page>
</regex>
</item>

<item>
<title>Fyi</title>
<fanart>https://github.com/Magic-Dust/MagicDust/raw/master/fanart.jpg</fanart>
<link>$doregex[get-decode]|Referer=http://myustv.com/watch/fyi/&amp;User-Agent=Mozilla/5.0 (Windows NT 10.0) AppleWebKit/537.36 (KHTML, like Gecko) Chrome/64.0.3282.140 Safari/537.36 Edge/18.17763</link>
<regex>
<name>base64</name>
<expres><![CDATA[link= atob\("([^"]*)]]></expres>
<page>http://myustv.com/watch/fyi/</page>
<cookieJar></cookieJar>
</regex>
<regex>
<name>get-decode</name>
<expres>$pyFunction:base64.b64decode("$doregex[base64]")</expres>
<page></page>
</regex>
</item>

<item>
<title>Golf Channel</title>
<fanart>https://github.com/Magic-Dust/MagicDust/raw/master/fanart.jpg</fanart>
<link>$doregex[get-decode]|Referer=http://myustv.com/watch/golf-channel/&amp;User-Agent=Mozilla/5.0 (Windows NT 10.0) AppleWebKit/537.36 (KHTML, like Gecko) Chrome/64.0.3282.140 Safari/537.36 Edge/18.17763</link>
<regex>
<name>base64</name>
<expres><![CDATA[link= atob\("([^"]*)]]></expres>
<page>http://myustv.com/watch/golf-channel/</page>
<cookieJar></cookieJar>
</regex>
<regex>
<name>get-decode</name>
<expres>$pyFunction:base64.b64decode("$doregex[base64]")</expres>
<page></page>
</regex>
</item>

<item>
<title>Hallmark Channel</title>
<fanart>https://github.com/Magic-Dust/MagicDust/raw/master/fanart.jpg</fanart>
<link>$doregex[get-decode]|Referer=http://myustv.com/watch/hallmark-channel/&amp;User-Agent=Mozilla/5.0 (Windows NT 10.0) AppleWebKit/537.36 (KHTML, like Gecko) Chrome/64.0.3282.140 Safari/537.36 Edge/18.17763</link>
<regex>
<name>base64</name>
<expres><![CDATA[link= atob\("([^"]*)]]></expres>
<page>http://myustv.com/watch/hallmark-channel/</page>
<cookieJar></cookieJar>
</regex>
<regex>
<name>get-decode</name>
<expres>$pyFunction:base64.b64decode("$doregex[base64]")</expres>
<page></page>
</regex>
</item>

<item>
<title>HBO</title>
<fanart>https://github.com/Magic-Dust/MagicDust/raw/master/fanart.jpg</fanart>
<link>$doregex[get-decode]|Referer=http://myustv.com/watch/hbo/&amp;User-Agent=Mozilla/5.0 (Windows NT 10.0) AppleWebKit/537.36 (KHTML, like Gecko) Chrome/64.0.3282.140 Safari/537.36 Edge/18.17763</link>
<regex>
<name>base64</name>
<expres><![CDATA[link= atob\("([^"]*)]]></expres>
<page>http://myustv.com/watch/hbo/</page>
<cookieJar></cookieJar>
</regex>
<regex>
<name>get-decode</name>
<expres>$pyFunction:base64.b64decode("$doregex[base64]")</expres>
<page></page>
</regex>
</item>

<item>
<title>HBO Comedy</title>
<fanart>https://github.com/Magic-Dust/MagicDust/raw/master/fanart.jpg</fanart>
<link>$doregex[get-decode]|Referer=http://myustv.com/watch/hbo-comedy/&amp;User-Agent=Mozilla/5.0 (Windows NT 10.0) AppleWebKit/537.36 (KHTML, like Gecko) Chrome/64.0.3282.140 Safari/537.36 Edge/18.17763</link>
<regex>
<name>base64</name>
<expres><![CDATA[link= atob\("([^"]*)]]></expres>
<page>http://myustv.com/watch/hbo-comedy/</page>
<cookieJar></cookieJar>
</regex>
<regex>
<name>get-decode</name>
<expres>$pyFunction:base64.b64decode("$doregex[base64]")</expres>
<page></page>
</regex>
</item>

<item>
<title>HBO Family</title>
<fanart>https://github.com/Magic-Dust/MagicDust/raw/master/fanart.jpg</fanart>
<link>$doregex[get-decode]|Referer=http://myustv.com/watch/hbo-family/&amp;User-Agent=Mozilla/5.0 (Windows NT 10.0) AppleWebKit/537.36 (KHTML, like Gecko) Chrome/64.0.3282.140 Safari/537.36 Edge/18.17763</link>
<regex>
<name>base64</name>
<expres><![CDATA[link= atob\("([^"]*)]]></expres>
<page>http://myustv.com/watch/hbo-family/</page>
<cookieJar></cookieJar>
</regex>
<regex>
<name>get-decode</name>
<expres>$pyFunction:base64.b64decode("$doregex[base64]")</expres>
<page></page>
</regex>
</item>

<item>
<title>HBO Signature</title>
<fanart>https://github.com/Magic-Dust/MagicDust/raw/master/fanart.jpg</fanart>
<link>$doregex[get-decode]|Referer=http://myustv.com/watch/hbo-signature/&amp;User-Agent=Mozilla/5.0 (Windows NT 10.0) AppleWebKit/537.36 (KHTML, like Gecko) Chrome/64.0.3282.140 Safari/537.36 Edge/18.17763</link>
<regex>
<name>base64</name>
<expres><![CDATA[link= atob\("([^"]*)]]></expres>
<page>http://myustv.com/watch/hbo-signature/</page>
<cookieJar></cookieJar>
</regex>
<regex>
<name>get-decode</name>
<expres>$pyFunction:base64.b64decode("$doregex[base64]")</expres>
<page></page>
</regex>
</item>

<item>
<title>HBO Zone</title>
<fanart>https://github.com/Magic-Dust/MagicDust/raw/master/fanart.jpg</fanart>
<link>$doregex[get-decode]|Referer=http://myustv.com/watch/hbo-zone/&amp;User-Agent=Mozilla/5.0 (Windows NT 10.0) AppleWebKit/537.36 (KHTML, like Gecko) Chrome/64.0.3282.140 Safari/537.36 Edge/18.17763</link>
<regex>
<name>base64</name>
<expres><![CDATA[link= atob\("([^"]*)]]></expres>
<page>http://myustv.com/watch/hbo-zone/</page>
<cookieJar></cookieJar>
</regex>
<regex>
<name>get-decode</name>
<expres>$pyFunction:base64.b64decode("$doregex[base64]")</expres>
<page></page>
</regex>
</item>

<item>
<title>HGTV</title>
<fanart>https://github.com/Magic-Dust/MagicDust/raw/master/fanart.jpg</fanart>
<link>$doregex[get-decode]|Referer=http://myustv.com/watch/hgtv/&amp;User-Agent=Mozilla/5.0 (Windows NT 10.0) AppleWebKit/537.36 (KHTML, like Gecko) Chrome/64.0.3282.140 Safari/537.36 Edge/18.17763</link>
<regex>
<name>base64</name>
<expres><![CDATA[link= atob\("([^"]*)]]></expres>
<page>http://myustv.com/watch/hgtv/</page>
<cookieJar></cookieJar>
</regex>
<regex>
<name>get-decode</name>
<expres>$pyFunction:base64.b64decode("$doregex[base64]")</expres>
<page></page>
</regex>
</item>

<item>
<title>History Channel</title>
<fanart>https://github.com/Magic-Dust/MagicDust/raw/master/fanart.jpg</fanart>
<link>$doregex[get-decode]|Referer=http://myustv.com/watch/history-channel/&amp;User-Agent=Mozilla/5.0 (Windows NT 10.0) AppleWebKit/537.36 (KHTML, like Gecko) Chrome/64.0.3282.140 Safari/537.36 Edge/18.17763</link>
<regex>
<name>base64</name>
<expres><![CDATA[link= atob\("([^"]*)]]></expres>
<page>http://myustv.com/watch/history-channel/</page>
<cookieJar></cookieJar>
</regex>
<regex>
<name>get-decode</name>
<expres>$pyFunction:base64.b64decode("$doregex[base64]")</expres>
<page></page>
</regex>
</item>

<item>
<title>Infowars</title>
<fanart>https://github.com/Magic-Dust/MagicDust/raw/master/fanart.jpg</fanart>
<link>$doregex[get-decode]|Referer=http://myustv.com/watch/infowars/&amp;User-Agent=Mozilla/5.0 (Windows NT 10.0) AppleWebKit/537.36 (KHTML, like Gecko) Chrome/64.0.3282.140 Safari/537.36 Edge/18.17763</link>
<regex>
<name>base64</name>
<expres><![CDATA[link= atob\("([^"]*)]]></expres>
<page>http://myustv.com/watch/infowars/</page>
<cookieJar></cookieJar>
</regex>
<regex>
<name>get-decode</name>
<expres>$pyFunction:base64.b64decode("$doregex[base64]")</expres>
<page></page>
</regex>
</item>

<item>
<title>Investigation Discovery</title>
<fanart>https://github.com/Magic-Dust/MagicDust/raw/master/fanart.jpg</fanart>
<link>$doregex[get-decode]|Referer=http://myustv.com/watch/investigation-discovery/&amp;User-Agent=Mozilla/5.0 (Windows NT 10.0) AppleWebKit/537.36 (KHTML, like Gecko) Chrome/64.0.3282.140 Safari/537.36 Edge/18.17763</link>
<regex>
<name>base64</name>
<expres><![CDATA[link= atob\("([^"]*)]]></expres>
<page>http://myustv.com/watch/investigation-discovery/</page>
<cookieJar></cookieJar>
</regex>
<regex>
<name>get-decode</name>
<expres>$pyFunction:base64.b64decode("$doregex[base64]")</expres>
<page></page>
</regex>
</item>

<item>
<title>Lifetime</title>
<fanart>https://github.com/Magic-Dust/MagicDust/raw/master/fanart.jpg</fanart>
<link>$doregex[get-decode]|Referer=http://myustv.com/watch/lifetime/&amp;User-Agent=Mozilla/5.0 (Windows NT 10.0) AppleWebKit/537.36 (KHTML, like Gecko) Chrome/64.0.3282.140 Safari/537.36 Edge/18.17763</link>
<regex>
<name>base64</name>
<expres><![CDATA[link= atob\("([^"]*)]]></expres>
<page>http://myustv.com/watch/lifetime/</page>
<cookieJar></cookieJar>
</regex>
<regex>
<name>get-decode</name>
<expres>$pyFunction:base64.b64decode("$doregex[base64]")</expres>
<page></page>
</regex>
</item>

<item>
<title>Logo TV</title>
<fanart>https://github.com/Magic-Dust/MagicDust/raw/master/fanart.jpg</fanart>
<link>$doregex[get-decode]|Referer=http://myustv.com/watch/logo-tv/&amp;User-Agent=Mozilla/5.0 (Windows NT 10.0) AppleWebKit/537.36 (KHTML, like Gecko) Chrome/64.0.3282.140 Safari/537.36 Edge/18.17763</link>
<regex>
<name>base64</name>
<expres><![CDATA[link= atob\("([^"]*)]]></expres>
<page>http://myustv.com/watch/logo-tv/</page>
<cookieJar></cookieJar>
</regex>
<regex>
<name>get-decode</name>
<expres>$pyFunction:base64.b64decode("$doregex[base64]")</expres>
<page></page>
</regex>
</item>

<item>
<title>MSG</title>
<fanart>https://github.com/Magic-Dust/MagicDust/raw/master/fanart.jpg</fanart>
<link>$doregex[get-decode]|Referer=http://myustv.com/watch/msg/&amp;User-Agent=Mozilla/5.0 (Windows NT 10.0) AppleWebKit/537.36 (KHTML, like Gecko) Chrome/64.0.3282.140 Safari/537.36 Edge/18.17763</link>
<regex>
<name>base64</name>
<expres><![CDATA[link= atob\("([^"]*)]]></expres>
<page>http://myustv.com/watch/msg/</page>
<cookieJar></cookieJar>
</regex>
<regex>
<name>get-decode</name>
<expres>$pyFunction:base64.b64decode("$doregex[base64]")</expres>
<page></page>
</regex>
</item>

<item>
<title>MTV</title>
<fanart>https://github.com/Magic-Dust/MagicDust/raw/master/fanart.jpg</fanart>
<link>$doregex[get-decode]|Referer=http://myustv.com/watch/mtv/&amp;User-Agent=Mozilla/5.0 (Windows NT 10.0) AppleWebKit/537.36 (KHTML, like Gecko) Chrome/64.0.3282.140 Safari/537.36 Edge/18.17763</link>
<regex>
<name>base64</name>
<expres><![CDATA[link= atob\("([^"]*)]]></expres>
<page>http://myustv.com/watch/mtv/</page>
<cookieJar></cookieJar>
</regex>
<regex>
<name>get-decode</name>
<expres>$pyFunction:base64.b64decode("$doregex[base64]")</expres>
<page></page>
</regex>
</item>

<item>
<title>National Geographic</title>
<fanart>https://github.com/Magic-Dust/MagicDust/raw/master/fanart.jpg</fanart>
<link>$doregex[get-decode]|Referer=http://myustv.com/watch/national-geographic/&amp;User-Agent=Mozilla/5.0 (Windows NT 10.0) AppleWebKit/537.36 (KHTML, like Gecko) Chrome/64.0.3282.140 Safari/537.36 Edge/18.17763</link>
<regex>
<name>base64</name>
<expres><![CDATA[link= atob\("([^"]*)]]></expres>
<page>http://myustv.com/watch/national-geographic/</page>
<cookieJar></cookieJar>
</regex>
<regex>
<name>get-decode</name>
<expres>$pyFunction:base64.b64decode("$doregex[base64]")</expres>
<page></page>
</regex>
</item>

<item>
<title>NBA TV</title>
<fanart>https://github.com/Magic-Dust/MagicDust/raw/master/fanart.jpg</fanart>
<link>$doregex[get-decode]|Referer=http://myustv.com/watch/nba-tv/&amp;User-Agent=Mozilla/5.0 (Windows NT 10.0) AppleWebKit/537.36 (KHTML, like Gecko) Chrome/64.0.3282.140 Safari/537.36 Edge/18.17763</link>
<regex>
<name>base64</name>
<expres><![CDATA[link= atob\("([^"]*)]]></expres>
<page>http://myustv.com/watch/nba-tv/</page>
<cookieJar></cookieJar>
</regex>
<regex>
<name>get-decode</name>
<expres>$pyFunction:base64.b64decode("$doregex[base64]")</expres>
<page></page>
</regex>
</item>

<item>
<title>NBC</title>
<fanart>https://github.com/Magic-Dust/MagicDust/raw/master/fanart.jpg</fanart>
<link>$doregex[get-decode]|Referer=http://myustv.com/watch/nbc/&amp;User-Agent=Mozilla/5.0 (Windows NT 10.0) AppleWebKit/537.36 (KHTML, like Gecko) Chrome/64.0.3282.140 Safari/537.36 Edge/18.17763</link>
<regex>
<name>base64</name>
<expres><![CDATA[link= atob\("([^"]*)]]></expres>
<page>http://myustv.com/watch/nbc/</page>
<cookieJar></cookieJar>
</regex>
<regex>
<name>get-decode</name>
<expres>$pyFunction:base64.b64decode("$doregex[base64]")</expres>
<page></page>
</regex>
</item>

<item>
<title>NBCSN</title>
<fanart>https://github.com/Magic-Dust/MagicDust/raw/master/fanart.jpg</fanart>
<link>$doregex[get-decode]|Referer=http://myustv.com/watch/nbc-sport-network-nbcsn/&amp;User-Agent=Mozilla/5.0 (Windows NT 10.0) AppleWebKit/537.36 (KHTML, like Gecko) Chrome/64.0.3282.140 Safari/537.36 Edge/18.17763</link>
<regex>
<name>base64</name>
<expres><![CDATA[link= atob\("([^"]*)]]></expres>
<page>http://myustv.com/watch/nbc-sport-network-nbcsn/</page>
<cookieJar></cookieJar>
</regex>
<regex>
<name>get-decode</name>
<expres>$pyFunction:base64.b64decode("$doregex[base64]")</expres>
<page></page>
</regex>
</item>

<item>
<title>NBCS Bay Area</title>
<fanart>https://github.com/Magic-Dust/MagicDust/raw/master/fanart.jpg</fanart>
<link>$doregex[get-decode]|Referer=http://myustv.com/watch/csn-bay-area/&amp;User-Agent=Mozilla/5.0 (Windows NT 10.0) AppleWebKit/537.36 (KHTML, like Gecko) Chrome/64.0.3282.140 Safari/537.36 Edge/18.17763</link>
<regex>
<name>base64</name>
<expres><![CDATA[link= atob\("([^"]*)]]></expres>
<page>http://myustv.com/watch/csn-bay-area/</page>
<cookieJar></cookieJar>
</regex>
<regex>
<name>get-decode</name>
<expres>$pyFunction:base64.b64decode("$doregex[base64]")</expres>
<page></page>
</regex>
</item>

<item>
<title>NBCS Boston</title>
<fanart>https://github.com/Magic-Dust/MagicDust/raw/master/fanart.jpg</fanart>
<link>$doregex[get-decode]|Referer=http://myustv.com/watch/csn-boston/&amp;User-Agent=Mozilla/5.0 (Windows NT 10.0) AppleWebKit/537.36 (KHTML, like Gecko) Chrome/64.0.3282.140 Safari/537.36 Edge/18.17763</link>
<regex>
<name>base64</name>
<expres><![CDATA[link= atob\("([^"]*)]]></expres>
<page>http://myustv.com/watch/csn-boston/</page>
<cookieJar></cookieJar>
</regex>
<regex>
<name>get-decode</name>
<expres>$pyFunction:base64.b64decode("$doregex[base64]")</expres>
<page></page>
</regex>
</item>

<item>
<title>NBCS California</title>
<fanart>https://github.com/Magic-Dust/MagicDust/raw/master/fanart.jpg</fanart>
<link>$doregex[get-decode]|Referer=http://myustv.com/watch/csn-california/&amp;User-Agent=Mozilla/5.0 (Windows NT 10.0) AppleWebKit/537.36 (KHTML, like Gecko) Chrome/64.0.3282.140 Safari/537.36 Edge/18.17763</link>
<regex>
<name>base64</name>
<expres><![CDATA[link= atob\("([^"]*)]]></expres>
<page>http://myustv.com/watch/csn-california/</page>
<cookieJar></cookieJar>
</regex>
<regex>
<name>get-decode</name>
<expres>$pyFunction:base64.b64decode("$doregex[base64]")</expres>
<page></page>
</regex>
</item>

<item>
<title>NBCS Chicago</title>
<fanart>https://github.com/Magic-Dust/MagicDust/raw/master/fanart.jpg</fanart>
<link>$doregex[get-decode]|Referer=http://myustv.com/watch/csn-chicago/&amp;User-Agent=Mozilla/5.0 (Windows NT 10.0) AppleWebKit/537.36 (KHTML, like Gecko) Chrome/64.0.3282.140 Safari/537.36 Edge/18.17763</link>
<regex>
<name>base64</name>
<expres><![CDATA[link= atob\("([^"]*)]]></expres>
<page>http://myustv.com/watch/csn-chicago/</page>
<cookieJar></cookieJar>
</regex>
<regex>
<name>get-decode</name>
<expres>$pyFunction:base64.b64decode("$doregex[base64]")</expres>
<page></page>
</regex>
</item>

<item>
<title>NBCS North-West</title>
<fanart>https://github.com/Magic-Dust/MagicDust/raw/master/fanart.jpg</fanart>
<link>$doregex[get-decode]|Referer=http://myustv.com/watch/csn-north-west/&amp;User-Agent=Mozilla/5.0 (Windows NT 10.0) AppleWebKit/537.36 (KHTML, like Gecko) Chrome/64.0.3282.140 Safari/537.36 Edge/18.17763</link>
<regex>
<name>base64</name>
<expres><![CDATA[link= atob\("([^"]*)]]></expres>
<page>http://myustv.com/watch/csn-north-west/</page>
<cookieJar></cookieJar>
</regex>
<regex>
<name>get-decode</name>
<expres>$pyFunction:base64.b64decode("$doregex[base64]")</expres>
<page></page>
</regex>
</item>

<item>
<title>NBCS Philadelphia</title>
<fanart>https://github.com/Magic-Dust/MagicDust/raw/master/fanart.jpg</fanart>
<link>$doregex[get-decode]|Referer=http://myustv.com/watch/csn-philadelphia/&amp;User-Agent=Mozilla/5.0 (Windows NT 10.0) AppleWebKit/537.36 (KHTML, like Gecko) Chrome/64.0.3282.140 Safari/537.36 Edge/18.17763</link>
<regex>
<name>base64</name>
<expres><![CDATA[link= atob\("([^"]*)]]></expres>
<page>http://myustv.com/watch/csn-philadelphia/</page>
<cookieJar></cookieJar>
</regex>
<regex>
<name>get-decode</name>
<expres>$pyFunction:base64.b64decode("$doregex[base64]")</expres>
<page></page>
</regex>
</item>

<item>
<title>NBCS Washington</title>
<fanart>https://github.com/Magic-Dust/MagicDust/raw/master/fanart.jpg</fanart>
<link>$doregex[get-decode]|Referer=http://myustv.com/watch/csn-washington/&amp;User-Agent=Mozilla/5.0 (Windows NT 10.0) AppleWebKit/537.36 (KHTML, like Gecko) Chrome/64.0.3282.140 Safari/537.36 Edge/18.17763</link>
<regex>
<name>base64</name>
<expres><![CDATA[link= atob\("([^"]*)]]></expres>
<page>http://myustv.com/watch/csn-washington/</page>
<cookieJar></cookieJar>
</regex>
<regex>
<name>get-decode</name>
<expres>$pyFunction:base64.b64decode("$doregex[base64]")</expres>
<page></page>
</regex>
</item>

<item>
<title>Newsmax TV</title>
<fanart>https://github.com/Magic-Dust/MagicDust/raw/master/fanart.jpg</fanart>
<link>$doregex[get-decode]|Referer=http://myustv.com/watch/newsmax-tv/&amp;User-Agent=Mozilla/5.0 (Windows NT 10.0) AppleWebKit/537.36 (KHTML, like Gecko) Chrome/64.0.3282.140 Safari/537.36 Edge/18.17763</link>
<regex>
<name>base64</name>
<expres><![CDATA[link= atob\("([^"]*)]]></expres>
<page>http://myustv.com/watch/newsmax-tv/</page>
<cookieJar></cookieJar>
</regex>
<regex>
<name>get-decode</name>
<expres>$pyFunction:base64.b64decode("$doregex[base64]")</expres>
<page></page>
</regex>
</item>

<item>
<title>NFL</title>
<fanart>https://github.com/Magic-Dust/MagicDust/raw/master/fanart.jpg</fanart>
<link>$doregex[get-decode]|Referer=http://myustv.com/watch/nfl-network/&amp;User-Agent=Mozilla/5.0 (Windows NT 10.0) AppleWebKit/537.36 (KHTML, like Gecko) Chrome/64.0.3282.140 Safari/537.36 Edge/18.17763</link>
<regex>
<name>base64</name>
<expres><![CDATA[link= atob\("([^"]*)]]></expres>
<page>http://myustv.com/watch/nfl-network/</page>
<cookieJar></cookieJar>
</regex>
<regex>
<name>get-decode</name>
<expres>$pyFunction:base64.b64decode("$doregex[base64]")</expres>
<page></page>
</regex>
</item>

<item>
<title>NHL</title>
<fanart>https://github.com/Magic-Dust/MagicDust/raw/master/fanart.jpg</fanart>
<link>$doregex[get-decode]|Referer=http://myustv.com/watch/nhl-network/&amp;User-Agent=Mozilla/5.0 (Windows NT 10.0) AppleWebKit/537.36 (KHTML, like Gecko) Chrome/64.0.3282.140 Safari/537.36 Edge/18.17763</link>
<regex>
<name>base64</name>
<expres><![CDATA[link= atob\("([^"]*)]]></expres>
<page>http://myustv.com/watch/nhl-network/</page>
<cookieJar></cookieJar>
</regex>
<regex>
<name>get-decode</name>
<expres>$pyFunction:base64.b64decode("$doregex[base64]")</expres>
<page></page>
</regex>
</item>

<item>
<title>Nickelodeon</title>
<fanart>https://github.com/Magic-Dust/MagicDust/raw/master/fanart.jpg</fanart>
<link>$doregex[get-decode]|Referer=http://myustv.com/watch/nickelodeon/&amp;User-Agent=Mozilla/5.0 (Windows NT 10.0) AppleWebKit/537.36 (KHTML, like Gecko) Chrome/64.0.3282.140 Safari/537.36 Edge/18.17763</link>
<regex>
<name>base64</name>
<expres><![CDATA[link= atob\("([^"]*)]]></expres>
<page>http://myustv.com/watch/nickelodeon/</page>
<cookieJar></cookieJar>
</regex>
<regex>
<name>get-decode</name>
<expres>$pyFunction:base64.b64decode("$doregex[base64]")</expres>
<page></page>
</regex>
</item>

<item>
<title>Outdoor Channel</title>
<fanart>https://github.com/Magic-Dust/MagicDust/raw/master/fanart.jpg</fanart>
<link>$doregex[get-decode]|Referer=http://myustv.com/watch/outdoor-channel/&amp;User-Agent=Mozilla/5.0 (Windows NT 10.0) AppleWebKit/537.36 (KHTML, like Gecko) Chrome/64.0.3282.140 Safari/537.36 Edge/18.17763</link>
<regex>
<name>base64</name>
<expres><![CDATA[link= atob\("([^"]*)]]></expres>
<page>http://myustv.com/watch/outdoor-channel/</page>
<cookieJar></cookieJar>
</regex>
<regex>
<name>get-decode</name>
<expres>$pyFunction:base64.b64decode("$doregex[base64]")</expres>
<page></page>
</regex>
</item>

<item>
<title>Oxygen</title>
<fanart>https://github.com/Magic-Dust/MagicDust/raw/master/fanart.jpg</fanart>
<link>$doregex[get-decode]|Referer=http://myustv.com/watch/oxygen/&amp;User-Agent=Mozilla/5.0 (Windows NT 10.0) AppleWebKit/537.36 (KHTML, like Gecko) Chrome/64.0.3282.140 Safari/537.36 Edge/18.17763</link>
<regex>
<name>base64</name>
<expres><![CDATA[link= atob\("([^"]*)]]></expres>
<page>http://myustv.com/watch/oxygen/</page>
<cookieJar></cookieJar>
</regex>
<regex>
<name>get-decode</name>
<expres>$pyFunction:base64.b64decode("$doregex[base64]")</expres>
<page></page>
</regex>
</item>

<item>
<title>PAC-12 Network</title>
<fanart>https://github.com/Magic-Dust/MagicDust/raw/master/fanart.jpg</fanart>
<link>$doregex[get-decode]|Referer=http://myustv.com/watch/pac-12-network/&amp;User-Agent=Mozilla/5.0 (Windows NT 10.0) AppleWebKit/537.36 (KHTML, like Gecko) Chrome/64.0.3282.140 Safari/537.36 Edge/18.17763</link>
<regex>
<name>base64</name>
<expres><![CDATA[link= atob\("([^"]*)]]></expres>
<page>http://myustv.com/watch/pac-12-network/</page>
<cookieJar></cookieJar>
</regex>
<regex>
<name>get-decode</name>
<expres>$pyFunction:base64.b64decode("$doregex[base64]")</expres>
<page></page>
</regex>
</item>

<item>
<title>PAC-12 Arizona</title>
<fanart>https://github.com/Magic-Dust/MagicDust/raw/master/fanart.jpg</fanart>
<link>$doregex[get-decode]|Referer=http://myustv.com/watch/pac-12-arizona/&amp;User-Agent=Mozilla/5.0 (Windows NT 10.0) AppleWebKit/537.36 (KHTML, like Gecko) Chrome/64.0.3282.140 Safari/537.36 Edge/18.17763</link>
<regex>
<name>base64</name>
<expres><![CDATA[link= atob\("([^"]*)]]></expres>
<page>http://myustv.com/watch/pac-12-arizona/</page>
<cookieJar></cookieJar>
</regex>
<regex>
<name>get-decode</name>
<expres>$pyFunction:base64.b64decode("$doregex[base64]")</expres>
<page></page>
</regex>
</item>

<item>
<title>PAC-12 Bay Area</title>
<fanart>https://github.com/Magic-Dust/MagicDust/raw/master/fanart.jpg</fanart>
<link>$doregex[get-decode]|Referer=http://myustv.com/watch/pac-12-bay-area/&amp;User-Agent=Mozilla/5.0 (Windows NT 10.0) AppleWebKit/537.36 (KHTML, like Gecko) Chrome/64.0.3282.140 Safari/537.36 Edge/18.17763</link>
<regex>
<name>base64</name>
<expres><![CDATA[link= atob\("([^"]*)]]></expres>
<page>http://myustv.com/watch/pac-12-bay-area/</page>
<cookieJar></cookieJar>
</regex>
<regex>
<name>get-decode</name>
<expres>$pyFunction:base64.b64decode("$doregex[base64]")</expres>
<page></page>
</regex>
</item>

<item>
<title>PAC-12 Los Angeles</title>
<fanart>https://github.com/Magic-Dust/MagicDust/raw/master/fanart.jpg</fanart>
<link>$doregex[get-decode]|Referer=http://myustv.com/watch/pac-12-los-angeles/&amp;User-Agent=Mozilla/5.0 (Windows NT 10.0) AppleWebKit/537.36 (KHTML, like Gecko) Chrome/64.0.3282.140 Safari/537.36 Edge/18.17763</link>
<regex>
<name>base64</name>
<expres><![CDATA[link= atob\("([^"]*)]]></expres>
<page>http://myustv.com/watch/pac-12-los-angeles/</page>
<cookieJar></cookieJar>
</regex>
<regex>
<name>get-decode</name>
<expres>$pyFunction:base64.b64decode("$doregex[base64]")</expres>
<page></page>
</regex>
</item>

<item>
<title>PAC-12 Mountain</title>
<fanart>https://github.com/Magic-Dust/MagicDust/raw/master/fanart.jpg</fanart>
<link>$doregex[get-decode]|Referer=http://myustv.com/watch/pac-12-mountain/&amp;User-Agent=Mozilla/5.0 (Windows NT 10.0) AppleWebKit/537.36 (KHTML, like Gecko) Chrome/64.0.3282.140 Safari/537.36 Edge/18.17763</link>
<regex>
<name>base64</name>
<expres><![CDATA[link= atob\("([^"]*)]]></expres>
<page>http://myustv.com/watch/pac-12-mountain/</page>
<cookieJar></cookieJar>
</regex>
<regex>
<name>get-decode</name>
<expres>$pyFunction:base64.b64decode("$doregex[base64]")</expres>
<page></page>
</regex>
</item>

<item>
<title>PAC-12 Oregon</title>
<fanart>https://github.com/Magic-Dust/MagicDust/raw/master/fanart.jpg</fanart>
<link>$doregex[get-decode]|Referer=http://myustv.com/watch/pac-12-oregon/&amp;User-Agent=Mozilla/5.0 (Windows NT 10.0) AppleWebKit/537.36 (KHTML, like Gecko) Chrome/64.0.3282.140 Safari/537.36 Edge/18.17763</link>
<regex>
<name>base64</name>
<expres><![CDATA[link= atob\("([^"]*)]]></expres>
<page>http://myustv.com/watch/pac-12-oregon/</page>
<cookieJar></cookieJar>
</regex>
<regex>
<name>get-decode</name>
<expres>$pyFunction:base64.b64decode("$doregex[base64]")</expres>
<page></page>
</regex>
</item>

<item>
<title>PAC-12 Washington</title>
<fanart>https://github.com/Magic-Dust/MagicDust/raw/master/fanart.jpg</fanart>
<link>$doregex[get-decode]|Referer=http://myustv.com/watch/pac-12-washington/&amp;User-Agent=Mozilla/5.0 (Windows NT 10.0) AppleWebKit/537.36 (KHTML, like Gecko) Chrome/64.0.3282.140 Safari/537.36 Edge/18.17763</link>
<regex>
<name>base64</name>
<expres><![CDATA[link= atob\("([^"]*)]]></expres>
<page>http://myustv.com/watch/pac-12-washington/</page>
<cookieJar></cookieJar>
</regex>
<regex>
<name>get-decode</name>
<expres>$pyFunction:base64.b64decode("$doregex[base64]")</expres>
<page></page>
</regex>
</item>

<item>
<title>Paramount Network (Spike)</title>
<fanart>https://github.com/Magic-Dust/MagicDust/raw/master/fanart.jpg</fanart>
<link>$doregex[get-decode]|Referer=http://myustv.com/watch/paramount-network-spike/&amp;User-Agent=Mozilla/5.0 (Windows NT 10.0) AppleWebKit/537.36 (KHTML, like Gecko) Chrome/64.0.3282.140 Safari/537.36 Edge/18.17763</link>
<regex>
<name>base64</name>
<expres><![CDATA[link= atob\("([^"]*)]]></expres>
<page>http://myustv.com/watch/paramount-network-spike/</page>
<cookieJar></cookieJar>
</regex>
<regex>
<name>get-decode</name>
<expres>$pyFunction:base64.b64decode("$doregex[base64]")</expres>
<page></page>
</regex>
</item>

<item>
<title>Showtime</title>
<fanart>https://github.com/Magic-Dust/MagicDust/raw/master/fanart.jpg</fanart>
<link>$doregex[get-decode]|Referer=http://myustv.com/watch/showtime/&amp;User-Agent=Mozilla/5.0 (Windows NT 10.0) AppleWebKit/537.36 (KHTML, like Gecko) Chrome/64.0.3282.140 Safari/537.36 Edge/18.17763</link>
<regex>
<name>base64</name>
<expres><![CDATA[link= atob\("([^"]*)]]></expres>
<page>http://myustv.com/watch/showtime/</page>
<cookieJar></cookieJar>
</regex>
<regex>
<name>get-decode</name>
<expres>$pyFunction:base64.b64decode("$doregex[base64]")</expres>
<page></page>
</regex>
</item>

<item>
<title>Smithsonian</title>
<fanart>https://github.com/Magic-Dust/MagicDust/raw/master/fanart.jpg</fanart>
<link>$doregex[get-decode]|Referer=http://myustv.com/watch/smithsonian-channel/&amp;User-Agent=Mozilla/5.0 (Windows NT 10.0) AppleWebKit/537.36 (KHTML, like Gecko) Chrome/64.0.3282.140 Safari/537.36 Edge/18.17763</link>
<regex>
<name>base64</name>
<expres><![CDATA[link= atob\("([^"]*)]]></expres>
<page>http://myustv.com/watch/smithsonian-channel/</page>
<cookieJar></cookieJar>
</regex>
<regex>
<name>get-decode</name>
<expres>$pyFunction:base64.b64decode("$doregex[base64]")</expres>
<page></page>
</regex>
</item>

<item>
<title>SNY</title>
<fanart>https://github.com/Magic-Dust/MagicDust/raw/master/fanart.jpg</fanart>
<link>$doregex[get-decode]|Referer=http://myustv.com/watch/sny-sportsnet-new-york/&amp;User-Agent=Mozilla/5.0 (Windows NT 10.0) AppleWebKit/537.36 (KHTML, like Gecko) Chrome/64.0.3282.140 Safari/537.36 Edge/18.17763</link>
<regex>
<name>base64</name>
<expres><![CDATA[link= atob\("([^"]*)]]></expres>
<page>http://myustv.com/watch/sny-sportsnet-new-york/</page>
<cookieJar></cookieJar>
</regex>
<regex>
<name>get-decode</name>
<expres>$pyFunction:base64.b64decode("$doregex[base64]")</expres>
<page></page>
</regex>
</item>

<item>
<title>Space</title>
<fanart>https://github.com/Magic-Dust/MagicDust/raw/master/fanart.jpg</fanart>
<link>$doregex[get-decode]|Referer=http://myustv.com/watch/space/&amp;User-Agent=Mozilla/5.0 (Windows NT 10.0) AppleWebKit/537.36 (KHTML, like Gecko) Chrome/64.0.3282.140 Safari/537.36 Edge/18.17763</link>
<regex>
<name>base64</name>
<expres><![CDATA[link= atob\("([^"]*)]]></expres>
<page>http://myustv.com/watch/space/</page>
<cookieJar></cookieJar>
</regex>
<regex>
<name>get-decode</name>
<expres>$pyFunction:base64.b64decode("$doregex[base64]")</expres>
<page></page>
</regex>
</item>

<item>
<title>Sportsnet 360</title>
<fanart>https://github.com/Magic-Dust/MagicDust/raw/master/fanart.jpg</fanart>
<link>$doregex[get-decode]|Referer=http://myustv.com/watch/sportsnet-360/&amp;User-Agent=Mozilla/5.0 (Windows NT 10.0) AppleWebKit/537.36 (KHTML, like Gecko) Chrome/64.0.3282.140 Safari/537.36 Edge/18.17763</link>
<regex>
<name>base64</name>
<expres><![CDATA[link= atob\("([^"]*)]]></expres>
<page>http://myustv.com/watch/sportsnet-360/</page>
<cookieJar></cookieJar>
</regex>
<regex>
<name>get-decode</name>
<expres>$pyFunction:base64.b64decode("$doregex[base64]")</expres>
<page></page>
</regex>
</item>

<item>
<title>Sportsnet LA</title>
<fanart>https://github.com/Magic-Dust/MagicDust/raw/master/fanart.jpg</fanart>
<link>$doregex[get-decode]|Referer=http://myustv.com/watch/sportsnet-la/&amp;User-Agent=Mozilla/5.0 (Windows NT 10.0) AppleWebKit/537.36 (KHTML, like Gecko) Chrome/64.0.3282.140 Safari/537.36 Edge/18.17763</link>
<regex>
<name>base64</name>
<expres><![CDATA[link= atob\("([^"]*)]]></expres>
<page>http://myustv.com/watch/sportsnet-la/</page>
<cookieJar></cookieJar>
</regex>
<regex>
<name>get-decode</name>
<expres>$pyFunction:base64.b64decode("$doregex[base64]")</expres>
<page></page>
</regex>
</item>

<item>
<title>Sportsnet One</title>
<fanart>https://github.com/Magic-Dust/MagicDust/raw/master/fanart.jpg</fanart>
<link>$doregex[get-decode]|Referer=http://myustv.com/watch/sportsnet-one/&amp;User-Agent=Mozilla/5.0 (Windows NT 10.0) AppleWebKit/537.36 (KHTML, like Gecko) Chrome/64.0.3282.140 Safari/537.36 Edge/18.17763</link>
<regex>
<name>base64</name>
<expres><![CDATA[link= atob\("([^"]*)]]></expres>
<page>http://myustv.com/watch/sportsnet-one/</page>
<cookieJar></cookieJar>
</regex>
<regex>
<name>get-decode</name>
<expres>$pyFunction:base64.b64decode("$doregex[base64]")</expres>
<page></page>
</regex>
</item>

<item>
<title>Sportsnet Ontario</title>
<fanart>https://github.com/Magic-Dust/MagicDust/raw/master/fanart.jpg</fanart>
<link>$doregex[get-decode]|Referer=http://myustv.com/watch/sportsnet-ontario/&amp;User-Agent=Mozilla/5.0 (Windows NT 10.0) AppleWebKit/537.36 (KHTML, like Gecko) Chrome/64.0.3282.140 Safari/537.36 Edge/18.17763</link>
<regex>
<name>base64</name>
<expres><![CDATA[link= atob\("([^"]*)]]></expres>
<page>http://myustv.com/watch/sportsnet-ontario/</page>
<cookieJar></cookieJar>
</regex>
<regex>
<name>get-decode</name>
<expres>$pyFunction:base64.b64decode("$doregex[base64]")</expres>
<page></page>
</regex>
</item>

<item>
<title>Starz</title>
<fanart>https://github.com/Magic-Dust/MagicDust/raw/master/fanart.jpg</fanart>
<link>$doregex[get-decode]|Referer=http://myustv.com/watch/starz/&amp;User-Agent=Mozilla/5.0 (Windows NT 10.0) AppleWebKit/537.36 (KHTML, like Gecko) Chrome/64.0.3282.140 Safari/537.36 Edge/18.17763</link>
<regex>
<name>base64</name>
<expres><![CDATA[link= atob\("([^"]*)]]></expres>
<page>http://myustv.com/watch/starz/</page>
<cookieJar></cookieJar>
</regex>
<regex>
<name>get-decode</name>
<expres>$pyFunction:base64.b64decode("$doregex[base64]")</expres>
<page></page>
</regex>
</item>
<item>

<title>Syfy</title>
<fanart>https://github.com/Magic-Dust/MagicDust/raw/master/fanart.jpg</fanart>
<link>$doregex[get-decode]|Referer=http://myustv.com/watch/syfy/&amp;User-Agent=Mozilla/5.0 (Windows NT 10.0) AppleWebKit/537.36 (KHTML, like Gecko) Chrome/64.0.3282.140 Safari/537.36 Edge/18.17763</link>
<regex>
<name>base64</name>
<expres><![CDATA[link= atob\("([^"]*)]]></expres>
<page>http://myustv.com/watch/syfy/</page>
<cookieJar></cookieJar>
</regex>
<regex>
<name>get-decode</name>
<expres>$pyFunction:base64.b64decode("$doregex[base64]")</expres>
<page></page>
</regex>
</item>

<title>TBS</title>
<fanart>https://github.com/Magic-Dust/MagicDust/raw/master/fanart.jpg</fanart>
<link>$doregex[get-decode]|Referer=http://myustv.com/watch/tbs/&amp;User-Agent=Mozilla/5.0 (Windows NT 10.0) AppleWebKit/537.36 (KHTML, like Gecko) Chrome/64.0.3282.140 Safari/537.36 Edge/18.17763</link>
<regex>
<name>base64</name>
<expres><![CDATA[link= atob\("([^"]*)]]></expres>
<page>http://myustv.com/watch/tbs/</page>
<cookieJar></cookieJar>
</regex>
<regex>
<name>get-decode</name>
<expres>$pyFunction:base64.b64decode("$doregex[base64]")</expres>
<page></page>
</regex>
</item>

<title>TLC</title>
<fanart>https://github.com/Magic-Dust/MagicDust/raw/master/fanart.jpg</fanart>
<link>$doregex[get-decode]|Referer=http://myustv.com/watch/tlc/&amp;User-Agent=Mozilla/5.0 (Windows NT 10.0) AppleWebKit/537.36 (KHTML, like Gecko) Chrome/64.0.3282.140 Safari/537.36 Edge/18.17763</link>
<regex>
<name>base64</name>
<expres><![CDATA[link= atob\("([^"]*)]]></expres>
<page>http://myustv.com/watch/tlc/</page>
<cookieJar></cookieJar>
</regex>
<regex>
<name>get-decode</name>
<expres>$pyFunction:base64.b64decode("$doregex[base64]")</expres>
<page></page>
</regex>
</item>

<item>
<title>TNT</title>
<fanart>https://github.com/Magic-Dust/MagicDust/raw/master/fanart.jpg</fanart>
<link>$doregex[get-decode]|Referer=http://myustv.com/watch/tnt/&amp;User-Agent=Mozilla/5.0 (Windows NT 10.0) AppleWebKit/537.36 (KHTML, like Gecko) Chrome/64.0.3282.140 Safari/537.36 Edge/18.17763</link>
<regex>
<name>base64</name>
<expres><![CDATA[link= atob\("([^"]*)]]></expres>
<page>http://myustv.com/watch/tnt/</page>
<cookieJar></cookieJar>
</regex>
<regex>
<name>get-decode</name>
<expres>$pyFunction:base64.b64decode("$doregex[base64]")</expres>
<page></page>
</regex>
</item>

<item>
<title>Travel Channel</title>
<fanart>https://github.com/Magic-Dust/MagicDust/raw/master/fanart.jpg</fanart>
<link>$doregex[get-decode]|Referer=http://myustv.com/watch/travel-channel/&amp;User-Agent=Mozilla/5.0 (Windows NT 10.0) AppleWebKit/537.36 (KHTML, like Gecko) Chrome/64.0.3282.140 Safari/537.36 Edge/18.17763</link>
<regex>
<name>base64</name>
<expres><![CDATA[link= atob\("([^"]*)]]></expres>
<page>http://myustv.com/watch/travel-channel/</page>
<cookieJar></cookieJar>
</regex>
<regex>
<name>get-decode</name>
<expres>$pyFunction:base64.b64decode("$doregex[base64]")</expres>
<page></page>
</regex>
</item>

<item>
<title>Tru TV</title>
<fanart>https://github.com/Magic-Dust/MagicDust/raw/master/fanart.jpg</fanart>
<link>$doregex[get-decode]|Referer=http://myustv.com/watch/trutv/&amp;User-Agent=Mozilla/5.0 (Windows NT 10.0) AppleWebKit/537.36 (KHTML, like Gecko) Chrome/64.0.3282.140 Safari/537.36 Edge/18.17763</link>
<regex>
<name>base64</name>
<expres><![CDATA[link= atob\("([^"]*)]]></expres>
<page>http://myustv.com/watch/trutv/</page>
<cookieJar></cookieJar>
</regex>
<regex>
<name>get-decode</name>
<expres>$pyFunction:base64.b64decode("$doregex[base64]")</expres>
<page></page>
</regex>
</item>

<item>
<title>TSN 1</title>
<fanart>https://github.com/Magic-Dust/MagicDust/raw/master/fanart.jpg</fanart>
<link>$doregex[get-decode]|Referer=http://myustv.com/watch/tsn-1/&amp;User-Agent=Mozilla/5.0 (Windows NT 10.0) AppleWebKit/537.36 (KHTML, like Gecko) Chrome/64.0.3282.140 Safari/537.36 Edge/18.17763</link>
<regex>
<name>base64</name>
<expres><![CDATA[link= atob\("([^"]*)]]></expres>
<page>http://myustv.com/watch/tsn-1/</page>
<cookieJar></cookieJar>
</regex>
<regex>
<name>get-decode</name>
<expres>$pyFunction:base64.b64decode("$doregex[base64]")</expres>
<page></page>
</regex>
</item>

<item>
<title>TSN 2</title>
<fanart>https://github.com/Magic-Dust/MagicDust/raw/master/fanart.jpg</fanart>
<link>$doregex[get-decode]|Referer=http://myustv.com/watch/tsn-2/&amp;User-Agent=Mozilla/5.0 (Windows NT 10.0) AppleWebKit/537.36 (KHTML, like Gecko) Chrome/64.0.3282.140 Safari/537.36 Edge/18.17763</link>
<regex>
<name>base64</name>
<expres><![CDATA[link= atob\("([^"]*)]]></expres>
<page>http://myustv.com/watch/tsn-2/</page>
<cookieJar></cookieJar>
</regex>
<regex>
<name>get-decode</name>
<expres>$pyFunction:base64.b64decode("$doregex[base64]")</expres>
<page></page>
</regex>
</item>

<item>
<title>TSN 3</title>
<fanart>https://github.com/Magic-Dust/MagicDust/raw/master/fanart.jpg</fanart>
<link>$doregex[get-decode]|Referer=http://myustv.com/watch/tsn-3/&amp;User-Agent=Mozilla/5.0 (Windows NT 10.0) AppleWebKit/537.36 (KHTML, like Gecko) Chrome/64.0.3282.140 Safari/537.36 Edge/18.17763</link>
<regex>
<name>base64</name>
<expres><![CDATA[link= atob\("([^"]*)]]></expres>
<page>http://myustv.com/watch/tsn-3/</page>
<cookieJar></cookieJar>
</regex>
<regex>
<name>get-decode</name>
<expres>$pyFunction:base64.b64decode("$doregex[base64]")</expres>
<page></page>
</regex>
</item>

<item>
<title>TSN 4</title>
<fanart>https://github.com/Magic-Dust/MagicDust/raw/master/fanart.jpg</fanart>
<link>$doregex[get-decode]|Referer=http://myustv.com/watch/tsn-4/&amp;User-Agent=Mozilla/5.0 (Windows NT 10.0) AppleWebKit/537.36 (KHTML, like Gecko) Chrome/64.0.3282.140 Safari/537.36 Edge/18.17763</link>
<regex>
<name>base64</name>
<expres><![CDATA[link= atob\("([^"]*)]]></expres>
<page>http://myustv.com/watch/tsn-4/</page>
<cookieJar></cookieJar>
</regex>
<regex>
<name>get-decode</name>
<expres>$pyFunction:base64.b64decode("$doregex[base64]")</expres>
<page></page>
</regex>
</item>

<item>
<title>TSN 5</title>
<fanart>https://github.com/Magic-Dust/MagicDust/raw/master/fanart.jpg</fanart>
<link>$doregex[get-decode]|Referer=http://myustv.com/watch/tsn-5/&amp;User-Agent=Mozilla/5.0 (Windows NT 10.0) AppleWebKit/537.36 (KHTML, like Gecko) Chrome/64.0.3282.140 Safari/537.36 Edge/18.17763</link>
<regex>
<name>base64</name>
<expres><![CDATA[link= atob\("([^"]*)]]></expres>
<page>http://myustv.com/watch/tsn-5/</page>
<cookieJar></cookieJar>
</regex>
<regex>
<name>get-decode</name>
<expres>$pyFunction:base64.b64decode("$doregex[base64]")</expres>
<page></page>
</regex>
</item>

<item>
<title>TV-Land</title>
<fanart>https://github.com/Magic-Dust/MagicDust/raw/master/fanart.jpg</fanart>
<link>$doregex[get-decode]|Referer=http://myustv.com/watch/tv-land/&amp;User-Agent=Mozilla/5.0 (Windows NT 10.0) AppleWebKit/537.36 (KHTML, like Gecko) Chrome/64.0.3282.140 Safari/537.36 Edge/18.17763</link>
<regex>
<name>base64</name>
<expres><![CDATA[link= atob\("([^"]*)]]></expres>
<page>http://myustv.com/watch/tv-land/</page>
<cookieJar></cookieJar>
</regex>
<regex>
<name>get-decode</name>
<expres>$pyFunction:base64.b64decode("$doregex[base64]")</expres>
<page></page>
</regex>
</item>

<item>
<title>TVG</title>
<fanart>https://github.com/Magic-Dust/MagicDust/raw/master/fanart.jpg</fanart>
<link>$doregex[get-decode]|Referer=http://myustv.com/watch/tvg/&amp;User-Agent=Mozilla/5.0 (Windows NT 10.0) AppleWebKit/537.36 (KHTML, like Gecko) Chrome/64.0.3282.140 Safari/537.36 Edge/18.17763</link>
<regex>
<name>base64</name>
<expres><![CDATA[link= atob\("([^"]*)]]></expres>
<page>http://myustv.com/watch/tvg/</page>
<cookieJar></cookieJar>
</regex>
<regex>
<name>get-decode</name>
<expres>$pyFunction:base64.b64decode("$doregex[base64]")</expres>
<page></page>
</regex>
</item>

<item>
<title>USA</title>
<fanart>https://github.com/Magic-Dust/MagicDust/raw/master/fanart.jpg</fanart>
<link>$doregex[get-decode]|Referer=http://myustv.com/watch/usa-network/&amp;User-Agent=Mozilla/5.0 (Windows NT 10.0) AppleWebKit/537.36 (KHTML, like Gecko) Chrome/64.0.3282.140 Safari/537.36 Edge/18.17763</link>
<regex>
<name>base64</name>
<expres><![CDATA[link= atob\("([^"]*)]]></expres>
<page>http://myustv.com/watch/usa-network/</page>
<cookieJar></cookieJar>
</regex>
<regex>
<name>get-decode</name>
<expres>$pyFunction:base64.b64decode("$doregex[base64]")</expres>
<page></page>
</regex>
</item>

<item>
<title>VH1</title>
<fanart>https://github.com/Magic-Dust/MagicDust/raw/master/fanart.jpg</fanart>
<link>$doregex[get-decode]|Referer=http://myustv.com/watch/vh1/&amp;User-Agent=Mozilla/5.0 (Windows NT 10.0) AppleWebKit/537.36 (KHTML, like Gecko) Chrome/64.0.3282.140 Safari/537.36 Edge/18.17763</link>
<regex>
<name>base64</name>
<expres><![CDATA[link= atob\("([^"]*)]]></expres>
<page>http://myustv.com/watch/vh1/</page>
<cookieJar></cookieJar>
</regex>
<regex>
<name>get-decode</name>
<expres>$pyFunction:base64.b64decode("$doregex[base64]")</expres>
<page></page>
</regex>
</item>

<item>
<title>The Weather Channel</title>
<fanart>https://github.com/Magic-Dust/MagicDust/raw/master/fanart.jpg</fanart>
<link>$doregex[get-decode]|Referer=http://myustv.com/watch/the-weather-channel/&amp;User-Agent=Mozilla/5.0 (Windows NT 10.0) AppleWebKit/537.36 (KHTML, like Gecko) Chrome/64.0.3282.140 Safari/537.36 Edge/18.17763</link>
<regex>
<name>base64</name>
<expres><![CDATA[link= atob\("([^"]*)]]></expres>
<page>http://myustv.com/watch/the-weather-channel/</page>
<cookieJar></cookieJar>
</regex>
<regex>
<name>get-decode</name>
<expres>$pyFunction:base64.b64decode("$doregex[base64]")</expres>
<page></page>
</regex>
</item>

<item>
<title>WWE</title>
<fanart>https://github.com/Magic-Dust/MagicDust/raw/master/fanart.jpg</fanart>
<link>$doregex[get-decode]|Referer=http://myustv.com/watch/wwe-network/&amp;User-Agent=Mozilla/5.0 (Windows NT 10.0) AppleWebKit/537.36 (KHTML, like Gecko) Chrome/64.0.3282.140 Safari/537.36 Edge/18.17763</link>
<regex>
<name>base64</name>
<expres><![CDATA[link= atob\("([^"]*)]]></expres>
<page>http://myustv.com/watch/wwe-network/</page>
<cookieJar></cookieJar>
</regex>
<regex>
<name>get-decode</name>
<expres>$pyFunction:base64.b64decode("$doregex[base64]")</expres>
<page></page>
</regex>
</item>

<item>
<title>YES</title>
<fanart>https://github.com/Magic-Dust/MagicDust/raw/master/fanart.jpg</fanart>
<link>$doregex[get-decode]|Referer=http://myustv.com/watch/yes-network/&amp;User-Agent=Mozilla/5.0 (Windows NT 10.0) AppleWebKit/537.36 (KHTML, like Gecko) Chrome/64.0.3282.140 Safari/537.36 Edge/18.17763</link>
<regex>
<name>base64</name>
<expres><![CDATA[link= atob\("([^"]*)]]></expres>
<page>http://myustv.com/watch/yes-network/</page>
<cookieJar></cookieJar>
</regex>
<regex>
<name>get-decode</name>
<expres>$pyFunction:base64.b64decode("$doregex[base64]")</expres>
<page></page>
</regex>
</item>
