<?xml version="1.0" encoding="UTF-8"?>
<items>

<item>
<title>Real America's Voice Live Feed</title>
<thumbnail>https://cdn.americasvoice.news/static/images/home-logo/logo.png</thumbnail>
<fanart>https://cdn.americasvoice.news/static/images/rav_apps.jpg</fanart>
<link>https://content-ausw1.uplynk.com/channel/26bd482ffe364a1282bc3df28bd3c21f.m3u8</link>
</item>

<item>
<title>American Sunrise with Ed Henry</title>
<fanart>https://cdn.americasvoice.news/p1ml/storage/production/web/playlist/QYUCNxWii5oOWXj/cover/original/mdVmyhqmqL7mnY7BsOhrJ73bURqCuIdKqEhGSNZf.jpg</fanart>
<thumbnail>https://cdn.americasvoice.news/p1ml/storage/production/web/playlist/QYUCNxWii5oOWXj/cover/original/mdVmyhqmqL7mnY7BsOhrJ73bURqCuIdKqEhGSNZf.jpg</thumbnail>
<link>$doregex[makelist]</link>
<regex>
<name>makelist</name>
<listrepeat><![CDATA[
    <title>[COLOR gold][makelist.param5] [makelist.param6][/COLOR] [makelist.param1]</title>
    <link>[makelist.param2]</link>
    <fanart>[makelist.param3]</fanart>
    <thumbnail>[makelist.param3]</thumbnail>
    <description>[makelist.param5]</description>
    <date>[makelist.param6]</date>
]]></listrepeat>
<expres><![CDATA[","title":"([^"]*)","type":"video","url":"([^"]*).*?poster":"([^"]*).*?"description":"([^"]*).*?created_at":"([^T]*)T([^.]*)]]></expres>
<page>https://americasvoice.news/playlists/american-sunrise/</page>
</regex>
</item>

<item>
<title>The War Room</title>
<fanart>https://cdn.americasvoice.news/p1ml/storage/production/web/playlist/5dd45d1e252c3/cover/original/Fjh1p9ZRYO0GPbGFBTuLUZJYCs5iqQ5f8SaZZx41.jpg</fanart>
<thumbnail>https://tennesseestar.com/wp-content/uploads/2020/04/Bannon-pandemic-decent-into-hell_840x480.jpg</thumbnail>
<link>$doregex[makelist]</link>
<regex>
<name>makelist</name>
<listrepeat><![CDATA[
    <title>[COLOR gold][makelist.param5] [makelist.param6][/COLOR] [makelist.param1]</title>
    <link>[makelist.param2]</link>
    <fanart>[makelist.param3]</fanart>
    <thumbnail>[makelist.param3]</thumbnail>
    <description>[makelist.param5]</description>
    <date>[makelist.param6]</date>
]]></listrepeat>
<expres><![CDATA[","title":"([^"]*)","type":"video","url":"([^"]*).*?poster":"([^"]*).*?"description":"([^"]*).*?created_at":"([^T]*)T([^.]*)]]></expres>
<page>https://americasvoice.news/playlists/the-war-room/</page>
</regex>
</item>

<item>
<title>The Charlie Kirk Show</title>
<thumbnail>https://upload.wikimedia.org/wikipedia/commons/thumb/6/69/Charlie_Kirk_%2850764241763%29_%28cropped%29.jpg/220px-Charlie_Kirk_%2850764241763%29_%28cropped%29.jpg</thumbnail>
<fanart>https://cdn.americasvoice.news/p1ml/storage/production/web/playlist/F6FQNGDbLoc3tD6/cover/original/XU90D74wX8fDvO2X0lwd7DgVGaSsPZRptO1ALMM2.jpg</fanart>
<link>$doregex[makelist]</link>
<regex>
<name>makelist</name>
<listrepeat><![CDATA[
    <title>[COLOR gold][makelist.param5] [makelist.param6][/COLOR] [makelist.param1]</title>
    <link>[makelist.param2]</link>
    <fanart>[makelist.param3]</fanart>
    <thumbnail>[makelist.param3]</thumbnail>
    <description>[makelist.param5]</description>
    <date>[makelist.param6]</date>
]]></listrepeat>
<expres><![CDATA[","title":"([^"]*)","type":"video","url":"([^"]*).*?poster":"([^"]*).*?"description":"([^"]*).*?created_at":"([^T]*)T([^.]*)]]></expres>
<page>https://americasvoice.news/playlists/the-charlie-kirk-show/</page>
</regex>
</item>

<item>
<title>Outside The Beltway</title>
<fanart>
<thumbnail>https://www.johnfredericksradio.com/wp-content/uploads/2021/03/outside-the-beltway-768x536.png</thumbnail>
https://cdn.americasvoice.news/p1ml/storage/production/web/playlist/QICW9zgR1PdUy4N/cover/original/WiaPT5yf13SFEv9GihbJDE79CfBgpn6pnLvwkb4t.jpg</fanart>
<link>$doregex[makelist]</link>
<regex>
<name>makelist</name>
<listrepeat><![CDATA[
    <title>[COLOR gold][makelist.param1][/COLOR] [makelist.param5] [makelist.param6]</title>
    <link>[makelist.param2]</link>
    <fanart>[makelist.param3]</fanart>
    <thumbnail>[makelist.param3]</thumbnail>
    <description>[makelist.param5]</description>
    <date>[makelist.param6]</date>
]]></listrepeat>
<expres><![CDATA[","title":"([^"]*)","type":"video","url":"([^"]*).*?poster":"([^"]*).*?"shortDescription":"([^"]*).*?created_at":"([^T]*)T([^.]*)]]></expres>
<page>https://americasvoice.news/playlists/outside-the-beltway/</page>
</regex>
</item>

<item>
<title>America's Voice Live</title>
<thumbnail>https://cdn.americasvoice.news/p1ml/storage/production/web/playlist/5be5c16a917b0/cover/original/G0rVTBC8h6TWyvFr9TmEoCz1hsmdHIufaZTs9J0p.jpg</thumbnail>
<fanart>https://cdn.americasvoice.news/p1ml/storage/production/web/playlist/5be5c16a917b0/cover/original/G0rVTBC8h6TWyvFr9TmEoCz1hsmdHIufaZTs9J0p.jpg</fanart>
<link>$doregex[makelist]</link>
<regex>
<name>makelist</name>
<listrepeat><![CDATA[
    <title>[COLOR gold][makelist.param1][/COLOR] [makelist.param5] [makelist.param6]</title>
    <link>[makelist.param2]</link>
    <fanart>[makelist.param3]</fanart>
    <thumbnail>[makelist.param3]</thumbnail>
    <description>[makelist.param5]</description>
    <date>[makelist.param6]</date>
]]></listrepeat>
<expres><![CDATA[","title":"([^"]*)","type":"video","url":"([^"]*).*?poster":"([^"]*).*?"shortDescription":"([^"]*).*?created_at":"([^T]*)T([^.]*)]]></expres>
<page>https://americasvoice.news/playlists/americas-voice-live/</page>
</regex>
</item>

<item>
<title>The Steve Gruber Show</title>
<thumbnail>http://www.soonerpolitics.org/uploads/1/6/2/2/16224166/909809435.jpg</thumbnail>
<fanart>https://github.com/Magic-Dust/MagicDust/raw/master/fanart.jpg</fanart>
<link>$doregex[makelist]</link>
<regex>
<name>makelist</name>
<listrepeat><![CDATA[
    <title>[COLOR gold][makelist.param1][/COLOR] [makelist.param5] [makelist.param6]</title>
    <link>[makelist.param2]</link>
    <fanart>[makelist.param3]</fanart>
    <thumbnail>[makelist.param3]</thumbnail>
    <description>[makelist.param5]</description>
    <date>[makelist.param6]</date>
]]></listrepeat>
<expres><![CDATA[","title":"([^"]*)","type":"video","url":"([^"]*).*?poster":"([^"]*).*?"shortDescription":"([^"]*).*?created_at":"([^T]*)T([^.]*)]]></expres>
<page>https://americasvoice.news/playlists/the-steve-gruber-show/</page>
</regex>
</item>

<item>
<title>Just The News Not Noise</title>
<thumbnail>https://cdn.americasvoice.news/p1ml/storage/production/web/playlist/39WdTiNmdEGXXef/cover/original/5Kr4gqDpk0xpW7AxpAVkuMXrAC2zNi7KlQDDzWVi.jpg@1080x0</thumbnail>
<fanart>https://cdn.americasvoice.news/p1ml/storage/production/web/playlist/39WdTiNmdEGXXef/cover/original/5Kr4gqDpk0xpW7AxpAVkuMXrAC2zNi7KlQDDzWVi.jpg@1080x0</fanart>
<link>$doregex[makelist]</link>
<regex>
<name>makelist</name>
<listrepeat><![CDATA[
    <title>[COLOR gold][makelist.param1][/COLOR] [makelist.param5] [makelist.param6]</title>
    <link>[makelist.param2]</link>
    <fanart>[makelist.param3]</fanart>
    <thumbnail>[makelist.param3]</thumbnail>
    <description>[makelist.param5]</description>
    <date>[makelist.param6]</date>
]]></listrepeat>
<expres><![CDATA[","title":"([^"]*)","type":"video","url":"([^"]*).*?poster":"([^"]*).*?"shortDescription":"([^"]*).*?created_at":"([^T]*)T([^.]*)]]></expres>
<page>https://americasvoice.news/playlists/just-the-news-not-noise/</page>
</regex>
</item>

<item>
<title>News On with Miranda Khan</title>
<thumbnail>https://www.wjfnradio.com/wp-content/uploads/2021/02/khan-WJFN-SLIDER-2021-V2-978x400.png</thumbnail>
<fanart>https://www.wjfnradio.com/wp-content/uploads/2021/02/khan-WJFN-SLIDER-2021-V2-978x400.png</fanart>
<link>$doregex[makelist]</link>
<regex>
<name>makelist</name>
<listrepeat><![CDATA[
    <title>[COLOR gold][makelist.param1][/COLOR] [makelist.param5] [makelist.param6]</title>
    <link>[makelist.param2]</link>
    <fanart>[makelist.param3]</fanart>
    <thumbnail>[makelist.param3]</thumbnail>
    <description>[makelist.param5]</description>
    <date>[makelist.param6]</date>
]]></listrepeat>
<expres><![CDATA[","title":"([^"]*)","type":"video","url":"([^"]*).*?poster":"([^"]*).*?"shortDescription":"([^"]*).*?created_at":"([^T]*)T([^.]*)]]></expres>
<page>https://americasvoice.news/playlists/news-on/</page>
</regex>
</item>

<item>
<title>Securing America</title>
<thumbnail>https://www.securingamerica.tv/wp-content/uploads/SATV_Share_FB_SocMedia_1200x630.jpg</thumbnail>
<fanart>https://github.com/Magic-Dust/MagicDust/raw/master/fanart.jpg</fanart>
<link>$doregex[makelist]</link>
<regex>
<name>makelist</name>
<listrepeat><![CDATA[
    <title>[COLOR gold][makelist.param1][/COLOR] [makelist.param5] [makelist.param6]</title>
    <link>[makelist.param2]</link>
    <fanart>[makelist.param3]</fanart>
    <thumbnail>[makelist.param3]</thumbnail>
    <description>[makelist.param5]</description>
    <date>[makelist.param6]</date>
]]></listrepeat>
<expres><![CDATA[","title":"([^"]*)","type":"video","url":"([^"]*).*?poster":"([^"]*).*?"shortDescription":"([^"]*).*?created_at":"([^T]*)T([^.]*)]]></expres>
<page>https://americasvoice.news/playlists/securing-america/</page>
</regex>
</item>

<item>
<title>The Water Cooler</title>
<thumbnail>https://i.ytimg.com/vi/Hw5NUfbgxvI/maxresdefault.jpg</thumbnail>
<fanart>https://cdn.americasvoice.news/p1ml/storage/production/web/playlist/V3xN2RzUevcTC4y/cover/original/EDHWAaGhEMufYS71iXtLkmEYGVd5OWMwCd7hid66.jpeg</fanart>
<link>$doregex[makelist]</link>
<regex>
<name>makelist</name>
<listrepeat><![CDATA[
    <title>[COLOR gold][makelist.param1][/COLOR] [makelist.param5] [makelist.param6]</title>
    <link>[makelist.param2]</link>
    <fanart>[makelist.param3]</fanart>
    <thumbnail>[makelist.param3]</thumbnail>
    <description>[makelist.param5]</description>
    <date>[makelist.param6]</date>
]]></listrepeat>
<expres><![CDATA[","title":"([^"]*)","type":"video","url":"([^"]*).*?poster":"([^"]*).*?"shortDescription":"([^"]*).*?created_at":"([^T]*)T([^.]*)]]></expres>
<page>https://americasvoice.news/playlists/the-water-cooler/</page>
</regex>
</item>

<item>
<title>Live From Studio 6B</title>
<thumbnail>https://cdn-profiles.tunein.com/p1321752/images/logog.png?t=1</thumbnail>
<fanart>https://github.com/Magic-Dust/MagicDust/raw/master/fanart.jpg</fanart>
<link>$doregex[makelist]</link>
<regex>
<name>makelist</name>
<listrepeat><![CDATA[
    <title>[COLOR gold][makelist.param1][/COLOR] [makelist.param5] [makelist.param6]</title>
    <link>[makelist.param2]</link>
    <fanart>[makelist.param3]</fanart>
    <thumbnail>[makelist.param3]</thumbnail>
    <description>[makelist.param5]</description>
    <date>[makelist.param6]</date>
]]></listrepeat>
<expres><![CDATA[","title":"([^"]*)","type":"video","url":"([^"]*).*?poster":"([^"]*).*?"shortDescription":"([^"]*).*?created_at":"([^T]*)T([^.]*)]]></expres>
<page>https://americasvoice.news/playlists/live-from-studio-6b/</page>
</regex>
</item>

<item>
<title>Smack Down</title>
<thumbnail>https://upload.wikimedia.org/wikipedia/commons/thumb/b/be/Pastor_Darrell_Scott_2016_RNC.jpg/800px-Pastor_Darrell_Scott_2016_RNC.jpg</thumbnail>
<fanart>https://github.com/Magic-Dust/MagicDust/raw/master/fanart.jpg</fanart>
<link>$doregex[makelist]</link>
<regex>
<name>makelist</name>
<listrepeat><![CDATA[
    <title>[COLOR gold][makelist.param1][/COLOR] [makelist.param5] [makelist.param6]</title>
    <link>[makelist.param2]</link>
    <fanart>[makelist.param3]</fanart>
    <thumbnail>[makelist.param3]</thumbnail>
    <description>[makelist.param5]</description>
    <date>[makelist.param6]</date>
]]></listrepeat>
<expres><![CDATA[","title":"([^"]*)","type":"video","url":"([^"]*).*?poster":"([^"]*).*?"shortDescription":"([^"]*).*?created_at":"([^T]*)T([^.]*)]]></expres>
<page>https://americasvoice.news/playlists/smack-down/</page>
</regex>
</item>

</items>