<?xml version="1.0" encoding="UTF-8"?>
<items>

<item>
<title>Crackstreams.biz</title>
<fanart></fanart>
<thumbnail>https://troypoint.com/wp-content/uploads/2020/11/crackstreams.png</thumbnail>
<link>$doregex[makelist]</link>
<regex>
<name>makelist</name>
<listrepeat><![CDATA[
<title>[makelist.param1]</title>
<fanart></fanart>
<thumbnail>[makelist.param3]</thumbnail>
<link>$doregex[makelist2]</link>   
]]></listrepeat>
<expres><![CDATA["clearfix"><h2>([^<]+)[^"]+"([^"]+)[^<]+<[^<]+<[^<]+[^=]+="([^"]+)]]></expres>
<page>http://crackstreams.biz/</page>
</regex>
<regex>
<name>makelist2</name>
<listrepeat><![CDATA[
<title>[makelist2.param3] -[makelist2.param4]</title>
<fanart></fanart>
<thumbnail>[makelist2.param2]</thumbnail>
<link>$doregex[getUrl]</link>
]]></listrepeat>
<expres><![CDATA["ctpage"><a href="([^"]+).*?src="([^"]+).*?heading">([^<]+)[^,]+,([^<]+)]]></expres>
<page>[makelist.param2]/</page>
</regex>
<regex>
<name>getUrl</name>
<expres><![CDATA[#$pyFunction
import re,requests
def GetLSProData(page_data,Cookie_Jar,m):
  return re.findall('Clappr.Player\({[^"]*"([^"]*)',page_data)[0]+'|user-agent=Mozilla/5.0 (Linux; Android 6.0; Nexus 5 Build/MRA58N) AppleWebKit/537.36 (KHTML, like Gecko) Chrome/97.0.4692.71 Mobile Safari/537.36 Edg/97.0.1072.55&origin=http://crackstreams.biz&referer=http://crackstreams.biz/'
]]></expres>
<page>[makelist2.param1]</page>
<referer>[makelist.param2]/</referer>
</regex>
</item>

</items>