<?xml version="1.0" encoding="UTF-8"?>
<items>

<item>
<title>Main Menu 24/7 Live Channels | daddylive.click</title>
<fanart>https://ohcbrands.com/wp-content/uploads/2018/05/black-background.jpg</fanart>
<thumbnail>https://i.imgur.com/8EL6mr3.png</thumbnail>
<link>$doregex[makelist]</link>
<regex>
<name>makelist</name>
<listrepeat><![CDATA[
<title>[makelist.param2]</title>
<link>$doregex[m5]|User-Agent=Mozilla/5.0&amp;Referer=https://widevine.licenses4.me/</link>
<fanart>https://ohcbrands.com/wp-content/uploads/2018/05/black-background.jpg</fanart>
<thumbnail>https://i.imgur.com/8EL6mr3.png</thumbnail>
]]></listrepeat>
<expres><![CDATA[grid-item"><a href="([^"]+).*?strong>([^<]+)]]></expres>
<page>https://daddylive.click/24-hours-channels.php</page>
<referer>https://daddylive.click/</referer>
</regex>
<regex>
<name>m5</name>
<expres>Clappr.Player[\w\W]*?.source:['"]([^'"]+)</expres>
<page>$doregex[m4]</page>
<info>https://rkc.primetubsub.xyz/</info>
<referer>https://widevine.licenses4.me/</referer>
</regex>
<regex>
<name>m4</name>
<expres>iframe\s*src="([^"]+)</expres>
<page>$doregex[m3]</page>
<referer>https://daddylive.click/</referer>
</regex>
<regex>
<name>m3</name>
<expres>iframe\s*src="([^"]+)</expres>
<page>https://daddylive.click[makelist.param1]</page>
<referer>https://daddylive.click/</referer>
</regex>
</item>

<item>
<title>ABC</title>
<thumbnail></thumbnail>
<link>$doregex[getUrl]|user-agent=ipad&amp;Referer=https://widevine.licenses4.me/</link>
<regex>
<name>getUrl</name>
<expres><![CDATA[Clappr.Player[\w\W]*?.source:['"]([^'"]+)]]></expres>
<page>$doregex[m4]</page>
<info>https://rkc.primetubsub.xyz/</info>
<referer>https://widevine.licenses4.me/</referer>
</regex>
<regex>
<name>m4</name>
<expres>iframe\s*src="([^"]+)</expres>
<page>$doregex[m3]</page>
<referer>https://daddylive.click/</referer>
</regex>
<regex>
<name>m3</name>
<expres>iframe\s*src="([^"]+)</expres>
<page>https://daddylive.click[makelist.param1]</page>
<page>https://daddylive.click/stream/stream-116.php</page>
<referer>https://daddylive.click/</referer>
</regex>
</item>

<item>
<title>CBS</title>
<thumbnail></thumbnail>
<link>$doregex[getUrl]|user-agent=ipad&amp;referer=https://www.eplayer.to/</link>
<regex>
<name>getUrl</name>
<expres><![CDATA[Clappr.Player[\w\W]*?.source:['"]([^'"]+)]]></expres>
<page>$doregex[m4]</page>
<info>https://rkc.primetubsub.xyz/</info>
<referer>https://widevine.licenses4.me/</referer>
</regex>
<regex>
<name>m4</name>
<expres>iframe\s*src="([^"]+)</expres>
<page>$doregex[m3]</page>
<referer>https://daddylive.click/</referer>
</regex>
<regex>
<name>m3</name>
<expres>iframe\s*src="([^"]+)</expres>
<page>https://daddylive.click/stream/stream-52.php</page>
<referer>https://daddylive.click/</referer>
</regex>
</item>

<item>
<title>NBC</title>
<thumbnail></thumbnail>
<link>$doregex[getUrl]|user-agent=ipad&amp;referer=https://www.eplayer.to/</link>
<regex>
<name>getUrl</name>
<expres><![CDATA[Clappr.Player[\w\W]*?.source:['"]([^'"]+)]]></expres>
<page>$doregex[m4]</page>
<info>https://rkc.primetubsub.xyz/</info>
<referer>https://widevine.licenses4.me/</referer>
</regex>
<regex>
<name>m4</name>
<expres>iframe\s*src="([^"]+)</expres>
<page>$doregex[m3]</page>
<referer>https://daddylive.click/</referer>
</regex>
<regex>
<name>m3</name>
<expres>iframe\s*src="([^"]+)</expres>
<page>https://daddylive.click/stream/stream-53.php</page>
<referer>https://daddylive.click/</referer>
</regex>
</item>

<item>
<title>FOX</title>
<thumbnail></thumbnail>
<link>$doregex[getUrl]|user-agent=ipad&amp;referer=https://www.eplayer.to/</link>
<regex>
<name>getUrl</name>
<expres><![CDATA[Clappr.Player[\w\W]*?.source:['"]([^'"]+)]]></expres>
<page>$doregex[m4]</page>
<info>https://rkc.primetubsub.xyz/</info>
<referer>https://widevine.licenses4.me/</referer>
</regex>
<regex>
<name>m4</name>
<expres>iframe\s*src="([^"]+)</expres>
<page>$doregex[m3]</page>
<referer>https://daddylive.click/</referer>
</regex>
<regex>
<name>m3</name>
<expres>iframe\s*src="([^"]+)</expres>
<page>https://daddylive.click/stream/stream-54.php</page>
<referer>https://daddylive.click/</referer>
</regex>
</item>

<item>
<title>TNT</title>
<thumbnail></thumbnail>
<link>$doregex[getUrl]|user-agent=ipad&amp;referer=https://www.eplayer.to/</link>
<regex>
<name>getUrl</name>
<expres><![CDATA[Clappr.Player[\w\W]*?.source:['"]([^'"]+)]]></expres>
<page>$doregex[m4]</page>
<info>https://rkc.primetubsub.xyz/</info>
<referer>https://widevine.licenses4.me/</referer>
</regex>
<regex>
<name>m4</name>
<expres>iframe\s*src="([^"]+)</expres>
<page>$doregex[m3]</page>
<referer>https://daddylive.click/</referer>
</regex>
<regex>
<name>m3</name>
<expres>iframe\s*src="([^"]+)</expres>
<page>https://daddylive.click/stream/stream-56.php</page>
<referer>https://daddylive.click/</referer>
</regex>
</item>

<item>
<title>ESPN</title>
<thumbnail></thumbnail>
<link>$doregex[getUrl]|user-agent=ipad&amp;referer=https://www.eplayer.to/</link>
<regex>
<name>getUrl</name>
<expres><![CDATA[Clappr.Player[\w\W]*?.source:['"]([^'"]+)]]></expres>
<page>$doregex[m4]</page>
<info>https://rkc.primetubsub.xyz/</info>
<referer>https://widevine.licenses4.me/</referer>
</regex>
<regex>
<name>m4</name>
<expres>iframe\s*src="([^"]+)</expres>
<page>$doregex[m3]</page>
<referer>https://daddylive.click/</referer>
</regex>
<regex>
<name>m3</name>
<expres>iframe\s*src="([^"]+)</expres>
<page>https://daddylive.click/stream/stream-37.php</page>
<referer>https://daddylive.click/</referer>
</regex>
</item>

<item>
<title>ESPN2</title>
<thumbnail></thumbnail>
<link>$doregex[getUrl]|user-agent=ipad&amp;referer=https://www.eplayer.to/</link>
<regex>
<name>getUrl</name>
<expres><![CDATA[Clappr.Player[\w\W]*?.source:['"]([^'"]+)]]></expres>
<page>$doregex[m4]</page>
<info>https://rkc.primetubsub.xyz/</info>
<referer>https://widevine.licenses4.me/</referer>
</regex>
<regex>
<name>m4</name>
<expres>iframe\s*src="([^"]+)</expres>
<page>$doregex[m3]</page>
<referer>https://daddylive.click/</referer>
</regex>
<regex>
<name>m3</name>
<expres>iframe\s*src="([^"]+)</expres>
<page>https://daddylive.click/stream/stream-45.php</page>
<referer>https://daddylive.click/</referer>
</regex>
</item>

<item>
<title>NBCSN</title>
<thumbnail></thumbnail>
<link>$doregex[getUrl]|user-agent=ipad&amp;referer=https://www.eplayer.to/</link>
<regex>
<name>getUrl</name>
<expres><![CDATA[Clappr.Player[\w\W]*?.source:['"]([^'"]+)]]></expres>
<page>$doregex[m4]</page>
<info>https://rkc.primetubsub.xyz/</info>
<referer>https://widevine.licenses4.me/</referer>
</regex>
<regex>
<name>m4</name>
<expres>iframe\s*src="([^"]+)</expres>
<page>$doregex[m3]</page>
<referer>https://daddylive.click/</referer>
</regex>
<regex>
<name>m3</name>
<expres>iframe\s*src="([^"]+)</expres>
<page>https://daddylive.click/stream/stream-43.php</page>
<referer>https://daddylive.click/</referer>
</regex>
</item>

<item>
<title>FS1</title>
<thumbnail></thumbnail>
<link>$doregex[getUrl]|user-agent=ipad&amp;referer=https://www.eplayer.to/</link>
<regex>
<name>getUrl</name>
<expres><![CDATA[Clappr.Player[\w\W]*?.source:['"]([^'"]+)]]></expres>
<page>$doregex[m4]</page>
<info>https://rkc.primetubsub.xyz/</info>
<referer>https://widevine.licenses4.me/</referer>
</regex>
<regex>
<name>m4</name>
<expres>iframe\s*src="([^"]+)</expres>
<page>$doregex[m3]</page>
<referer>https://daddylive.click/</referer>
</regex>
<regex>
<name>m3</name>
<expres>iframe\s*src="([^"]+)</expres>
<page>https://daddylive.click/stream/stream-39.php</page>
<referer>https://daddylive.click/</referer>
</regex>
</item>

<item>
<title>TSN 1</title>
<thumbnail></thumbnail>
<link>$doregex[getUrl]|user-agent=ipad&amp;referer=https://www.eplayer.to/</link>
<regex>
<name>getUrl</name>
<expres><![CDATA[Clappr.Player[\w\W]*?.source:['"]([^'"]+)]]></expres>
<page>$doregex[m4]</page>
<info>https://rkc.primetubsub.xyz/</info>
<referer>https://widevine.licenses4.me/</referer>
</regex>
<regex>
<name>m4</name>
<expres>iframe\s*src="([^"]+)</expres>
<page>$doregex[m3]</page>
<referer>https://daddylive.click/</referer>
</regex>
<regex>
<name>m3</name>
<expres>iframe\s*src="([^"]+)</expres>
<page>https://daddylive.click/stream/stream-111.php</page>
<referer>https://daddylive.click/</referer>
</regex>
</item>

<item>
<title>TSN 2</title>
<thumbnail></thumbnail>
<link>$doregex[getUrl]|user-agent=ipad&amp;referer=https://www.eplayer.to/</link>
<regex>
<name>getUrl</name>
<expres><![CDATA[Clappr.Player[\w\W]*?.source:['"]([^'"]+)]]></expres>
<page>$doregex[m4]</page>
<info>https://rkc.primetubsub.xyz/</info>
<referer>https://widevine.licenses4.me/</referer>
</regex>
<regex>
<name>m4</name>
<expres>iframe\s*src="([^"]+)</expres>
<page>$doregex[m3]</page>
<referer>https://daddylive.click/</referer>
</regex>
<regex>
<name>m3</name>
<expres>iframe\s*src="([^"]+)</expres>
<page>https://daddylive.click/stream/stream-112.php</page>
<referer>https://daddylive.click/</referer>
</regex>
</item>

<item>
<title>TSN3</title>
<thumbnail></thumbnail>
<link>$doregex[getUrl]|user-agent=ipad&amp;referer=https://www.eplayer.to/</link>
<regex>
<name>getUrl</name>
<expres><![CDATA[Clappr.Player[\w\W]*?.source:['"]([^'"]+)]]></expres>
<page>$doregex[m4]</page>
<info>https://rkc.primetubsub.xyz/</info>
<referer>https://widevine.licenses4.me/</referer>
</regex>
<regex>
<name>m4</name>
<expres>iframe\s*src="([^"]+)</expres>
<page>$doregex[m3]</page>
<referer>https://daddylive.click/</referer>
</regex>
<regex>
<name>m3</name>
<expres>iframe\s*src="([^"]+)</expres>
<page>https://daddylive.click/stream/stream-113.php</page>
<referer>https://daddylive.click/</referer>
</regex>
</item>

<item>
<title>TSN4</title>
<thumbnail></thumbnail>
<link>$doregex[getUrl]|user-agent=ipad&amp;referer=https://www.eplayer.to/</link>
<regex>
<name>getUrl</name>
<expres><![CDATA[Clappr.Player[\w\W]*?.source:['"]([^'"]+)]]></expres>
<page>$doregex[m4]</page>
<info>https://rkc.primetubsub.xyz/</info>
<referer>https://widevine.licenses4.me/</referer>
</regex>
<regex>
<name>m4</name>
<expres>iframe\s*src="([^"]+)</expres>
<page>$doregex[m3]</page>
<referer>https://daddylive.click/</referer>
</regex>
<regex>
<name>m3</name>
<expres>iframe\s*src="([^"]+)</expres>
<page>https://daddylive.click/stream/stream-114.php</page>
<referer>https://daddylive.click/</referer>
</regex>
</item>

<item>
<title>TSN5</title>
<thumbnail></thumbnail>
<link>$doregex[getUrl]|user-agent=ipad&amp;referer=https://www.eplayer.to/</link>
<regex>
<name>getUrl</name>
<expres><![CDATA[Clappr.Player[\w\W]*?.source:['"]([^'"]+)]]></expres>
<page>$doregex[m4]</page>
<info>https://rkc.primetubsub.xyz/</info>
<referer>https://widevine.licenses4.me/</referer>
</regex>
<regex>
<name>m4</name>
<expres>iframe\s*src="([^"]+)</expres>
<page>$doregex[m3]</page>
<referer>https://daddylive.click/</referer>
</regex>
<regex>
<name>m3</name>
<expres>iframe\s*src="([^"]+)</expres>
<page>https://daddylive.click/stream/stream-115.php</page>
<referer>https://daddylive.click/</referer>
</regex>
</item>

<item>
<title>BT Sport 1</title>
<thumbnail></thumbnail>
<link>$doregex[getUrl]|user-agent=ipad&amp;referer=https://www.eplayer.to/</link>
<regex>
<name>getUrl</name>
<expres><![CDATA[Clappr.Player[\w\W]*?.source:['"]([^'"]+)]]></expres>
<page>$doregex[m4]</page>
<info>https://rkc.primetubsub.xyz/</info>
<referer>https://widevine.licenses4.me/</referer>
</regex>
<regex>
<name>m4</name>
<expres>iframe\s*src="([^"]+)</expres>
<page>$doregex[m3]</page>
<referer>https://daddylive.click/</referer>
</regex>
<regex>
<name>m3</name>
<expres>iframe\s*src="([^"]+)</expres>
<page>https://daddylive.click/stream/stream-31.php</page>
<referer>https://daddylive.click/</referer>
</regex>
</item>

<item>
<title>BT Sport 2</title>
<thumbnail></thumbnail>
<link>$doregex[getUrl]|user-agent=ipad&amp;referer=https://www.eplayer.to/</link>
<regex>
<name>getUrl</name>
<expres><![CDATA[Clappr.Player[\w\W]*?.source:['"]([^'"]+)]]></expres>
<page>$doregex[m4]</page>
<info>https://rkc.primetubsub.xyz/</info>
<referer>https://widevine.licenses4.me/</referer>
</regex>
<regex>
<name>m4</name>
<expres>iframe\s*src="([^"]+)</expres>
<page>$doregex[m3]</page>
<referer>https://daddylive.click/</referer>
</regex>
<regex>
<name>m3</name>
<expres>iframe\s*src="([^"]+)</expres>
<page>https://daddylive.click/stream/stream-32.php</page>
<referer>https://daddylive.click/</referer>
</regex>
</item>

<item>
<title>BT Sport 3</title>
<thumbnail></thumbnail>
<link>$doregex[getUrl]|user-agent=ipad&amp;referer=https://www.eplayer.to/</link>
<regex>
<name>getUrl</name>
<expres><![CDATA[Clappr.Player[\w\W]*?.source:['"]([^'"]+)]]></expres>
<page>$doregex[m4]</page>
<info>https://rkc.primetubsub.xyz/</info>
<referer>https://widevine.licenses4.me/</referer>
</regex>
<regex>
<name>m4</name>
<expres>iframe\s*src="([^"]+)</expres>
<page>$doregex[m3]</page>
<referer>https://daddylive.click/</referer>
</regex>
<regex>
<name>m3</name>
<expres>iframe\s*src="([^"]+)</expres>
<page>https://daddylive.click/stream/stream-33.php</page>
<referer>https://daddylive.click/</referer>
</regex>
</item>

<item>
<title>BT Sport ESPN</title>
<thumbnail></thumbnail>
<link>$doregex[getUrl]|user-agent=ipad&amp;referer=https://www.eplayer.to/</link>
<regex>
<name>getUrl</name>
<expres><![CDATA[Clappr.Player[\w\W]*?.source:['"]([^'"]+)]]></expres>
<page>$doregex[m4]</page>
<info>https://rkc.primetubsub.xyz/</info>
<referer>https://widevine.licenses4.me/</referer>
</regex>
<regex>
<name>m4</name>
<expres>iframe\s*src="([^"]+)</expres>
<page>$doregex[m3]</page>
<referer>https://daddylive.click/</referer>
</regex>
<regex>
<name>m3</name>
<expres>iframe\s*src="([^"]+)</expres>
<page>https://daddylive.click/stream/stream-34.php</page>
<referer>https://daddylive.click/</referer>
</regex>
</item>

<item>
<title>Sky Sports 1 Football</title>
<thumbnail></thumbnail>
<link>$doregex[getUrl]|user-agent=ipad&amp;referer=https://www.eplayer.to/</link>
<regex>
<name>getUrl</name>
<expres><![CDATA[Clappr.Player[\w\W]*?.source:['"]([^'"]+)]]></expres>
<page>$doregex[m4]</page>
<info>https://rkc.primetubsub.xyz/</info>
<referer>https://widevine.licenses4.me/</referer>
</regex>
<regex>
<name>m4</name>
<expres>iframe\s*src="([^"]+)</expres>
<page>$doregex[m3]</page>
<referer>https://daddylive.click/</referer>
</regex>
<regex>
<name>m3</name>
<expres>iframe\s*src="([^"]+)</expres>
<page>https://daddylive.click/stream/stream-35.php</page>
<referer>https://daddylive.click/</referer>
</regex>
</item>

<item>
<title>Sky Sports Main Event</title>
<thumbnail></thumbnail>
<link>$doregex[getUrl]|user-agent=ipad&amp;referer=https://www.eplayer.to/</link>
<regex>
<name>getUrl</name>
<expres><![CDATA[Clappr.Player[\w\W]*?.source:['"]([^'"]+)]]></expres>
<page>$doregex[m4]</page>
<info>https://rkc.primetubsub.xyz/</info>
<referer>https://widevine.licenses4.me/</referer>
</regex>
<regex>
<name>m4</name>
<expres>iframe\s*src="([^"]+)</expres>
<page>$doregex[m3]</page>
<referer>https://daddylive.click/</referer>
</regex>
<regex>
<name>m3</name>
<expres>iframe\s*src="([^"]+)</expres>
<page>https://daddylive.click/stream/stream-38.php</page>
<referer>https://daddylive.click/</referer>
</regex>
</item>

<item>
<title>Sky Sports Action</title>
<thumbnail></thumbnail>
<link>$doregex[getUrl]|user-agent=ipad&amp;referer=https://www.eplayer.to/</link>
<regex>
<name>getUrl</name>
<expres><![CDATA[Clappr.Player[\w\W]*?.source:['"]([^'"]+)]]></expres>
<page>$doregex[m4]</page>
<info>https://rkc.primetubsub.xyz/</info>
<referer>https://widevine.licenses4.me/</referer>
</regex>
<regex>
<name>m4</name>
<expres>iframe\s*src="([^"]+)</expres>
<page>$doregex[m3]</page>
<referer>https://daddylive.click/</referer>
</regex>
<regex>
<name>m3</name>
<expres>iframe\s*src="([^"]+)</expres>
<page>https://daddylive.click/stream/stream-37.php</page>
<referer>https://daddylive.click/</referer>
</regex>
</item>

<item>
<title>Sky Sports Arena</title>
<thumbnail></thumbnail>
<link>$doregex[getUrl]|user-agent=ipad&amp;referer=https://www.eplayer.to/</link>
<regex>
<name>getUrl</name>
<expres><![CDATA[Clappr.Player[\w\W]*?.source:['"]([^'"]+)]]></expres>
<page>$doregex[m4]</page>
<info>https://rkc.primetubsub.xyz/</info>
<referer>https://widevine.licenses4.me/</referer>
</regex>
<regex>
<name>m4</name>
<expres>iframe\s*src="([^"]+)</expres>
<page>$doregex[m3]</page>
<referer>https://daddylive.click/</referer>
</regex>
<regex>
<name>m3</name>
<expres>iframe\s*src="([^"]+)</expres>
<page>https://daddylive.click/stream/stream-36.php</page>
<referer>https://daddylive.click/</referer>
</regex>
</item>

<item>
<title>Sky Sports F1</title>
<thumbnail></thumbnail>
<link>$doregex[getUrl]|user-agent=ipad&amp;referer=https://www.eplayer.to/</link>
<regex>
<name>getUrl</name>
<expres><![CDATA[Clappr.Player[\w\W]*?.source:['"]([^'"]+)]]></expres>
<page>$doregex[m4]</page>
<info>https://rkc.primetubsub.xyz/</info>
<referer>https://widevine.licenses4.me/</referer>
</regex>
<regex>
<name>m4</name>
<expres>iframe\s*src="([^"]+)</expres>
<page>$doregex[m3]</page>
<referer>https://daddylive.click/</referer>
</regex>
<regex>
<name>m3</name>
<expres>iframe\s*src="([^"]+)</expres>
<page>https://daddylive.click/stream/stream-60.php</page>
<referer>https://daddylive.click/</referer>
</regex>
</item>

<item>
<title>Sky Sports Golf</title>
<thumbnail></thumbnail>
<link>$doregex[getUrl]|user-agent=ipad&amp;referer=https://www.eplayer.to/</link>
<regex>
<name>getUrl</name>
<expres><![CDATA[Clappr.Player[\w\W]*?.source:['"]([^'"]+)]]></expres>
<page>$doregex[m4]</page>
<info>https://rkc.primetubsub.xyz/</info>
<referer>https://widevine.licenses4.me/</referer>
</regex>
<regex>
<name>m4</name>
<expres>iframe\s*src="([^"]+)</expres>
<page>$doregex[m3]</page>
<referer>https://daddylive.click/</referer>
</regex>
<regex>
<name>m3</name>
<expres>iframe\s*src="([^"]+)</expres>
<page>https://daddylive.click/stream/stream-70.php</page>
<referer>https://daddylive.click/</referer>
</regex>
</item>

<item>
<title>Sky Sports Cricket</title>
<thumbnail></thumbnail>
<link>$doregex[getUrl]|user-agent=ipad&amp;referer=https://www.eplayer.to/</link>
<regex>
<name>getUrl</name>
<expres><![CDATA[Clappr.Player[\w\W]*?.source:['"]([^'"]+)]]></expres>
<page>$doregex[m4]</page>
<info>https://rkc.primetubsub.xyz/</info>
<referer>https://widevine.licenses4.me/</referer>
</regex>
<regex>
<name>m4</name>
<expres>iframe\s*src="([^"]+)</expres>
<page>$doregex[m3]</page>
<referer>https://daddylive.click/</referer>
</regex>
<regex>
<name>m3</name>
<expres>iframe\s*src="([^"]+)</expres>
<page>https://daddylive.click/stream/stream-65.php</page>
<referer>https://daddylive.click/</referer>
</regex>
</item>

<item>
<title>Sky Sports News</title>
<thumbnail></thumbnail>
<link>$doregex[getUrl]|user-agent=ipad&amp;referer=https://www.eplayer.to/</link>
<regex>
<name>getUrl</name>
<expres><![CDATA[Clappr.Player[\w\W]*?.source:['"]([^'"]+)]]></expres>
<page>$doregex[m4]</page>
<info>https://rkc.primetubsub.xyz/</info>
<referer>https://widevine.licenses4.me/</referer>
</regex>
<regex>
<name>m4</name>
<expres>iframe\s*src="([^"]+)</expres>
<page>$doregex[m3]</page>
<referer>https://daddylive.click/</referer>
</regex>
<regex>
<name>m3</name>
<expres>iframe\s*src="([^"]+)</expres>
<page>https://daddylive.click/stream/stream-130.php</page>
<referer>https://daddylive.click/</referer>
</regex>
</item>

<item>
<title>Euro Sport 1</title>
<thumbnail></thumbnail>
<link>$doregex[getUrl]|user-agent=ipad&amp;referer=https://www.eplayer.to/</link>
<regex>
<name>getUrl</name>
<expres><![CDATA[Clappr.Player[\w\W]*?.source:['"]([^'"]+)]]></expres>
<page>$doregex[m4]</page>
<info>https://rkc.primetubsub.xyz/</info>
<referer>https://widevine.licenses4.me/</referer>
</regex>
<regex>
<name>m4</name>
<expres>iframe\s*src="([^"]+)</expres>
<page>$doregex[m3]</page>
<referer>https://daddylive.click/</referer>
</regex>
<regex>
<name>m3</name>
<expres>iframe\s*src="([^"]+)</expres>
<page>https://daddylive.click/stream/stream-41.php</page>
<referer>https://daddylive.click/</referer>
</regex>
</item>

<item>
<title>Euro Sport 2</title>
<thumbnail></thumbnail>
<link>$doregex[getUrl]|user-agent=ipad&amp;referer=https://www.eplayer.to/</link>
<regex>
<name>getUrl</name>
<expres><![CDATA[Clappr.Player[\w\W]*?.source:['"]([^'"]+)]]></expres>
<page>$doregex[m4]</page>
<info>https://rkc.primetubsub.xyz/</info>
<referer>https://widevine.licenses4.me/</referer>
</regex>
<regex>
<name>m4</name>
<expres>iframe\s*src="([^"]+)</expres>
<page>$doregex[m3]</page>
<referer>https://daddylive.click/</referer>
</regex>
<regex>
<name>m3</name>
<expres>iframe\s*src="([^"]+)</expres>
<page>https://daddylive.click/stream/stream-42.php</page>
<referer>https://daddylive.click/</referer>
</regex>
</item>

<item>
<title>Vivid Red</title>
<thumbnail></thumbnail>
<link>$doregex[getUrl]|user-agent=ipad&amp;referer=https://www.eplayer.to/</link>
<regex>
<name>getUrl</name>
<expres><![CDATA[Clappr.Player[\w\W]*?.source:['"]([^'"]+)]]></expres>
<page>$doregex[m4]</page>
<info>https://rkc.primetubsub.xyz/</info>
<referer>https://widevine.licenses4.me/</referer>
</regex>
<regex>
<name>m4</name>
<expres>iframe\s*src="([^"]+)</expres>
<page>$doregex[m3]</page>
<referer>https://daddylive.click/</referer>
</regex>
<regex>
<name>m3</name>
<expres>iframe\s*src="([^"]+)</expres>
<page>https://daddylive.click/stream/stream-193.php</page>
<referer>https://daddylive.click/</referer>
</regex>
</item>

<item>
<title>ALBA XXX</title>
<thumbnail></thumbnail>
<link>$doregex[getUrl]|user-agent=ipad&amp;referer=https://www.eplayer.to/</link>
<regex>
<name>getUrl</name>
<expres><![CDATA[Clappr.Player[\w\W]*?.source:['"]([^'"]+)]]></expres>
<page>$doregex[m4]</page>
<info>https://rkc.primetubsub.xyz/</info>
<referer>https://widevine.licenses4.me/</referer>
</regex>
<regex>
<name>m4</name>
<expres>iframe\s*src="([^"]+)</expres>
<page>$doregex[m3]</page>
<referer>https://daddylive.click/</referer>
</regex>
<regex>
<name>m3</name>
<expres>iframe\s*src="([^"]+)</expres>
<page>https://daddylive.click/stream/stream-195.php</page>
<referer>https://daddylive.click/</referer>
</regex>
</item>

<item>
<title>Teen Fidelity</title>
<thumbnail></thumbnail>
<link>$doregex[getUrl]|user-agent=ipad&amp;referer=https://www.eplayer.to/</link>
<regex>
<name>getUrl</name>
<expres><![CDATA[Clappr.Player[\w\W]*?.source:['"]([^'"]+)]]></expres>
<page>$doregex[m4]</page>
<info>https://rkc.primetubsub.xyz/</info>
<referer>https://widevine.licenses4.me/</referer>
</regex>
<regex>
<name>m4</name>
<expres>iframe\s*src="([^"]+)</expres>
<page>$doregex[m3]</page>
<referer>https://daddylive.click/</referer>
</regex>
<regex>
<name>m3</name>
<expres>iframe\s*src="([^"]+)</expres>
<page>https://daddylive.click/stream/stream-196.php</page>
<referer>https://daddylive.click/</referer>
</regex>
</item>

<item>
<title>Reality Kings</title>
<thumbnail></thumbnail>
<link>$doregex[getUrl]|user-agent=ipad&amp;referer=https://www.eplayer.to/</link>
<regex>
<name>getUrl</name>
<expres><![CDATA[Clappr.Player[\w\W]*?.source:['"]([^'"]+)]]></expres>
<page>$doregex[m4]</page>
<info>https://rkc.primetubsub.xyz/</info>
<referer>https://widevine.licenses4.me/</referer>
</regex>
<regex>
<name>m4</name>
<expres>iframe\s*src="([^"]+)</expres>
<page>$doregex[m3]</page>
<referer>https://daddylive.click/</referer>
</regex>
<regex>
<name>m3</name>
<expres>iframe\s*src="([^"]+)</expres>
<page>https://daddylive.click/stream/stream-197.php</page>
<referer>https://daddylive.click/</referer>
</regex>
</item>

<item>
<title>Dorcel TV</title>
<thumbnail></thumbnail>
<link>$doregex[getUrl]|user-agent=ipad&amp;referer=https://www.eplayer.to/</link>
<regex>
<name>getUrl</name>
<expres><![CDATA[Clappr.Player[\w\W]*?.source:['"]([^'"]+)]]></expres>
<page>$doregex[m4]</page>
<info>https://rkc.primetubsub.xyz/</info>
<referer>https://widevine.licenses4.me/</referer>
</regex>
<regex>
<name>m4</name>
<expres>iframe\s*src="([^"]+)</expres>
<page>$doregex[m3]</page>
<referer>https://daddylive.click/</referer>
</regex>
<regex>
<name>m3</name>
<expres>iframe\s*src="([^"]+)</expres>
<page>https://daddylive.click/stream/stream-198.php</page>
<referer>https://daddylive.click/</referer>
</regex>
</item>

<item>
<title>Hustler TV</title>
<thumbnail></thumbnail>
<link>$doregex[getUrl]|user-agent=ipad&amp;referer=https://www.eplayer.to/</link>
<regex>
<name>getUrl</name>
<expres><![CDATA[Clappr.Player[\w\W]*?.source:['"]([^'"]+)]]></expres>
<page>$doregex[m4]</page>
<info>https://rkc.primetubsub.xyz/</info>
<referer>https://widevine.licenses4.me/</referer>
</regex>
<regex>
<name>m4</name>
<expres>iframe\s*src="([^"]+)</expres>
<page>$doregex[m3]</page>
<referer>https://daddylive.click/</referer>
</regex>
<regex>
<name>m3</name>
<expres>iframe\s*src="([^"]+)</expres>
<page>https://daddylive.click/stream/stream-199.php</page>
<referer>https://daddylive.click/</referer>
</regex>
</item>

<item>
<title>Redlight TV</title>
<thumbnail></thumbnail>
<link>$doregex[getUrl]|user-agent=ipad&amp;referer=https://www.eplayer.to/</link>
<regex>
<name>getUrl</name>
<expres><![CDATA[Clappr.Player[\w\W]*?.source:['"]([^'"]+)]]></expres>
<page>$doregex[m4]</page>
<info>https://rkc.primetubsub.xyz/</info>
<referer>https://widevine.licenses4.me/</referer>
</regex>
<regex>
<name>m4</name>
<expres>iframe\s*src="([^"]+)</expres>
<page>$doregex[m3]</page>
<referer>https://daddylive.click/</referer>
</regex>
<regex>
<name>m3</name>
<expres>iframe\s*src="([^"]+)</expres>
<page>https://daddylive.click/stream/stream-200.php</page>
<referer>https://daddylive.click/</referer>
</regex>
</item>

</items>