<?xml version="1.0" encoding="UTF-8"?>
<items>

<item>
<title>NCAA Basketball</title>
<link>$doregex[makelist]</link>
<thumbnail>https://amhsnewspaper.com/wp-content/uploads/2017/02/NCAA-March-Madness.png</thumbnail>
<fanart></fanart>
<regex>
<name>makelist</name>
<listrepeat><![CDATA[
<title>[COLOR orange][makelist.param1][/COLOR] -[makelist.param3]</title>
<link>$doregex[Gamelinks]</link>
<thumbnail>https://amhsnewspaper.com/wp-content/uploads/2017/02/NCAA-March-Madness.png</thumbnail>
<fanart></fanart>
]]></listrepeat>
<expres><![CDATA[: ([^<\]]*\])<.*?<li.*?href="([^"]*)[^>]*>([^<]*)]]></expres>
<page>$doregex[homecookie]</page>
</regex>
<regex>
<name>Gamelinks</name>
<listrepeat><![CDATA[
<title>[COLOR orange][Gamelinks.param1][/COLOR] -[Gamelinks.param2]</title>
'<link>$doregex[Gameurl]</link>
<urlsolve>[Gamelinks.param1]</urlsolve>
<thumbnail>https://amhsnewspaper.com/wp-content/uploads/2017/02/NCAA-March-Madness.png</thumbnail>
<fanart></fanart>
]]></listrepeat>
<expres><![CDATA[strong.*?strong[^<]*<a href="(http[^"]*)[^\|]*\|([^<]*)]]></expres>
<page>[makelist.param2]</page>
</regex>
<regex>
<name>homecookie</name>
<expres>$pyFunction:sucuri_cookie.createCookie('https://www.reddit.com/r/ncaaBBallStreams/',Cookie_Jar,'Mozilla/5.0 (Windows NT 10.0) AppleWebKit/537.36 (KHTML, like Gecko) Chrome/64.0.3282.140 Safari/537.36 Edge/18.17763')</expres>
<page></page>
</regex>
</item>

<item>
<title>NCAA Football</title>
<link>$doregex[makelist]</link>
<thumbnail>https://s22908.pcdn.co/stream-sports/wp-content/uploads/sites/3/2016/08/ncaa-football-280x280.png</thumbnail>
<fanart></fanart>
<regex>
<name>makelist</name>
<listrepeat><![CDATA[
<title>[COLOR orange][makelist.param1][/COLOR] -[makelist.param3]</title>
<link>$doregex[Gamelinks]</link>
<thumbnail>https://amhsnewspaper.com/wp-content/uploads/2017/02/NCAA-March-Madness.png</thumbnail>
<fanart></fanart>
]]></listrepeat>
<expres><![CDATA[: ([^<\]]*\])<.*?<li.*?href="([^"]*)[^>]*>([^<]*)]]></expres>
<page>$doregex[homecookie]</page>
</regex>
<regex>
<name>Gamelinks</name>
<listrepeat><![CDATA[
<title>[COLOR orange][Gamelinks.param1][/COLOR] -[Gamelinks.param2]</title>
<link>$doregex[Gameurl]</link>
<thumbnail>https://amhsnewspaper.com/wp-content/uploads/2017/02/NCAA-March-Madness.png</thumbnail>
<fanart></fanart>
]]></listrepeat>
<expres><![CDATA[strong.*?strong[^<]*<a href="(http[^"]*)[^\|]*\|([^<]*)]]></expres>
<page>[makelist.param2]</page>
</regex>
<regex>
<name>Gameurl</name>
<expres><![CDATA[#$pyFunction
def GetLSProData(page_data,Cookie_Jar,m,url='[Gamelinks.param1]'):
   import liveresolver
   u = liveresolver.resolve(url)
   return u
]]></expres>
<page></page>
<cookieJar></cookieJar>
</regex>
<regex>
<name>homecookie</name>
<expres>$pyFunction:sucuri_cookie.createCookie('https://www.reddit.com/r/CFBStreams/',Cookie_Jar,'Mozilla/5.0 (Windows NT 10.0) AppleWebKit/537.36 (KHTML, like Gecko) Chrome/64.0.3282.140 Safari/537.36 Edge/18.17763')</expres>
<page></page>
</regex>
</item>

</items>