<items>

<item>
<title>ustv247.tv</title>
<link>$doregex[makelist]</link>
<regex>
<name>makelist</name>
<listrepeat><![CDATA[
  <title>[makelist.param2]</title>
  <link>$doregex[getUrl]|User-Agent=iPad&amp;Referer=https://ustv247.tv/&amp;Origin=https://ustv247.tv</link>
  <thumbnail></thumbnail>
]]></listrepeat>
<expres><![CDATA[[g|i]><a href="(https:\/\/ustv247.tv\/[^\/]*\/)">([^<]*)<\/]]></expres>
<page>https://ustv247.tv/</page>
</regex>
<regex>
<name>getUrl</name>
<expres><![CDATA[hls_src='([^']+)]]></expres>
<page>https://ustv247.tv$doregex[stripper]</page>
<referer>[makelist.param1]</referer>
<post>stream:$doregex[stripper]</post>
</regex>
<regex>
<name>stripper</name>
<expres><![CDATA[<iframe src='([^']+)]]></expres>
<page>[makelist.param1]</page>
</regex>
</item>

</items>