<?xml version="1.0" encoding="UTF-8"?>
<items>

<item>
<title>[COLOR gold]Tropical Weather Forecast[/COLOR]</title>
<thumbnail>https://yt3.ggpht.com/ytc/AKedOLSLL4UkjYEYmwBmygB6AsCxahcdDjWXKgm0w7-mfQ=s68-c-k-c0x00ffffff-no-rj</thumbnail>
<fanart>https://github.com/Magic-Dust/MagicDust/raw/master/fanart.jpg</fanart>
<link>$doregex[makelist]</link>
<regex>
<name>makelist</name>
<listrepeat><![CDATA[
  <title>[COLOR gold][makelist.param3][/COLOR]</title>
  <urlsolve>https://www.youtube.com//watch?v='+[makelist.param1]</urlsolve>
  <thumbnail>[makelist.param2]</thumbnail>
  <fanart>https://github.com/Magic-Dust/MagicDust/raw/master/fanart.jpg</fanart>
]]></listrepeat>
  <expres><![CDATA[videoRenderer":.*?videoId":"([^"]*).*?url":"([^"]*).*?label":"([^"]*)]]></expres>
  <page>https://www.youtube.com/results?search_query=tropical+weather+forecast&amp;sp=EgIIAw%253D%253D</page>
</regex>
</item>

<item>
<title>[COLOR gold]Tropical Weather Updates[/COLOR]</title>
<thumbnail>https://www.redcross.org/content/dam/redcross/icons/disasters/hurricane/Hurricane-1000x1000-R-RC.png.img.png</thumbnail>
<fanart>https://github.com/Magic-Dust/MagicDust/raw/master/fanart.jpg</fanart>
<link>$doregex[makelist]</link>
<regex>
<name>makelist</name>
<listrepeat><![CDATA[
  <title>[COLOR gold][makelist.param3][/COLOR]</title>
  <urlsolve>https://www.youtube.com//watch?v='+[makelist.param1]</urlsolve>
  <thumbnail>[makelist.param2]</thumbnail>
  <fanart>https://github.com/Magic-Dust/MagicDust/raw/master/fanart.jpg</fanart>
]]></listrepeat>
  <expres><![CDATA[videoRenderer":.*?videoId":"([^"]*).*?url":"([^"]*).*?label":"([^"]*)]]></expres>
  <page>https://www.youtube.com/results?search_query=Tropical+weather+updates&amp;sp=EgIIAw%253D%253D</page>
</regex>
</item>

<item>
<title>Hurricane Track</title>
<thumbnail>https://yt3.ggpht.com/xZQ17uxnnPOKGk6Dha-mxzpYJKDK1wOpcMVA-UzRFZ0xkfKYeuaoFjopt8zkZOSuYBrIZmIjLKs=s88-c-k-c0x00ffffff-no-rj</thumbnail>
<fanart>https://github.com/Magic-Dust/MagicDust/raw/master/fanart.jpg</fanart>
<urlsolve>https://www.youtube.com//watch?v=$doregex[getUrl]</urlsolve>
<regex>
<name>getUrl</name>
<expres>$pyFunction: '$doregex[featured]' if not '$doregex[featured]'=='' else '$doregex[video]' </expres>
<page></page>
</regex>
<regex>
<name>featured</name>
<expres><![CDATA[channelFeaturedContentRenderer":.*?videoId":"([^"]*)]]></expres>
<page>https://www.youtube.com/c/hurricanetrack/featured</page>
</regex>
<regex>
<name>video</name>
<expres><![CDATA[channelVideoPlayerRenderer":.*?videoId":"([^"]*)]]></expres>
<page>https://www.youtube.com/c/hurricanetrack/featured</page>
</regex>
</item>

</items>