<?xml version="1.0" encoding="UTF-8"?>
<items>

<item>
<title>2001 Odyssey -[COLOR gold] Main Stage[/COLOR]</title>
<thumbnail></thumbnail>
<fanart></fanart>
<link>$doregex[makelist]|User-Agent=iPad&amp;Referer=https://2001live.com/mainstage</link>
<regex>
<name>makelist</name>
<expres>hls:[^"]*"([^"]*)</expres>
<page>https://2001live.com/mainstage</page>
<referer>https://2001live.com/</referer>
</regex>
</item>

<item>
<title>2001 Odyssey -[COLOR gold] Stage POV[/COLOR]</title>
<thumbnail></thumbnail>
<fanart></fanart>
<link>$doregex[makelist]|User-Agent=iPad&amp;Referer=https://2001live.com/mainstagePOV</link>
<regex>
<name>makelist</name>
<expres>hls:[^"]*"([^"]*)</expres>
<page>https://2001live.com/mainstagePOV</page>
<referer>https://2001live.com/</referer>
</regex>
</item>

<item>
<title>2001 Odyssey -[COLOR gold] Dressing Room[/COLOR]</title>
<thumbnail></thumbnail>
<fanart></fanart>
<link>$doregex[makelist]|User-Agent=iPad&amp;Referer=https://2001live.com/dressingRoom</link>
<regex>
<name>makelist</name>
<expres>hls:[^"]*"([^"]*)</expres>
<page>https://2001live.com/dressingRoom</page>
<referer>https://2001live.com/</referer>
</regex>
</item>

<item>
<title>2001 Odyssey -[COLOR gold] DR Twerk Cam[/COLOR]</title>
<thumbnail></thumbnail>
<fanart></fanart>
<link>$doregex[makelist]|User-Agent=iPad&amp;Referer=https://2001live.com/DRTwerk</link>
<regex>
<name>makelist</name>
<expres>hls:[^"]*"([^"]*)</expres>
<page>https://2001live.com/DRTwerk</page>
<referer>https://2001live.com/</referer>
</regex>
</item>

</items>