<?xml version="1.0" encoding="UTF-8"?>
<items>

<item>
<title>The First TV Live Feed</title>
<fanart>https://github.com/Magic-Dust/MagicDust/raw/master/fanart.jpg</fanart>
<thumbnail>https://tf-a1.azureedge.net/static/images/header-logo2.png</thumbnail>
<link>https://redseat-thefirst-glewedtv.amagi.tv/index720p.m3u8</link>
</item>

<item>
<title>No Spin News</title>
<fanart>https://github.com/Magic-Dust/MagicDust/raw/master/fanart.jpg</fanart>
<thumbnail>https://tf-a1.azureedge.net/uploads/2021/03/INDIVIDUAL_HOST_PAGE_BOR-1536x864.jpg</thumbnail>
<link>$doregex[makelist]</link>
<regex>
<name>makelist</name>
<listrepeat><![CDATA[
    <title>[COLOR gold][makelist.param3]- [/COLOR]</title>
    <link>$doregex[get-url]/manifest/$doregex[get-id].m3u8?&amp;api_key=$doregex[get-key]</link>
    <fanart>[makelist.param1]</fanart>
    <thumbnail>[makelist.param1]</thumbnail>
    <description>[makelist.param3]</description>
]]></listrepeat>
<expres><![CDATA[<img width="830" height="467" src="([^"]*)[^!]*[^f]*f="([^"]*)[^>]*>([^<]*)]]></expres>
<page>https://www.thefirsttv.com/show/bill-oreilly/</page>
</regex>
<regex>
<name>get-url</name>
<expres><![CDATA["entry-video">[^_]*_[^"]*[^=]*="([^.]*[^\/]*)]]></expres>
<page>[makelist.param2]</page>
</regex>
<regex>
<name>get-id</name>
<expres><![CDATA["entry-video">[^_]*_([^"]*)]]></expres>
<page>[makelist.param2]</page>
</regex>
<regex>
<name>get-key</name>
<expres><![CDATA[_key=([^&]*)]]></expres>
<page>[makelist.param2]</page>
</regex>
</item>

<item>
<title>No Apologies</title>
<fanart>https://github.com/Magic-Dust/MagicDust/raw/master/fanart.jpg</fanart>
<thumbnail>https://tf-a1.azureedge.net/uploads/2021/05/DLNA-New-Show-GFX-1536x864.jpg</thumbnail>
<link>$doregex[makelist]</link>
<regex>
<name>makelist</name>
<listrepeat><![CDATA[
    <title>[COLOR gold][makelist.param3] [/COLOR]</title>
    <link>$doregex[get-url]/manifest/$doregex[get-id].m3u8?&amp;api_key=$doregex[get-key]</link>
    <fanart>[makelist.param1]</fanart>
    <thumbnail>[makelist.param1]</thumbnail>
    <description>[makelist.param3]</description>
]]></listrepeat>
<expres><![CDATA[<img width="830" height="467" src="([^"]*)[^!]*[^f]*f="([^"]*)[^>]*>([^<]*)]]></expres>
<page>https://www.thefirsttv.com/show/no-apologies/</page>
</regex>
<regex>
<name>get-url</name>
<expres><![CDATA["entry-video">[^_]*_[^"]*[^=]*="([^.]*[^\/]*)]]></expres>
<page>[makelist.param2]</page>
</regex>
<regex>
<name>get-id</name>
<expres><![CDATA["entry-video">[^_]*_([^"]*)]]></expres>
<page>[makelist.param2]</page>
</regex>
<regex>
<name>get-key</name>
<expres><![CDATA[_key=([^&]*)]]></expres>
<page>[makelist.param2]</page>
</regex>
</item>

<item>
<title>The Dana Show</title>
<fanart>https://github.com/Magic-Dust/MagicDust/raw/master/fanart.jpg</fanart>
<thumbnail>https://tf-a1.azureedge.net/uploads/2021/03/60639b507aa6330001e49e18-tn-1080-1536x864.jpg</thumbnail>
<link>$doregex[makelist]</link>
<regex>
<name>makelist</name>
<listrepeat><![CDATA[
    <title>[COLOR gold][makelist.param3] [/COLOR]</title>
    <link>$doregex[get-url]/manifest/$doregex[get-id].m3u8?&amp;api_key=$doregex[get-key]</link>
    <fanart>[makelist.param1]</fanart>
    <thumbnail>[makelist.param1]</thumbnail>
    <description>[makelist.param3]</description>
]]></listrepeat>
<expres><![CDATA[<img width="830" height="467" src="([^"]*)[^!]*[^f]*f="([^"]*)[^>]*>([^<]*)]]></expres>
<page>https://www.thefirsttv.com/show/the-dana-show/</page>
</regex>
<regex>
<name>get-url</name>
<expres><![CDATA["entry-video">[^_]*_[^"]*[^=]*="([^.]*[^\/]*)]]></expres>
<page>[makelist.param2]</page>
</regex>
<regex>
<name>get-id</name>
<expres><![CDATA["entry-video">[^_]*_([^"]*)]]></expres>
<page>[makelist.param2]</page>
</regex>
<regex>
<name>get-key</name>
<expres><![CDATA[_key=([^&]*)]]></expres>
<page>[makelist.param2]</page>
</regex>
</item>

<item>
<title>Hold the Line</title>
<fanart>https://github.com/Magic-Dust/MagicDust/raw/master/fanart.jpg</fanart>
<thumbnail>https://tf-a1.azureedge.net/uploads/2021/03/INDIVIDUAL_HOST_PAGE_BS-1536x864.jpg</thumbnail>
<link>$doregex[makelist]</link>
<regex>
<name>makelist</name>
<listrepeat><![CDATA[
    <title>[COLOR gold][makelist.param3] [/COLOR]</title>
    <link>$doregex[get-url]/manifest/$doregex[get-id].m3u8?&amp;api_key=$doregex[get-key]</link>
    <fanart>[makelist.param1]</fanart>
    <thumbnail>[makelist.param1]</thumbnail>
    <description>[makelist.param3]</description>
]]></listrepeat>
<expres><![CDATA[<img width="830" height="467" src="([^"]*)[^!]*[^f]*f="([^"]*)[^>]*>([^<]*)]]></expres>
<page>https://www.thefirsttv.com/show/hold-the-line/</page>
</regex>
<regex>
<name>get-url</name>
<expres><![CDATA["entry-video">[^_]*_[^"]*[^=]*="([^.]*[^\/]*)]]></expres>
<page>[makelist.param2]</page>
</regex>
<regex>
<name>get-id</name>
<expres><![CDATA["entry-video">[^_]*_([^"]*)]]></expres>
<page>[makelist.param2]</page>
</regex>
<regex>
<name>get-key</name>
<expres><![CDATA[_key=([^&]*)]]></expres>
<page>[makelist.param2]</page>
</regex>
</item>

<item>
<title>I'm Right</title>
<fanart>https://github.com/Magic-Dust/MagicDust/raw/master/fanart.jpg</fanart>
<thumbnail>https://tf-a1.azureedge.net/uploads/2021/03/INDIVIDUAL_HOST_PAGE_JK-1536x864.jpg</thumbnail>
<link>$doregex[makelist]</link>
<regex>
<name>makelist</name>
<listrepeat><![CDATA[
    <title>[COLOR gold][makelist.param3] [/COLOR]</title>
    <link>$doregex[get-url]/manifest/$doregex[get-id].m3u8?&amp;api_key=$doregex[get-key]</link>
    <fanart>[makelist.param1]</fanart>
    <thumbnail>[makelist.param1]</thumbnail>
    <description>[makelist.param3]</description>
]]></listrepeat>
<expres><![CDATA[<img width="830" height="467" src="([^"]*)[^!]*[^f]*f="([^"]*)[^>]*>([^<]*)]]></expres>
<page>https://www.thefirsttv.com/show/jesse-kelly/</page>
</regex>
<regex>
<name>get-url</name>
<expres><![CDATA["entry-video">[^_]*_[^"]*[^=]*="([^.]*[^\/]*)]]></expres>
<page>[makelist.param2]</page>
</regex>
<regex>
<name>get-id</name>
<expres><![CDATA["entry-video">[^_]*_([^"]*)]]></expres>
<page>[makelist.param2]</page>
</regex>
<regex>
<name>get-key</name>
<expres><![CDATA[_key=([^&]*)]]></expres>
<page>[makelist.param2]</page>
</regex>
</item>

<item>
<title>True Story</title>
<fanart>https://github.com/Magic-Dust/MagicDust/raw/master/fanart.jpg</fanart>
<thumbnail>https://tf-a1.azureedge.net/uploads/2021/03/INDIVIDUAL_HOST_PAGE_MS-1536x864.jpg</thumbnail>
<link>$doregex[makelist]</link>
<regex>
<name>makelist</name>
<listrepeat><![CDATA[
    <title>[COLOR gold][makelist.param3] [/COLOR]</title>
    <link>$doregex[get-url]/manifest/$doregex[get-id].m3u8?&amp;api_key=$doregex[get-key]</link>
    <fanart>[makelist.param1]</fanart>
    <thumbnail>[makelist.param1]</thumbnail>
    <description>[makelist.param3]</description>
]]></listrepeat>
<expres><![CDATA[<img width="830" height="467" src="([^"]*)[^!]*[^f]*f="([^"]*)[^>]*>([^<]*)]]></expres>
<page>https://www.thefirsttv.com/show/mike-slater/</page>
</regex>
<regex>
<name>get-url</name>
<expres><![CDATA["entry-video">[^_]*_[^"]*[^=]*="([^.]*[^\/]*)]]></expres>
<page>[makelist.param2]</page>
</regex>
<regex>
<name>get-id</name>
<expres><![CDATA["entry-video">[^_]*_([^"]*)]]></expres>
<page>[makelist.param2]</page>
</regex>
<regex>
<name>get-key</name>
<expres><![CDATA[_key=([^&]*)]]></expres>
<page>[makelist.param2]</page>
</regex>
</item>

</items>