<?xml version="1.0" encoding="UTF-8"?>
<items>

<item>
<title>BROWSE[COLOR gold] Trending[/COLOR](NOT WORKING)</title>
<thumbnail>https://logodownload.org/wp-content/uploads/2019/08/tiktok-logo-0-1.png</thumbnail>
<fanart></fanart>
<link>$doregex[makelist]</link>
<regex>
<name>makelist</name>
<listrepeat><![CDATA[
  <title>[COLOR gold][makelist.param1][/COLOR] [makelist.param4]</title>
  <link>[makelist.param3]|User-Agent=Mozilla/5.0&amp;Referer=https://www.tiktok.com/</link>
  <thumbnail>[makelist.param5]|User-Agent=Mozilla/5.0&amp;Referer=https://www.tiktok.com/</thumbnail>
  <fanart>[makelist.param2]|User-Agent=Mozilla/5.0&amp;Referer=https://www.tiktok.com/</fanart>
]]></listrepeat>
  <expres><![CDATA[{"id":"[^"]+","desc":"([^#"]*).*?"video":{"id":".*?"cover":"([^"]*).*?"playAddr":"([^"]*).*?"uniqueId":"([^"]*).*?Thumb":"([^"]*)]]></expres>
  <page>https://www.tiktok.com/discover/Trending</page>
  <referer>https://www.tiktok.com/</referer>
  <agent>Mozilla/5.0 (iPad; CPU OS 11_0 like Mac OS X) AppleWebKit/604.1.34 (KHTML, like Gecko) Version/11.0 Mobile/15A5341f Safari/604.1 Edg/96.0.4664.110</agent>
  <accept>*/*</accept>
  <ignorecache>true</ignorecache>
  <cookieJar></cookieJar>
</regex>
</item>
 
<item>
<title>DESCRIPTION[COLOR gold] Search[/COLOR](NOT WORKING)</title>
<thumbnail>https://logodownload.org/wp-content/uploads/2019/08/tiktok-logo-0-1.png</thumbnail>
<fanart></fanart>
<link>$doregex[makelist]</link>
<regex>
<name>makelist</name>
<listrepeat><![CDATA[
  <title>[COLOR gold][makelist.param1][/COLOR] [makelist.param4]</title>
  <link>[makelist.param3]|User-Agent=Mozilla/5.0&amp;Referer=https://www.tiktok.com/</link>
  <thumbnail>[makelist.param5]|User-Agent=Mozilla/5.0&amp;Referer=https://www.tiktok.com/</thumbnail>
  <fanart>[makelist.param2]|User-Agent=Mozilla/5.0&amp;Referer=https://www.tiktok.com/</fanart>
]]></listrepeat>
  <expres><![CDATA[{"id":"[^"]+","desc":"([^#"]*).*?"video":{"id":".*?"cover":"([^"]*).*?"playAddr":"([^"]*).*?"uniqueId":"([^"]*).*?Thumb":"([^"]*)]]></expres>
  <page>https://www.tiktok.com/discover/$doregex[Search]?lang=en</page>
  <referer>https://www.tiktok.com/</referer>
  <agent>Mozilla/5.0 (iPad; CPU OS 11_0 like Mac OS X) AppleWebKit/604.1.34 (KHTML, like Gecko) Version/11.0 Mobile/15A5341f Safari/604.1 Edg/96.0.4664.110</agent>
  <accept>*/*</accept>
  <cookieJar></cookieJar>
</regex>
<regex>
<name>Search</name>
<expres><![CDATA[#$pyFunction
def GetLSProData(page_data,Cookie_Jar,m):
  import xbmcgui
  dialog = xbmcgui.Dialog()
  d = dialog.input('Search for:', type=xbmcgui.INPUT_ALPHANUM).replace(' ','-')
  return d
]]></expres>
<page></page>
</regex>
</item>

<item>
<title>TAG[COLOR gold] Search[/COLOR]</title>
<thumbnail>https://logodownload.org/wp-content/uploads/2019/08/tiktok-logo-0-1.png</thumbnail>
<fanart></fanart>
<link>$doregex[makelist]</link>
<regex>
<name>makelist</name>
<listrepeat><![CDATA[
  <title>[COLOR gold][makelist.param1][/COLOR] [makelist.param4]</title>
  <link>[makelist.param3]</link>
  <thumbnail>[makelist.param5]|User-Agent=Mozilla/5.0&amp;Referer=https://www.tiktok.com/</thumbnail>
  <fanart>[makelist.param2]|User-Agent=Mozilla/5.0&amp;Referer=https://www.tiktok.com/</fanart>
]]></listrepeat>
  <expres><![CDATA[{"id":"[^"]+","desc":"([^#"]*).*?"video":{"id":".*?"cover":"([^"]*).*?"playAddr":"([^"]*).*?"uniqueId":"([^"]*).*?Thumb":"([^"]*)]]></expres>
  <page>https://www.tiktok.com/tag/$doregex[Search]/?lang=en</page>
  <referer>https://www.tiktok.com/</referer>
  <agent>Mozilla/5.0 (Linux; Android 6.0; Nexus 5 Build/MRA58N) AppleWebKit/537.36 (KHTML, like Gecko) Chrome/88.0.4324.96 Mobile Safari/537.36 Edg/88.0.705.50</agent>
</regex>
<regex>
<name>Search</name>
<expres><![CDATA[#$pyFunction
def GetLSProData(page_data,Cookie_Jar,m):
  import xbmcgui
  dialog = xbmcgui.Dialog()
  d = dialog.input('Search for:', type=xbmcgui.INPUT_ALPHANUM).replace(' ','')
  return d
]]></expres>
<page></page>
</regex>
</item>

<item>
<title>USER[COLOR gold] Search[/COLOR]</title>
<thumbnail>https://logodownload.org/wp-content/uploads/2019/08/tiktok-logo-0-1.png</thumbnail>
<fanart></fanart>
<link>$doregex[makelist]</link>
<regex>
<name>makelist</name>
<listrepeat><![CDATA[
  <title>[COLOR gold][makelist.param1][/COLOR] [makelist.param4]</title>
  <link>[makelist.param3]</link>
  <thumbnail>[makelist.param5]|User-Agent=Mozilla/5.0&amp;Referer=https://www.tiktok.com/</thumbnail>
  <fanart>[makelist.param2]|User-Agent=Mozilla/5.0&amp;Referer=https://www.tiktok.com/</fanart>
]]></listrepeat>
  <expres><![CDATA[{"id":"[^"]+","desc":"([^#"]*).*?"video":{"id":".*?"cover":"([^"]*).*?"playAddr":"([^"]*).*?"uniqueId":"([^"]*).*?Thumb":"([^"]*)]]></expres>
  <page>https://www.tiktok.com/@$doregex[Search]/?</page>
  <referer>https://www.tiktok.com/</referer>
  <agent>Mozilla/5.0 (Linux; Android 6.0; Nexus 5 Build/MRA58N) AppleWebKit/537.36 (KHTML, like Gecko) Chrome/88.0.4324.96 Mobile Safari/537.36 Edg/88.0.705.50</agent>
</regex>
<regex>
<name>Search</name>
<expres><![CDATA[#$pyFunction
def GetLSProData(page_data,Cookie_Jar,m):
  import xbmcgui
  dialog = xbmcgui.Dialog()
  d = dialog.input('Search for:', type=xbmcgui.INPUT_ALPHANUM).replace(' ','')
  return d
]]></expres>
<page></page>
</regex>
</item>

</items>