<?xml version="1.0" encoding="UTF-8"?>
<items>

<item>
<title>Latest Clips</title>
<fanart>https://github.com/Magic-Dust/MagicDust/raw/master/fanart.jpg</fanart>
<thumbnail>https://upload.wikimedia.org/wikipedia/commons/thumb/1/1b/ESPNews.svg/250px-ESPNews.svg.png</thumbnail>
<link>$doregex[makelist]</link>
<regex>
<name>makelist</name>
<listrepeat><![CDATA[
<title>[COLOR gold][makelist.param1][/COLOR]</title>
<link>$doregex[get-link]</link>
<thumbnail>$doregex[get-icon]</thumbnail>
<info></info>
]]></listrepeat>
<expres><![CDATA["headline" :"([^"]*).*?thumbnail" :"([^"]*).*?HLS" :{"href" :"([^"]*)]]></expres>
<page>http://api-app.espn.com/v1/video/channels/top?limit=30</page>
<agent>Mozilla/5.0 (Windows NT 10.0) AppleWebKit/537.36 (KHTML, like Gecko) Chrome/91.0.4472.77 Safari/537.36 Edg/91.0.864.41</agent>
</regex>
<regex>
<name>get-link</name>
<expres>$pyFunction:'[makelist.param3]'.replace('\\/','/')</expres>
<page></page>
</regex>
<regex>
<name>get-icon</name>
<expres>$pyFunction:'[makelist.param2]'.replace('\\/','/')</expres>
<page></page>
</regex>
</item>

<item>
<title>Top Events Schedule</title>
<thumbnail>https://upload.wikimedia.org/wikipedia/commons/thumb/1/1b/ESPNews.svg/250px-ESPNews.svg.png</thumbnail>
<link>$doregex[makelist]</link>
<regex>
<name>makelist</name>
<listrepeat><![CDATA[
<title>[COLOR gold][makelist.param6][/COLOR][COLOR green] [makelist.param5][/COLOR] - $doregex[getEST][makelist.param4]</title>
<link>pvr://channels/tv/All%20channels/pvr.iptvsimple_2127317548.pvr</link>
<thumbnail>[makelist.param7]</thumbnail>
<info>[makelist.param1]</info>
]]></listrepeat>
<expres><![CDATA[eventData":{"date":"([^T]*)T(\d)(\d)(:[^:]+)[^"]*","broadcast":"([^"]*).+?"headline":"([^"]*)".*?logoDark":"([^"]*)]]></expres>
<page>https://www.espn.com/?xhr=1</page>
<agent>Mozilla/5.0 (Windows NT 10.0) AppleWebKit/537.36 (KHTML, like Gecko) Chrome/91.0.4472.77 Safari/537.36 Edg/91.0.864.41</agent>
</regex>
<regex>
<name>getEST</name>
<expres><![CDATA[#$pyFunction
def GetLSProData(page_data,Cookie_Jar,m):
    h1 = str([makelist.param2])
    h2 = str([makelist.param3])
    if h1 == "0":
      x = h2
    else:
      x = h1 + h2
    x = int(x)
    x = x + 7
    y = 12
    if x > 24 :
      x = x - y - y
    elif x > 12 :
      x = x - y
    return x
]]></expres>
<page></page>
</regex>
</item>

</items>