<?xml version="1.0" encoding="UTF-8"?>
<items>

<item>
<title>[B][COLOR cyan]Today Games[/COLOR]-Examiner[/B]</title>
<thumbnail></thumbnail>
<fanart>https://github.com/Magic-Dust/MagicDust/raw/master/fanart.jpg</fanart>
<link>$doregex[makelist]</link>
<regex>
<name>makelist</name>
<listrepeat><![CDATA[
<title>[COLOR cyan][B][makelist.param2][/B]- [makelist.param3] -[/COLOR] [COLOR green] [makelist.param4][/COLOR]</title>
<link>https://content.uplynk.com/channel/bba3e7da884a49bba96341ecf5128f0f.m3u8</link>
<thumbnail>$doregex[getIcon]</thumbnail>
]]></listrepeat>
<expres><![CDATA[gnt_ar_b_p>. ([^:]+).[^\b]([^,]*),[^\b]([^,]*),[^\b]([^ ]*)]]></expres>
<page>https://www.examiner.net/story/sports/schedules/2021/10/06/whats-today-sports-tv-radio-listings/6020596001/</page>
<agent>iPad</agent>
<cookieJar></cookieJar>
</regex>
<regex>
<name>getIcon</name>
<expres><![CDATA[#$pyFunction
def GetLSProData(page_data,Cookie_Jar,m):
    sport = str([makelist.param1])
    if 'Golf' in sport:
      icon = "https://newsouest.fr/sites/default/files/balle_golf.png"
    elif 'Football' in sport:
      icon = "https://findicons.com/files/icons/66/ethereal/128/football.png"
    elif 'Baseball' in sport:
      icon = "https://findicons.com/files/icons/547/sport/128/baseball_ball.png"
    elif 'Basketball' in sport:
      icon = "https://emojis.wiki/emoji-pics/whatsapp/basketball-whatsapp.png"
    elif 'Hockey' in sport:
      icon = "https://aux.iconspalace.com/uploads/2106482621.png"
    elif 'Soccer' in sport:
      icon = "https://cdn.pixabay.com/photo/2013/07/13/10/51/football-157931__180.png"
    else:
      icon = "https://www.waukeganparks.org/wp-content/uploads/2015/07/icon-sports.png"
    return icon
]]></expres>
<page></page>
</regex>
</item>

<item>
<title>[B][COLOR cyan]Today Games[/COLOR]-channelguidemag[/B]</title>
<thumbnail></thumbnail>
<fanart>https://github.com/Magic-Dust/MagicDust/raw/master/fanart.jpg</fanart>
<link>$doregex[makelist]</link>
<regex>
<name>makelist</name>
<listrepeat><![CDATA[
<title>[COLOR cyan][B][makelist.param3]- [makelist.param4][/B]- [makelist.param1] -[/COLOR] [COLOR green] [makelist.param2][/COLOR]</title>
<link>https://content.uplynk.com/channel/bba3e7da884a49bba96341ecf5128f0f.m3u8</link>
<thumbnail></thumbnail>
]]></listrepeat>
<expres><![CDATA[md-1">(\d.*?m)<[^-]*[^>]*>([^<]*)[^-]*[^>]*>([^<]*)[^-]*[^>]*>([^<]*)[^-]*[^>]*>([^<]*)]]></expres>
<page>https://www.channelguidemag.com/sports-on-tv/</page>
<agent>iPad</agent>
</regex>
</item>

<item>
<title>[B][COLOR cyan]Today Games[/COLOR]-sportsgamestoday[/B]</title>
<thumbnail></thumbnail>
<fanart>https://github.com/Magic-Dust/MagicDust/raw/master/fanart.jpg</fanart>
<link>$doregex[makelist]</link>
<regex>
<name>makelist</name>
<listrepeat><![CDATA[
<title>[COLOR cyan][B][makelist.param1][/B]- [makelist.param2] -[/COLOR] [COLOR green] [makelist.param3][/COLOR]</title>
<link>https://content.uplynk.com/channel/bba3e7da884a49bba96341ecf5128f0f.m3u8</link>
<thumbnail></thumbnail>
]]></listrepeat>
<expres><![CDATA[<td class="gamematchup">([^<]*)[^"]*[^>]*>([^<]*)[^"]*[^>]*>([^<]*)]]></expres>
<page>https://sportsgamestoday.com/</page>
<agent>iPad</agent>
</regex>
</item>

</items>