<?xml version="1.0" encoding="UTF-8"?>
<items>

<item>
<title>NYRA</title>
<thumbnail>http://integratedstaffingcorp.com/wp-content/uploads/2018/01/NYRA-238x300.png</thumbnail>
<fanart></fanart>
<urlsolve>https://www.youtube.com//watch?v=$doregex[getUrl]</urlsolve>
<regex>
<name>getUrl</name>
<expres>$pyFunction: '$doregex[featured]' if not '$doregex[featured]'=='' else '$doregex[video]' if not '$doregex[video]'=='' else '$doregex[lastlive]' if not '$doregex[lastlive]'=='' else '$doregex[lastvideo]'</expres>
<page></page>
</regex>
<regex>
<name>featured</name>
<expres><![CDATA[channelFeaturedContentRenderer":.*?videoId":"([^"]*)]]></expres>
<page>https://www.youtube.com/c/thenyra/featured</page>
</regex>
<regex>
<name>video</name>
<expres><![CDATA[channelVideoPlayerRenderer":.*?videoId":"([^"]*)]]></expres>
<page>https://www.youtube.com/c/thenyra/featured</page>
</regex>
<regex>
<name>lastlive</name>
<expres><![CDATA["\/watch\?v=([^"]+)]]></expres>
<page>https://www.youtube.com/c/thenyra/streams</page>
</regex>
<regex>
<name>lastvideo</name>
<expres><![CDATA["\/watch\?v=([^"]+)]]></expres>
<page>https://www.youtube.com/c/thenyra/videos</page>
</regex>
</item>

<item>
<title>NYRA NEW</title>
<thumbnail>http://integratedstaffingcorp.com/wp-content/uploads/2018/01/NYRA-238x300.png</thumbnail>
<fanart></fanart>
<urlsolve>https://www.youtube.com//watch?v=$doregex[getUrl]</urlsolve>
<regex>
<name>getUrl</name>
<expres>$pyFunction: '$doregex[featured]'</expres>
<page></page>
</regex>
<regex>
<name>featured</name>
<expres><![CDATA[channelFeaturedContentRenderer":.*?videoId":"([^"]*)]]></expres>
<page>https://www.youtube.com/c/thenyra/featured</page>
</regex>
</item>

<item>
<title>OTB</title>
<thumbnail>https://yt3.googleusercontent.com/ytc/AGIKgqPdJwg0HQlZCjI3Oy_ASYPKTsK8WwrqUa8serR94w=s176-c-k-c0x00ffffff-no-rj</thumbnail>
<fanart></fanart>
<urlsolve>https://www.youtube.com//watch?v=$doregex[getUrl]</urlsolve>
<regex>
<name>getUrl</name>
<expres>$pyFunction: '$doregex[featured]' if not '$doregex[featured]'=='' else '$doregex[video]' if not '$doregex[video]'=='' else '$doregex[lastlive]' if not '$doregex[lastlive]'=='' else '$doregex[lastvideo]'</expres>
<page></page>
</regex>
<regex>
<name>featured</name>
<expres><![CDATA[channelFeaturedContentRenderer":.*?videoId":"([^"]*)]]></expres>
<page>https://www.youtube.com/@CapitalOTBny/featured</page>
</regex>
<regex>
<name>video</name>
<expres><![CDATA[channelVideoPlayerRenderer":.*?videoId":"([^"]*)]]></expres>
<page>https://www.youtube.com/@CapitalOTBny/featured</page>
</regex>
<regex>
<name>lastlive</name>
<expres><![CDATA["\/watch\?v=([^"]+)]]></expres>
<page>https://www.youtube.com/@CapitalOTBny/streams</page>
</regex>
<regex>
<name>lastvideo</name>
<expres><![CDATA["\/watch\?v=([^"]+)]]></expres>
<page>https://www.youtube.com/@CapitalOTBny/videos</page>
</regex>
</item>

<item>
<title>OTB New</title>
<thumbnail>https://yt3.googleusercontent.com/ytc/AGIKgqPdJwg0HQlZCjI3Oy_ASYPKTsK8WwrqUa8serR94w=s176-c-k-c0x00ffffff-no-rj</thumbnail>
<fanart></fanart>
<urlsolve>https://www.youtube.com//watch?v=$doregex[getUrl]</urlsolve>
<regex>
<name>getUrl</name>
<expres>$pyFunction: '$doregex[featured]'</expres>
<page></page>
</regex>
<regex>
<name>featured</name>
<expres><![CDATA[channelFeaturedContentRenderer":.*?videoId":"([^"]*)]]></expres>
<page>https://www.youtube.com/@CapitalOTBny/featured</page>
</regex>
</item>

<item>
<title>Canterbury Park - Minnesota</title>
<thumbnail>https://yt3.ggpht.com/ytc/AKedOLQozN6KnjaKLeGXbIVSbAwLB_EeJ2qHJRicJqiF=s88-c-k-c0x00ffffff-no-rj</thumbnail>
<fanart></fanart>
<urlsolve>https://www.youtube.com//watch?v=$doregex[getUrl]</urlsolve>
<regex>
<name>getUrl</name>
<expres>$pyFunction: '$doregex[featured]' if not '$doregex[featured]'=='' else '$doregex[video]' if not '$doregex[video]'=='' else '$doregex[lastlive]' if not '$doregex[lastlive]'=='' else '$doregex[lastvideo]'</expres>
<page></page>
</regex>
<regex>
<name>featured</name>
<expres><![CDATA[channelFeaturedContentRenderer":.*?videoId":"([^"]*)]]></expres>
<page>https://www.youtube.com/@canterburypark/featured</page>
</regex>
<regex>
<name>video</name>
<expres><![CDATA[channelVideoPlayerRenderer":.*?videoId":"([^"]*)]]></expres>
<page>https://www.youtube.com/@canterburypark/featured</page>
</regex>
<regex>
<name>lastlive</name>
<expres><![CDATA["\/watch\?v=([^"]+)]]></expres>
<page>https://www.youtube.com/@canterburypark/streams</page>
</regex>
<regex>
<name>lastvideo</name>
<expres><![CDATA["\/watch\?v=([^"]+)]]></expres>
<page>https://www.youtube.com/@canterburypark/videos</page>
</regex>
</item>

<item>
<title>Canterbury Park - Minnesota NEW</title>
<thumbnail>https://yt3.ggpht.com/ytc/AKedOLQozN6KnjaKLeGXbIVSbAwLB_EeJ2qHJRicJqiF=s88-c-k-c0x00ffffff-no-rj</thumbnail>
<fanart></fanart>
<urlsolve>https://www.youtube.com//watch?v=$doregex[getUrl]</urlsolve>
<regex>
<name>getUrl</name>
<expres>$pyFunction: '$doregex[featured]'</expres>
<page></page>
</regex>
<regex>
<name>featured</name>
<expres><![CDATA[channelFeaturedContentRenderer":.*?videoId":"([^"]*)]]></expres>
<page>https://www.youtube.com/@canterburypark/featured</page>
</regex>
</item>

<item>
<title>Dresden Raceway - Ontario</title>
<thumbnail>https://yt3.ggpht.com/ytc/AAUvwniYxtKRALd1hgi328zS7dTK46ZcvHzZsXv4U4sN=s88-c-k-c0x00ffffff-no-rj</thumbnail>
<fanart></fanart>
<urlsolve>https://www.youtube.com//watch?v=$doregex[getUrl]</urlsolve>
<regex>
<name>getUrl</name>
<expres>$pyFunction: '$doregex[featured]' if not '$doregex[featured]'=='' else '$doregex[video]' if not '$doregex[video]'=='' else '$doregex[lastlive]' if not '$doregex[lastlive]'=='' else '$doregex[lastvideo]'</expres>
<page></page>
</regex>
<regex>
<name>featured</name>
<expres><![CDATA[channelFeaturedContentRenderer":.*?videoId":"([^"]*)]]></expres>
<page>https://www.youtube.com/channel/UCTQVDQzwt3jn1XHkOcKRqFA/featured</page>
</regex>
<regex>
<name>video</name>
<expres><![CDATA[channelVideoPlayerRenderer":.*?videoId":"([^"]*)]]></expres>
<page>https://www.youtube.com/channel/UCTQVDQzwt3jn1XHkOcKRqFA/featured</page>
</regex>
<regex>
<name>lastlive</name>
<expres><![CDATA["\/watch\?v=([^"]+)]]></expres>
<page>https://www.youtube.com/channel/UCTQVDQzwt3jn1XHkOcKRqFA/streams</page>
</regex>
<regex>
<name>lastvideo</name>
<expres><![CDATA["\/watch\?v=([^"]+)]]></expres>
<page>https://www.youtube.com/channel/UCTQVDQzwt3jn1XHkOcKRqFA/videos</page>
</regex>
</item>

<item>
<title>Dresden Raceway - Ontario NEW</title>
<thumbnail>https://yt3.ggpht.com/ytc/AAUvwniYxtKRALd1hgi328zS7dTK46ZcvHzZsXv4U4sN=s88-c-k-c0x00ffffff-no-rj</thumbnail>
<fanart></fanart>
<urlsolve>https://www.youtube.com//watch?v=$doregex[getUrl]</urlsolve>
<regex>
<name>getUrl</name>
<expres>$pyFunction: '$doregex[featured]'</expres>
<page></page>
</regex>
<regex>
<name>featured</name>
<expres><![CDATA[channelFeaturedContentRenderer":.*?videoId":"([^"]*)]]></expres>
<page>https://www.youtube.com/channel/UCTQVDQzwt3jn1XHkOcKRqFA/featured</page>
</regex>
</item>

<item>
<title>Finger Lakes - NY</title>
<thumbnail>https://yt3.ggpht.com/ytc/AKedOLSNVuYc6lP2j9sirY-0Zlv1VLonf95kSaE1dIoO=s88-c-k-c0x00ffffff-no-rj</thumbnail>
<fanart></fanart>
<urlsolve>https://www.youtube.com//watch?v=$doregex[getUrl]</urlsolve>
<regex>
<name>getUrl</name>
<expres>$pyFunction: '$doregex[featured]' if not '$doregex[featured]'=='' else '$doregex[video]' if not '$doregex[video]'=='' else '$doregex[lastlive]' if not '$doregex[lastlive]'=='' else '$doregex[lastvideo]'</expres>
<page></page>
</regex>
<regex>
<name>featured</name>
<expres><![CDATA[channelFeaturedContentRenderer":.*?videoId":"([^"]*)]]></expres>
<page>https://www.youtube.com/c/FingerLakesRacetrack/featured</page>
</regex>
<regex>
<name>video</name>
<expres><![CDATA[channelVideoPlayerRenderer":.*?videoId":"([^"]*)]]></expres>
<page>https://www.youtube.com/c/FingerLakesRacetrack/featured</page>
</regex>
<regex>
<name>lastlive</name>
<expres><![CDATA["\/watch\?v=([^"]+)]]></expres>
<page>https://www.youtube.com/c/FingerLakesRacetrack/streams</page>
</regex>
<regex>
<name>lastvideo</name>
<expres><![CDATA["\/watch\?v=([^"]+)]]></expres>
<page>https://www.youtube.com/c/FingerLakesRacetrack/videos</page>
</regex>
</item>

<item>
<title>Finger Lakes - NY NEW</title>
<thumbnail>https://yt3.ggpht.com/ytc/AKedOLSNVuYc6lP2j9sirY-0Zlv1VLonf95kSaE1dIoO=s88-c-k-c0x00ffffff-no-rj</thumbnail>
<fanart></fanart>
<urlsolve>https://www.youtube.com//watch?v=$doregex[getUrl]</urlsolve>
<regex>
<name>getUrl</name>
<expres>$pyFunction: '$doregex[featured]'</expres>
<page></page>
</regex>
<regex>
<name>featured</name>
<expres><![CDATA[channelFeaturedContentRenderer":.*?videoId":"([^"]*)]]></expres>
<page>https://www.youtube.com/c/FingerLakesRacetrack/featured</page>
</regex>
</item>

<item>
<title>Global Live - Various</title>
<thumbnail>https://yt3.ggpht.com/ytc/AKedOLT0rsQaaOoS5cMdU6eXzeQzzinpq6pwAmfrSGx6nA=s88-c-k-c0x00ffffff-no-rj</thumbnail>
<fanart></fanart>
<urlsolve>https://www.youtube.com//watch?v=$doregex[getUrl]</urlsolve>
<regex>
<name>getUrl</name>
<expres>$pyFunction: '$doregex[featured]' if not '$doregex[featured]'=='' else '$doregex[video]' if not '$doregex[video]'=='' else '$doregex[lastlive]' if not '$doregex[lastlive]'=='' else '$doregex[lastvideo]'</expres>
<page></page>
</regex>
<regex>
<name>featured</name>
<expres><![CDATA[channelFeaturedContentRenderer":.*?videoId":"([^"]*)]]></expres>
<page>https://www.youtube.com/@HorseRacingGlobal/featured</page>
</regex>
<regex>
<name>video</name>
<expres><![CDATA[channelVideoPlayerRenderer":.*?videoId":"([^"]*)]]></expres>
<page>https://www.youtube.com/@HorseRacingGlobal/featured</page>
</regex>
<regex>
<name>lastlive</name>
<expres><![CDATA["\/watch\?v=([^"]+)]]></expres>
<page>https://www.youtube.com/@HorseRacingGlobal/streams</page>
</regex>
<regex>
<name>lastvideo</name>
<expres><![CDATA["\/watch\?v=([^"]+)]]></expres>
<page>https://www.youtube.com/@HorseRacingGlobal/videos</page>
</regex>
</item>

<item>
<title>Global Live - Various NEW</title>
<thumbnail>https://yt3.ggpht.com/ytc/AKedOLT0rsQaaOoS5cMdU6eXzeQzzinpq6pwAmfrSGx6nA=s88-c-k-c0x00ffffff-no-rj</thumbnail>
<fanart></fanart>
<urlsolve>https://www.youtube.com//watch?v=$doregex[getUrl]</urlsolve>
<regex>
<name>getUrl</name>
<expres>$pyFunction: '$doregex[featured]'</expres>
<page></page>
</regex>
<regex>
<name>featured</name>
<expres><![CDATA[channelFeaturedContentRenderer":.*?videoId":"([^"]*)]]></expres>
<page>https://www.youtube.com/@HorseRacingGlobal/featured</page>
</regex>
</item>

<item>
<title>Hipica TV - Various</title>
<thumbnail>https://yt3.ggpht.com/PJeYBNpy8c6kvW_f_qU_oobUbKcfFIEOd8kYeKl0Cb4-QWLLvPs2y1V7sCFBmI3DXIvm58X0=s88-c-k-c0x00ffffff-no-rj</thumbnail>
<fanart></fanart>
<urlsolve>https://www.youtube.com//watch?v=$doregex[getUrl]</urlsolve>
<regex>
<name>getUrl</name>
<expres>$pyFunction: '$doregex[featured]' if not '$doregex[featured]'=='' else '$doregex[video]' if not '$doregex[video]'=='' else '$doregex[lastlive]' if not '$doregex[lastlive]'=='' else '$doregex[lastvideo]'</expres>
<page></page>
</regex>
<regex>
<name>featured</name>
<expres><![CDATA[channelFeaturedContentRenderer":.*?videoId":"([^"]*)]]></expres>
<page>https://www.youtube.com/c/HipicaTV/featured</page>
</regex>
<regex>
<name>video</name>
<expres><![CDATA[channelVideoPlayerRenderer":.*?videoId":"([^"]*)]]></expres>
<page>https://www.youtube.com/c/HipicaTV/featured</page>
</regex>
<regex>
<name>lastlive</name>
<expres><![CDATA["\/watch\?v=([^"]+)]]></expres>
<page>https://www.youtube.com/c/HipicaTV/streams</page>
</regex>
<regex>
<name>lastvideo</name>
<expres><![CDATA["\/watch\?v=([^"]+)]]></expres>
<page>https://www.youtube.com/c/HipicaTV/videos</page>
</regex>
</item>

<item>
<title>Hipica TV - Various NEW</title>
<thumbnail>https://yt3.ggpht.com/PJeYBNpy8c6kvW_f_qU_oobUbKcfFIEOd8kYeKl0Cb4-QWLLvPs2y1V7sCFBmI3DXIvm58X0=s88-c-k-c0x00ffffff-no-rj</thumbnail>
<fanart></fanart>
<urlsolve>https://www.youtube.com//watch?v=$doregex[getUrl]</urlsolve>
<regex>
<name>getUrl</name>
<expres>$pyFunction: '$doregex[featured]'</expres>
<page></page>
</regex>
<regex>
<name>featured</name>
<expres><![CDATA[channelFeaturedContentRenderer":.*?videoId":"([^"]*)]]></expres>
<page>https://www.youtube.com/c/HipicaTV/featured</page>
</regex>
</item>

<item>
<title>Hipa dromo de Palermo - Puerto Rico</title>
<thumbnail>https://yt3.ggpht.com/ytc/AKedOLQQHl3MhkseW0wcFfwhTFRRP1bLeZ1K7BjgTBIZQQ=s88-c-k-c0x00ffffff-no-rj</thumbnail>
<fanart></fanart>
<urlsolve>https://www.youtube.com//watch?v=$doregex[getUrl]</urlsolve>
<regex>
<name>getUrl</name>
<expres>$pyFunction: '$doregex[featured]' if not '$doregex[featured]'=='' else '$doregex[video]' if not '$doregex[video]'=='' else '$doregex[lastlive]' if not '$doregex[lastlive]'=='' else '$doregex[lastvideo]'</expres>
<page></page>
</regex>
<regex>
<name>featured</name>
<expres><![CDATA[channelFeaturedContentRenderer":.*?videoId":"([^"]*)]]></expres>
<page>https://www.youtube.com/@HipodromoCamareroPR/featured</page>
</regex>
<regex>
<name>video</name>
<expres><![CDATA[channelVideoPlayerRenderer":.*?videoId":"([^"]*)]]></expres>
<page>https://www.youtube.com/@HipodromoCamareroPR/featured</page>
</regex>
<regex>
<name>lastlive</name>
<expres><![CDATA["\/watch\?v=([^"]+)]]></expres>
<page>https://www.youtube.com/@HipodromoCamareroPR/streams</page>
</regex>
<regex>
<name>lastvideo</name>
<expres><![CDATA["\/watch\?v=([^"]+)]]></expres>
<page>https://www.youtube.com/@HipodromoCamareroPR/videos</page>
</regex>
</item>

<item>
<title>Hipa dromo de Palermo - Puerto Rico NEW</title>
<thumbnail>https://yt3.ggpht.com/ytc/AKedOLQQHl3MhkseW0wcFfwhTFRRP1bLeZ1K7BjgTBIZQQ=s88-c-k-c0x00ffffff-no-rj</thumbnail>
<fanart></fanart>
<urlsolve>https://www.youtube.com//watch?v=$doregex[getUrl]</urlsolve>
<regex>
<name>getUrl</name>
<expres>$pyFunction: '$doregex[featured]'</expres>
<page></page>
</regex>
<regex>
<name>featured</name>
<expres><![CDATA[channelFeaturedContentRenderer":.*?videoId":"([^"]*)]]></expres>
<page>https://www.youtube.com/@HipodromoCamareroPR/featured</page>
</regex>
</item>

<item>
<title>JACK Thistledown - Ohio</title>
<thumbnail>https://yt3.ggpht.com/ytc/AKedOLS_UhFbWJ2iOtzUEYtuDWh0sTo1D_zYWwTYMcFXAA=s88-c-k-c0x00ffffff-no-rj</thumbnail>
<fanart></fanart>
<urlsolve>https://www.youtube.com//watch?v=$doregex[getUrl]</urlsolve>
<regex>
<name>getUrl</name>
<expres>$pyFunction: '$doregex[featured]' if not '$doregex[featured]'=='' else '$doregex[video]' if not '$doregex[video]'=='' else '$doregex[lastlive]' if not '$doregex[lastlive]'=='' else '$doregex[lastvideo]'</expres>
<page></page>
</regex>
<regex>
<name>featured</name>
<expres><![CDATA[channelFeaturedContentRenderer":.*?videoId":"([^"]*)]]></expres>
<page>https://www.youtube.com/user/thistledownracino/featured</page>
</regex>
<regex>
<name>video</name>
<expres><![CDATA[channelVideoPlayerRenderer":.*?videoId":"([^"]*)]]></expres>
<page>https://www.youtube.com/user/thistledownracino/featured</page>
</regex>
<regex>
<name>lastlive</name>
<expres><![CDATA["\/watch\?v=([^"]+)]]></expres>
<page>https://www.youtube.com/user/thistledownracino/streams</page>
</regex>
<regex>
<name>lastvideo</name>
<expres><![CDATA["\/watch\?v=([^"]+)]]></expres>
<page>https://www.youtube.com/user/thistledownracino/videos</page>
</regex>
</item>

<item>
<title>JACK Thistledown - Ohio NEW</title>
<thumbnail>https://yt3.ggpht.com/ytc/AKedOLS_UhFbWJ2iOtzUEYtuDWh0sTo1D_zYWwTYMcFXAA=s88-c-k-c0x00ffffff-no-rj</thumbnail>
<fanart></fanart>
<urlsolve>https://www.youtube.com//watch?v=$doregex[getUrl]</urlsolve>
<regex>
<name>getUrl</name>
<expres>$pyFunction: '$doregex[featured]'</expres>
<page></page>
</regex>
<regex>
<name>featured</name>
<expres><![CDATA[channelFeaturedContentRenderer":.*?videoId":"([^"]*)]]></expres>
<page>https://www.youtube.com/user/thistledownracino/featured</page>
</regex>
</item>

<item>
<title>Keeneland - Kentucky</title>
<thumbnail>https://yt3.ggpht.com/ytc/AKedOLShaBKIkekbITc2oGvIz_-QXr6nVy8qO0vTJB12=s88-c-k-c0x00ffffff-no-rj</thumbnail>
<fanart></fanart>
<urlsolve>https://www.youtube.com//watch?v=$doregex[getUrl]</urlsolve>
<regex>
<name>getUrl</name>
<expres>$pyFunction: '$doregex[featured]' if not '$doregex[featured]'=='' else '$doregex[video]' if not '$doregex[video]'=='' else '$doregex[lastlive]' if not '$doregex[lastlive]'=='' else '$doregex[lastvideo]'</expres>
<page></page>
</regex>
<regex>
<name>featured</name>
<expres><![CDATA[channelFeaturedContentRenderer":.*?videoId":"([^"]*)]]></expres>
<page>https://www.youtube.com/@keenelandofficial/featured</page>
</regex>
<regex>
<name>video</name>
<expres><![CDATA[channelVideoPlayerRenderer":.*?videoId":"([^"]*)]]></expres>
<page>https://www.youtube.com/@keenelandofficial/featured</page>
</regex>
<regex>
<name>lastlive</name>
<expres><![CDATA["\/watch\?v=([^"]+)]]></expres>
<page>https://www.youtube.com/@keenelandofficial/streams</page>
</regex>
<regex>
<name>lastvideo</name>
<expres><![CDATA["\/watch\?v=([^"]+)]]></expres>
<page>https://www.youtube.com/@keenelandofficial/videos</page>
</regex>
</item>

<item>
<title>Keeneland - Kentucky NEW</title>
<thumbnail>https://yt3.ggpht.com/ytc/AKedOLShaBKIkekbITc2oGvIz_-QXr6nVy8qO0vTJB12=s88-c-k-c0x00ffffff-no-rj</thumbnail>
<fanart></fanart>
<urlsolve>https://www.youtube.com//watch?v=$doregex[getUrl]</urlsolve>
<regex>
<name>getUrl</name>
<expres>$pyFunction: '$doregex[featured]'</expres>
<page></page>
</regex>
<regex>
<name>featured</name>
<expres><![CDATA[channelFeaturedContentRenderer":.*?videoId":"([^"]*)]]></expres>
<page>https://www.youtube.com/@keenelandofficial/featured</page>
</regex>
</item>

<item>
<title>Santa Anita Park - California</title>
<thumbnail>https://yt3.ggpht.com/ytc/AKedOLSGkXQ-WfGGnnq11_vvOdoNxTsxKxc6HIUXUPgXGA=s88-c-k-c0x00ffffff-no-rj</thumbnail>
<fanart></fanart>
<urlsolve>https://www.youtube.com//watch?v=$doregex[getUrl]</urlsolve>
<regex>
<name>getUrl</name>
<expres>$pyFunction: '$doregex[featured]' if not '$doregex[featured]'=='' else '$doregex[video]' if not '$doregex[video]'=='' else '$doregex[lastlive]' if not '$doregex[lastlive]'=='' else '$doregex[lastvideo]'</expres>
<page></page>
</regex>
<regex>
<name>featured</name>
<expres><![CDATA[channelFeaturedContentRenderer":.*?videoId":"([^"]*)]]></expres>
<page>https://www.youtube.com/@SantaAnitaParkLive/featured</page>
</regex>
<regex>
<name>video</name>
<expres><![CDATA[channelVideoPlayerRenderer":.*?videoId":"([^"]*)]]></expres>
<page>https://www.youtube.com/@SantaAnitaParkLive/featured</page>
</regex>
<regex>
<name>lastlive</name>
<expres><![CDATA["\/watch\?v=([^"]+)]]></expres>
<page>https://www.youtube.com/@SantaAnitaParkLive/streams</page>
</regex>
<regex>
<name>lastvideo</name>
<expres><![CDATA["\/watch\?v=([^"]+)]]></expres>
<page>https://www.youtube.com/@SantaAnitaParkLive/videos</page>
</regex>
</item>

<item>
<title>Santa Anita Park - California NEW</title>
<thumbnail>https://yt3.ggpht.com/ytc/AKedOLSGkXQ-WfGGnnq11_vvOdoNxTsxKxc6HIUXUPgXGA=s88-c-k-c0x00ffffff-no-rj</thumbnail>
<fanart></fanart>
<urlsolve>https://www.youtube.com//watch?v=$doregex[getUrl]</urlsolve>
<regex>
<name>getUrl</name>
<expres>$pyFunction: '$doregex[featured]'</expres>
<page></page>
</regex>
<regex>
<name>featured</name>
<expres><![CDATA[channelFeaturedContentRenderer":.*?videoId":"([^"]*)]]></expres>
<page>https://www.youtube.com/@SantaAnitaParkLive/featured</page>
</regex>
</item>

<item>
<title>Gulfstream Park - Florida</title>
<thumbnail>https://yt3.ggpht.com/ytc/AKedOLR9X-fWw0KWtbWWPj0QjD7B4HwLlMSI4VbS0_3Dvw=s88-c-k-c0x00ffffff-no-rj</thumbnail>
<fanart></fanart>
<urlsolve>https://www.youtube.com//watch?v=$doregex[getUrl]</urlsolve>
<regex>
<name>getUrl</name>
<expres>$pyFunction: '$doregex[featured]' if not '$doregex[featured]'=='' else '$doregex[video]' if not '$doregex[video]'=='' else '$doregex[lastlive]' if not '$doregex[lastlive]'=='' else '$doregex[lastvideo]'</expres>
<page></page>
</regex>
<regex>
<name>featured</name>
<expres><![CDATA[channelFeaturedContentRenderer":.*?videoId":"([^"]*)]]></expres>
<page>https://www.youtube.com/@GulfstreamParkRacing/featured</page>
</regex>
<regex>
<name>video</name>
<expres><![CDATA[channelVideoPlayerRenderer":.*?videoId":"([^"]*)]]></expres>
<page>https://www.youtube.com/@GulfstreamParkRacing/featured</page>
</regex>
<regex>
<name>lastlive</name>
<expres><![CDATA["\/watch\?v=([^"]+)]]></expres>
<page>https://www.youtube.com/@GulfstreamParkRacing/streams</page>
</regex>
<regex>
<name>lastvideo</name>
<expres><![CDATA["\/watch\?v=([^"]+)]]></expres>
<page>https://www.youtube.com/@GulfstreamParkRacing/videos</page>
</regex>
</item>

<item>
<title>Gulfstream Park - Florida NEW</title>
<thumbnail>https://yt3.ggpht.com/ytc/AKedOLR9X-fWw0KWtbWWPj0QjD7B4HwLlMSI4VbS0_3Dvw=s88-c-k-c0x00ffffff-no-rj</thumbnail>
<fanart></fanart>
<urlsolve>https://www.youtube.com//watch?v=$doregex[getUrl]</urlsolve>
<regex>
<name>getUrl</name>
<expres>$pyFunction: '$doregex[featured]'</expres>
<page></page>
</regex>
<regex>
<name>featured</name>
<expres><![CDATA[channelFeaturedContentRenderer":.*?videoId":"([^"]*)]]></expres>
<page>https://www.youtube.com/@GulfstreamParkRacing/featured</page>
</regex>
</item>

<item>
<title>MGM Northfield Park - Ohio</title>
<thumbnail>https://yt3.ggpht.com/ytc/AKedOLR6Dlv0Im_fX1e6qlp1b_nLZAO3nTsGfvmlWyQF=s88-c-k-c0x00ffffff-no-rj</thumbnail>
<fanart></fanart>
<urlsolve>https://www.youtube.com//watch?v=$doregex[getUrl]</urlsolve>
<regex>
<name>getUrl</name>
<expres>$pyFunction: '$doregex[featured]' if not '$doregex[featured]'=='' else '$doregex[video]' if not '$doregex[video]'=='' else '$doregex[lastlive]' if not '$doregex[lastlive]'=='' else '$doregex[lastvideo]'</expres>
<page></page>
</regex>
<regex>
<name>featured</name>
<expres><![CDATA[channelFeaturedContentRenderer":.*?videoId":"([^"]*)]]></expres>
<page>https://www.youtube.com/channel/UCP0zN1Eq47UKZ3bIL6t_Ypg/featured</page>
</regex>
<regex>
<name>video</name>
<expres><![CDATA[channelVideoPlayerRenderer":.*?videoId":"([^"]*)]]></expres>
<page>https://www.youtube.com/channel/UCP0zN1Eq47UKZ3bIL6t_Ypg/featured</page>
</regex>
<regex>
<name>lastlive</name>
<expres><![CDATA["\/watch\?v=([^"]+)]]></expres>
<page>https://www.youtube.com/channel/UCP0zN1Eq47UKZ3bIL6t_Ypg/streams</page>
</regex>
<regex>
<name>lastvideo</name>
<expres><![CDATA["\/watch\?v=([^"]+)]]></expres>
<page>https://www.youtube.com/channel/UCP0zN1Eq47UKZ3bIL6t_Ypg/videos</page>
</regex>
</item>

<item>
<title>MGM Northfield Park - Ohio NEW</title>
<thumbnail>https://yt3.ggpht.com/ytc/AKedOLR6Dlv0Im_fX1e6qlp1b_nLZAO3nTsGfvmlWyQF=s88-c-k-c0x00ffffff-no-rj</thumbnail>
<fanart></fanart>
<urlsolve>https://www.youtube.com//watch?v=$doregex[getUrl]</urlsolve>
<regex>
<name>getUrl</name>
<expres>$pyFunction: '$doregex[featured]'</expres>
<page></page>
</regex>
<regex>
<name>featured</name>
<expres><![CDATA[channelFeaturedContentRenderer":.*?videoId":"([^"]*)]]></expres>
<page>https://www.youtube.com/channel/UCP0zN1Eq47UKZ3bIL6t_Ypg/featured</page>
</regex>
</item>

<item>
<title>Del Mar Racing - California</title>
<thumbnail>https://yt3.ggpht.com/azS77_o0r2h31A-eW1gvT0cJDKF-w_V-yxor1PIu0xOTnATFiHN4Wi2cVIDFCqA6ztJI156bwg=s88-c-k-c0x00ffffff-no-rj</thumbnail>
<fanart></fanart>
<urlsolve>https://www.youtube.com//watch?v=$doregex[getUrl]</urlsolve>
<regex>
<name>getUrl</name>
<expres>$pyFunction: '$doregex[featured]' if not '$doregex[featured]'=='' else '$doregex[video]' if not '$doregex[video]'=='' else '$doregex[lastlive]' if not '$doregex[lastlive]'=='' else '$doregex[lastvideo]'</expres>
<page></page>
</regex>
<regex>
<name>featured</name>
<expres><![CDATA[channelFeaturedContentRenderer":.*?videoId":"([^"]*)]]></expres>
<page>https://www.youtube.com/@DelMarRacing/featured</page>
</regex>
<regex>
<name>video</name>
<expres><![CDATA[channelVideoPlayerRenderer":.*?videoId":"([^"]*)]]></expres>
<page>https://www.youtube.com/@DelMarRacing/featured</page>
</regex>
<regex>
<name>lastlive</name>
<expres><![CDATA["\/watch\?v=([^"]+)]]></expres>
<page>https://www.youtube.com/@DelMarRacing/streams</page>
</regex>
<regex>
<name>lastvideo</name>
<expres><![CDATA["\/watch\?v=([^"]+)]]></expres>
<page>https://www.youtube.com/@DelMarRacing/videos</page>
</regex>
</item>

<item>
<title>Del Mar Racing - California NEW</title>
<thumbnail>https://yt3.ggpht.com/azS77_o0r2h31A-eW1gvT0cJDKF-w_V-yxor1PIu0xOTnATFiHN4Wi2cVIDFCqA6ztJI156bwg=s88-c-k-c0x00ffffff-no-rj</thumbnail>
<fanart></fanart>
<urlsolve>https://www.youtube.com//watch?v=$doregex[getUrl]</urlsolve>
<regex>
<name>getUrl</name>
<expres>$pyFunction: '$doregex[featured]'</expres>
<page></page>
</regex>
<regex>
<name>featured</name>
<expres><![CDATA[channelFeaturedContentRenderer":.*?videoId":"([^"]*)]]></expres>
<page>https://www.youtube.com/@DelMarRacing/featured</page>
</regex>
</item>

<item>
<title>Americas Best Racing - Various</title>
<thumbnail>https://yt3.ggpht.com/qshtbjBpAUdikJ8TiHyj5Vn8brOB-dtFQOLqQIwjxvgv2ZyDmbX4nNNlXKdDkM8culOFMg2Omg=s88-c-k-c0x00ffffff-no-rj</thumbnail>
<fanart></fanart>
<urlsolve>https://www.youtube.com//watch?v=$doregex[getUrl]</urlsolve>
<regex>
<name>getUrl</name>
<expres>$pyFunction: '$doregex[featured]' if not '$doregex[featured]'=='' else '$doregex[video]' if not '$doregex[video]'=='' else '$doregex[lastlive]' if not '$doregex[lastlive]'=='' else '$doregex[lastvideo]'</expres>
<page></page>
</regex>
<regex>
<name>featured</name>
<expres><![CDATA[channelFeaturedContentRenderer":.*?videoId":"([^"]*)]]></expres>
<page>https://www.youtube.com/@AmericasBestRacing/featured</page>
</regex>
<regex>
<name>video</name>
<expres><![CDATA[channelVideoPlayerRenderer":.*?videoId":"([^"]*)]]></expres>
<page>https://www.youtube.com/@AmericasBestRacing/featured</page>
</regex>
<regex>
<name>lastlive</name>
<expres><![CDATA["\/watch\?v=([^"]+)]]></expres>
<page>https://www.youtube.com/@AmericasBestRacing/streams</page>
</regex>
<regex>
<name>lastvideo</name>
<expres><![CDATA["\/watch\?v=([^"]+)]]></expres>
<page>https://www.youtube.com/@AmericasBestRacing/videos</page>
</regex>
</item>

<item>
<title>Americas Best Racing - Various NEW</title>
<thumbnail>https://yt3.ggpht.com/qshtbjBpAUdikJ8TiHyj5Vn8brOB-dtFQOLqQIwjxvgv2ZyDmbX4nNNlXKdDkM8culOFMg2Omg=s88-c-k-c0x00ffffff-no-rj</thumbnail>
<fanart></fanart>
<urlsolve>https://www.youtube.com//watch?v=$doregex[getUrl]</urlsolve>
<regex>
<name>getUrl</name>
<expres>$pyFunction: '$doregex[featured]'</expres>
<page></page>
</regex>
<regex>
<name>featured</name>
<expres><![CDATA[channelFeaturedContentRenderer":.*?videoId":"([^"]*)]]></expres>
<page>https://www.youtube.com/@AmericasBestRacing/featured</page>
</regex>
</item>

<item>
<title>Twinspires</title>
<thumbnail>https://yt3.ggpht.com/uyHoBLLIAP5vT0J6kuOp-QPW9AhxhHMc5ewFSdSXKtlqIOV7xqHbHA232UmVOkxZ5_ypuC0hxQ=s88-c-k-c0x00ffffff-no-rj</thumbnail>
<fanart></fanart>
<urlsolve>https://www.youtube.com//watch?v=$doregex[getUrl]</urlsolve>
<regex>
<name>getUrl</name>
<expres>$pyFunction: '$doregex[featured]' if not '$doregex[featured]'=='' else '$doregex[video]' if not '$doregex[video]'=='' else '$doregex[lastlive]' if not '$doregex[lastlive]'=='' else '$doregex[lastvideo]'</expres>
<page></page>
</regex>
<regex>
<name>featured</name>
<expres><![CDATA[channelFeaturedContentRenderer":.*?videoId":"([^"]*)]]></expres>
<page>https://www.youtube.com/@twinspires/featured</page>
</regex>
<regex>
<name>video</name>
<expres><![CDATA[channelVideoPlayerRenderer":.*?videoId":"([^"]*)]]></expres>
<page>https://www.youtube.com/@twinspires/featured</page>
</regex>
<regex>
<name>lastlive</name>
<expres><![CDATA["\/watch\?v=([^"]+)]]></expres>
<page>https://www.youtube.com/@twinspires/streams</page>
</regex>
<regex>
<name>lastvideo</name>
<expres><![CDATA["\/watch\?v=([^"]+)]]></expres>
<page>https://www.youtube.com/@twinspires/videos</page>
</regex>
</item>

<item>
<title>Twinspires NEW</title>
<thumbnail>https://yt3.ggpht.com/uyHoBLLIAP5vT0J6kuOp-QPW9AhxhHMc5ewFSdSXKtlqIOV7xqHbHA232UmVOkxZ5_ypuC0hxQ=s88-c-k-c0x00ffffff-no-rj</thumbnail>
<fanart></fanart>
<urlsolve>https://www.youtube.com//watch?v=$doregex[getUrl]</urlsolve>
<regex>
<name>getUrl</name>
<expres>$pyFunction: '$doregex[featured]'</expres>
<page></page>
</regex>
<regex>
<name>featured</name>
<expres><![CDATA[channelFeaturedContentRenderer":.*?videoId":"([^"]*)]]></expres>
<page>https://www.youtube.com/@twinspires/featured</page>
</regex>
</item>

<item>
<title>Red Mile Racetrack - Kentucky</title>
<thumbnail>https://yt3.ggpht.com/ytc/AKedOLTAZvlfOryG2pM-Td5HX1oZRYWULAmm8Lq9dIFJdw=s88-c-k-c0x00ffffff-no-rj</thumbnail>
<fanart></fanart>
<urlsolve>https://www.youtube.com//watch?v=$doregex[getUrl]</urlsolve>
<regex>
<name>getUrl</name>
<expres>$pyFunction: '$doregex[featured]' if not '$doregex[featured]'=='' else '$doregex[video]' if not '$doregex[video]'=='' else '$doregex[lastlive]' if not '$doregex[lastlive]'=='' else '$doregex[lastvideo]'</expres>
<page></page>
</regex>
<regex>
<name>featured</name>
<expres><![CDATA[channelFeaturedContentRenderer":.*?videoId":"([^"]*)]]></expres>
<page>https://www.youtube.com/@TheRedMileRacetrack/featured</page>
</regex>
<regex>
<name>video</name>
<expres><![CDATA[channelVideoPlayerRenderer":.*?videoId":"([^"]*)]]></expres>
<page>https://www.youtube.com/@TheRedMileRacetrack/featured</page>
</regex>
<regex>
<name>lastlive</name>
<expres><![CDATA["\/watch\?v=([^"]+)]]></expres>
<page>https://www.youtube.com/@TheRedMileRacetrack/streams</page>
</regex>
<regex>
<name>lastvideo</name>
<expres><![CDATA["\/watch\?v=([^"]+)]]></expres>
<page>https://www.youtube.com/@TheRedMileRacetrack/videos</page>
</regex>
</item>

<item>
<title>Red Mile Racetrack - Kentucky NEW</title>
<thumbnail>https://yt3.ggpht.com/ytc/AKedOLTAZvlfOryG2pM-Td5HX1oZRYWULAmm8Lq9dIFJdw=s88-c-k-c0x00ffffff-no-rj</thumbnail>
<fanart></fanart>
<urlsolve>https://www.youtube.com//watch?v=$doregex[getUrl]</urlsolve>
<regex>
<name>getUrl</name>
<expres>$pyFunction: '$doregex[featured]'</expres>
<page></page>
</regex>
<regex>
<name>featured</name>
<expres><![CDATA[channelFeaturedContentRenderer":.*?videoId":"([^"]*)]]></expres>
<page>https://www.youtube.com/@TheRedMileRacetrack/featured</page>
</regex>
</item>

<item>
<title>Maryland Racing</title>
<thumbnail>https://yt3.googleusercontent.com/ytc/AGIKgqMFY7yFEEHyd37MQR7TY04o3zWkkguOoOoslsbe=s176-c-k-c0x00ffffff-no-rj</thumbnail>
<fanart></fanart>
<urlsolve>https://www.youtube.com//watch?v=$doregex[getUrl]</urlsolve>
<regex>
<name>getUrl</name>
<expres>$pyFunction: '$doregex[featured]' if not '$doregex[featured]'=='' else '$doregex[video]' if not '$doregex[video]'=='' else '$doregex[lastlive]' if not '$doregex[lastlive]'=='' else '$doregex[lastvideo]'</expres>
<page></page>
</regex>
<regex>
<name>featured</name>
<expres><![CDATA[channelFeaturedContentRenderer":.*?videoId":"([^"]*)]]></expres>
<page>https://www.youtube.com/@MarylandRacing/featured</page>
</regex>
<regex>
<name>video</name>
<expres><![CDATA[channelVideoPlayerRenderer":.*?videoId":"([^"]*)]]></expres>
<page>https://www.youtube.com/@MarylandRacing/featured</page>
</regex>
<regex>
<name>lastlive</name>
<expres><![CDATA["\/watch\?v=([^"]+)]]></expres>
<page>https://www.youtube.com/@MarylandRacing/streams</page>
</regex>
<regex>
<name>lastvideo</name>
<expres><![CDATA["\/watch\?v=([^"]+)]]></expres>
<page>https://www.youtube.com/@MarylandRacing/videos</page>
</regex>
</item>

<item>
<title>Maryland Racing NEW</title>
<thumbnail>https://yt3.googleusercontent.com/ytc/AGIKgqMFY7yFEEHyd37MQR7TY04o3zWkkguOoOoslsbe=s176-c-k-c0x00ffffff-no-rj</thumbnail>
<fanart></fanart>
<urlsolve>https://www.youtube.com//watch?v=$doregex[getUrl]</urlsolve>
<regex>
<name>getUrl</name>
<expres>$pyFunction: '$doregex[featured]'</expres>
<page></page>
</regex>
<regex>
<name>featured</name>
<expres><![CDATA[channelFeaturedContentRenderer":.*?videoId":"([^"]*)]]></expres>
<page>https://www.youtube.com/@MarylandRacing/featured</page>
</regex>
</item>

<item>
<title>Flemington Racecourse AU</title>
<thumbnail>https://yt3.googleusercontent.com/897jHCEv3ofwEJFl60GJy3YEBQziH19J8dWdGAWRzbwMUpNKqfqfklgUxb7B-LvCrSSSPIfLIt8=s176-c-k-c0x00ffffff-no-rj</thumbnail>
<fanart></fanart>
<urlsolve>https://www.youtube.com//watch?v=$doregex[getUrl]</urlsolve>
<regex>
<name>getUrl</name>
<expres>$pyFunction: '$doregex[featured]' if not '$doregex[featured]'=='' else '$doregex[video]' if not '$doregex[video]'=='' else '$doregex[lastlive]' if not '$doregex[lastlive]'=='' else '$doregex[lastvideo]'</expres>
<page></page>
</regex>
<regex>
<name>featured</name>
<expres><![CDATA[channelFeaturedContentRenderer":.*?videoId":"([^"]*)]]></expres>
<page>https://www.youtube.com/@flemingtonracecourse/featured</page>
</regex>
<regex>
<name>video</name>
<expres><![CDATA[channelVideoPlayerRenderer":.*?videoId":"([^"]*)]]></expres>
<page>https://www.youtube.com/@flemingtonracecourse/featured</page>
</regex>
<regex>
<name>lastlive</name>
<expres><![CDATA["\/watch\?v=([^"]+)]]></expres>
<page>https://www.youtube.com/@flemingtonracecourse/streams</page>
</regex>
<regex>
<name>lastvideo</name>
<expres><![CDATA["\/watch\?v=([^"]+)]]></expres>
<page>https://www.youtube.com/@flemingtonracecourse/videos</page>
</regex>
</item>

<item>
<title>Flemington Racecourse AU NEW</title>
<thumbnail>https://yt3.googleusercontent.com/897jHCEv3ofwEJFl60GJy3YEBQziH19J8dWdGAWRzbwMUpNKqfqfklgUxb7B-LvCrSSSPIfLIt8=s176-c-k-c0x00ffffff-no-rj</thumbnail>
<fanart></fanart>
<urlsolve>https://www.youtube.com//watch?v=$doregex[getUrl]</urlsolve>
<regex>
<name>getUrl</name>
<expres>$pyFunction: '$doregex[featured]'</expres>
<page></page>
</regex>
<regex>
<name>featured</name>
<expres><![CDATA[channelFeaturedContentRenderer":.*?videoId":"([^"]*)]]></expres>
<page>https://www.youtube.com/@flemingtonracecourse/featured</page>
</regex>
</item>

<item>
<title>Churchill Downs</title>
<thumbnail>https://yt3.googleusercontent.com/ytc/AGIKgqOLeIfX-4lYhQVgRj0JsD9OanSXQ1JgdUJVX-Um=s176-c-k-c0x00ffffff-no-rj</thumbnail>
<fanart></fanart>
<urlsolve>https://www.youtube.com//watch?v=$doregex[getUrl]</urlsolve>
<regex>
<name>getUrl</name>
<expres>$pyFunction: '$doregex[featured]' if not '$doregex[featured]'=='' else '$doregex[video]' if not '$doregex[video]'=='' else '$doregex[lastlive]' if not '$doregex[lastlive]'=='' else '$doregex[lastvideo]'</expres>
<page></page>
</regex>
<regex>
<name>featured</name>
<expres><![CDATA[channelFeaturedContentRenderer":.*?videoId":"([^"]*)]]></expres>
<page>https://www.youtube.com/@churchilldowns/featured</page>
</regex>
<regex>
<name>video</name>
<expres><![CDATA[channelVideoPlayerRenderer":.*?videoId":"([^"]*)]]></expres>
<page>https://www.youtube.com/@churchilldowns/featured</page>
</regex>
<regex>
<name>lastlive</name>
<expres><![CDATA["\/watch\?v=([^"]+)]]></expres>
<page>https://www.youtube.com/@churchilldowns/streams</page>
</regex>
<regex>
<name>lastvideo</name>
<expres><![CDATA["\/watch\?v=([^"]+)]]></expres>
<page>https://www.youtube.com/@churchilldowns/videos</page>
</regex>
</item>

<item>
<title>Churchill Downs NEW</title>
<thumbnail>https://yt3.googleusercontent.com/ytc/AGIKgqOLeIfX-4lYhQVgRj0JsD9OanSXQ1JgdUJVX-Um=s176-c-k-c0x00ffffff-no-rj</thumbnail>
<fanart></fanart>
<urlsolve>https://www.youtube.com//watch?v=$doregex[getUrl]</urlsolve>
<regex>
<name>getUrl</name>
<expres>$pyFunction: '$doregex[featured]'</expres>
<page></page>
</regex>
<regex>
<name>featured</name>
<expres><![CDATA[channelFeaturedContentRenderer":.*?videoId":"([^"]*)]]></expres>
<page>https://www.youtube.com/@churchilldowns/featured</page>
</regex>
</item>

</items>