<keymap>
  <Global>
    <keyboard>
      <rewind>PageUp</rewind>
      <fastforward>PageDown</fastforward>
    </keyboard>
  </Global>
  <SlideShow>
    <keyboard>
      <return>Select</return>
      <enter>Select</enter>
    </keyboard>
    <remote>
      <select>Select</select>
    </remote>
  </SlideShow>
  <visualisation>
    <keyboard>
      <up>volumeup</up>
      <down>volumedown</down>
      <down mod="longpress">Mute</down>
    </keyboard>
  </visualisation>
  <musicosd>
    <keyboard>
      <up>volumeup</up>
      <down>volumedown</down>
      <down mod="longpress">Mute</down>
    </keyboard>
  </musicosd>
  <FullscreenVideo>
    <keyboard>
      <up>volumeup</up>
      <down>volumedown</down>
      <down mod="longpress">Mute</down>
      <menu mod="longpress">RunAddon(script.module.youtube.dl)</menu>
      <menu>Back</menu>
    </keyboard>
  </FullscreenVideo>  
  <videoosd>
    <keyboard>
      <up>Up</up>
      <down>Down</down>
    </keyboard>
  </videoosd>
  <FullscreenLiveTV>
    <keyboard>
      <up>VolumeUp</up>
      <down>VolumeDown</down>
      <down mod="longpress">Mute</down>
      <left>ChannelDown</left>
      <right>ChannelUp</right>
      <rewind>Number0</rewind>
      <fastforward>Number0</fastforward>
      <menu mod="longpress">ActivateWindow(pvrchannelguide)</menu>
      <menu>ActivateWindow(pvrosdchannels)</menu>
      <play_pause>ActivateWindow(pvrchannelguide)</play_pause>
    </keyboard>
  </FullscreenLiveTV>
  <pvrosdchannels>
    <keyboard>
      <menu>ActivateWindow(pvrchannelguide)</menu>
    </keyboard>
  </pvrosdchannels>
  <FullscreenRadio>
    <keyboard>
      <up>VolumeUp</up>
      <down>VolumeDown</down>
      <down mod="longpress">Mute</down>
      <left>ChannelDown</left>
      <right>ChannelUp</right>
      <rewind>Number0</rewind>
      <fastforward>Number0</fastforward>
      <menu>ActivateWindow(pvrosdchannels)</menu>
      <menu mod="longpress">RunAddon(script.module.youtube.dl)</menu>
    </keyboard>
  </FullscreenRadio>
  <TVGuide>
    <keyboard>
      <menu>SendClick(28)</menu>
      <rewind>PageUp</rewind>
      <fastforward>PageDown</fastforward>
      <play_pause>ActivateWindow(tvsearch)</play_pause>
      <menu mod="longpress">ActivateWindow(pvrchannelguide)</menu>
    </keyboard>
  </TVGuide>
  <VideoOSD>
    <keyboard>
      <down mod="longpress">Mute</down>
    </keyboard>
  </VideoOSD>
  <Home>
    <keyboard>
      <backspace>Stop</backspace>
      <backspace mod="longpress">ActivateWindow(favourites)</backspace>
      <menu>ActivateWindow(TVGuide)</menu>
      <menu mod="longpress">ActivateWindow(addonbrowser)</menu>
      <rewind mod="longpress">ActivateWindow(10025,&quot;plugin://plugin.video.uwc/?channel=None&amp;keyword&amp;mode=221&amp;name=%5bCOLOR%20hotpink%5dFemale%5b%2fCOLOR%5d&amp;page&amp;section=None&amp;url=https%3a%2f%2fchaturbate.com%2ffemale-cams%2f%3fpage%3d1&quot;,return)</rewind>
      <play_pause>Fullscreen</play_pause>
      <play_pause mod="longpress">ActivateWindow(10025,&quot;plugin://plugin.program.super.favourites/?content_type&amp;fanart=special%3a%2f%2fhome%2faddons%2fplugin.video.videodevil%2ffanart.jpg&amp;image=special%3a%2f%2fhome%2faddons%2fplugin.video.videodevil%2ficon.png&amp;label=misc&amp;mode=400&amp;path=special%3a%2f%2fprofile%2faddon_data%2fplugin.program.super.favourites%2fSuper%20Favourites%2fANDROID%2fmisc&quot;,return)</play_pause>
      <fastforward mod="longpress">ActivateWindow(Programs,&quot;pvr://channels/tv/Adult TV/&quot;,return)</fastforward>
    </keyboard>
  </Home>
</keymap>