<?xml version="1.0" encoding="UTF-8"?>
<items>

<item>
<title>WPDE Weather</title>
<thumbnail>https://yt3.ggpht.com/-c_qMPBpxrhg/AAAAAAAAAAI/AAAAAAAAAAA/XxUteOHOKLM/s900-c-k-no/photo.jpg</thumbnail>
<fanart></fanart>
<link>$doregex[makelist]</link>
<regex>
<name>makelist</name>
<expres><![CDATA["embedUrl": "[^=]*=([^"]*)]]></expres>
<page>https://wpde.com/weather</page>
</regex>
</item>

<item>
<title>WRGB Weather</title>
<thumbnail>https://lh3.googleusercontent.com/siKcQFpccfv6nRptFrAZjlJ9wyFkn7ZIDczeEpXV6-HjuUG-P1YlraQUK9ZLjyuZCSY</thumbnail>
<fanart></fanart>
<link>$doregex[makelist]</link>
<regex>
<name>makelist</name>
<expres><![CDATA["embedUrl": "[^=]*=([^"]*)]]></expres>
<page>https://cbs6albany.com/weather</page>
</regex>
</item>

<item>
<title>Charleston WCIV ABC4</title>
<thumbnail>https://static-newson.akamaized.net/icons/v3/sinclair/WCIV.png</thumbnail>
<fanart></fanart>
<link>$doregex[makelist]</link>
<regex>
<name>makelist</name>
<expres><![CDATA["embedUrl": "[^=]*=([^"]*)]]></expres>
<page>https://abcnews4.com/weather</page>
</regex>
</item>

<item>
<title>New York NBC4</title>
<thumbnail>https://media.nbcnewyork.com/2019/09/New_York_On_Dark@3x-5.png</thumbnail>
<fanart></fanart>
<link>$doregex[makelist]</link>
<regex>
<name>makelist</name>
<expres><![CDATA["embedUrl": "[^=]*=([^"]*)]]></expres>
<page>https://www.nbcnewyork.com/weather/</page>
</regex>
</item>

<item>
<title>Tampa Bay</title>
<thumbnail>http://static3.wikia.nocookie.net/__cb20110330062436/logopedia/images/b/b6/Wfts2008.png</thumbnail>
<fanart></fanart>
<link>$doregex[makelist]</link>
<regex>
<name>makelist</name>
<expres><![CDATA["embedUrl": "[^=]*=([^"]*)]]></expres>
<page>https://www.abcactionnews.com/weather</page>
</regex>
</item>

<item>
<title>Miami</title>
<thumbnail>https://upload.wikimedia.org/wikipedia/commons/thumb/3/3f/NBC_logo.svg/567px-NBC_logo.svg.png</thumbnail>
<fanart></fanart>
<link>$doregex[makelist]</link>
<regex>
<name>makelist</name>
<expres><![CDATA["embedUrl": "[^=]*=([^"]*)]]></expres>
<page>https://wsvn.com/weather/</page>
</regex>
</item>

</items>